n,m,Inst,first_rel_error_ArcTimeIndexed,first_rel_error_BddBackward,first_rel_error_BddBackwardCycle,first_rel_error_TimeIndexed,first_size_graph_ArcTimeIndexed,first_size_graph_BddBackward,first_size_graph_BddBackwardCycle,first_size_graph_TimeIndexed,gap_ArcTimeIndexed,gap_BddBackward,gap_BddBackwardCycle,gap_TimeIndexed,global_lower_bound_ArcTimeIndexed,global_lower_bound_BddBackward,global_lower_bound_BddBackwardCycle,global_lower_bound_TimeIndexed,global_lowerbound_root_ArcTimeIndexed,global_lowerbound_root_BddBackward,global_lowerbound_root_BddBackwardCycle,global_lowerbound_root_TimeIndexed,global_upper_bound_ArcTimeIndexed,global_upper_bound_BddBackward,global_upper_bound_BddBackwardCycle,global_upper_bound_TimeIndexed,global_upper_bound_root_ArcTimeIndexed,global_upper_bound_root_BddBackward,global_upper_bound_root_BddBackwardCycle,global_upper_bound_root_TimeIndexed,nb_generated_col_ArcTimeIndexed,nb_generated_col_BddBackward,nb_generated_col_BddBackwardCycle,nb_generated_col_TimeIndexed,nb_generated_col_root_ArcTimeIndexed,nb_generated_col_root_BddBackward,nb_generated_col_root_BddBackwardCycle,nb_generated_col_root_TimeIndexed,nb_nodes_explored_ArcTimeIndexed,nb_nodes_explored_BddBackward,nb_nodes_explored_BddBackwardCycle,nb_nodes_explored_TimeIndexed,opt_ArcTimeIndexed,opt_BddBackward,opt_BddBackwardCycle,opt_TimeIndexed,reduction_ArcTimeIndexed,reduction_BddBackward,reduction_BddBackwardCycle,reduction_TimeIndexed,rel_error_ArcTimeIndexed,rel_error_BddBackward,rel_error_BddBackwardCycle,rel_error_TimeIndexed,size_after_reduced_cost_ArcTimeIndexed,size_after_reduced_cost_BddBackward,size_after_reduced_cost_BddBackwardCycle,size_after_reduced_cost_TimeIndexed,tot_bb_ArcTimeIndexed,tot_bb_BddBackward,tot_bb_BddBackwardCycle,tot_bb_TimeIndexed,tot_cputime_ArcTimeIndexed,tot_cputime_BddBackward,tot_cputime_BddBackwardCycle,tot_cputime_TimeIndexed,tot_lb_ArcTimeIndexed,tot_lb_BddBackward,tot_lb_BddBackwardCycle,tot_lb_TimeIndexed,tot_lb_root_ArcTimeIndexed,tot_lb_root_BddBackward,tot_lb_root_BddBackwardCycle,tot_lb_root_TimeIndexed
40,2,1,0.037671233,0.037671233,0.037671233,0.037671233,804941.0,50934.0,50934.0,41175.0,0.037671232231656984,0.037671232231656984,0.037671232231656984,0.037671232231656984,584.0,584.0,584.0,584.0,584.0,584.0,584.0,584.0,606.0,606.0,606.0,606.0,606.0,606.0,606.0,606.0,176.0,219.0,196.0,156.0,176.0,219.0,196.0,156.0,0.0,0.0,0.0,0.0,0.0,0.0,0.0,0.0,0.6867820125938587,0.4452232300536926,0.4454195625624255,0.2895446265867749,0.037671233,0.037671233,0.037671233,0.037671233,252122.0,28257.0,28247.0,29253.0,1.68498,1.15114,0.75029,0.29034,13.3833,13.13235,12.44159,11.88935,1.66815,1.13375,0.73287,0.26301,1.68486,1.15102,0.75017,0.29024
40,2,6,0.00283871,0.00283871,0.00283871,0.00283871,763605.0,54678.0,54678.0,39051.0,0.0028387096700936525,0.0028387096700936525,0.0028387096700936525,0.0028387096700936525,3875.0,3875.0,3875.0,3875.0,3875.0,3875.0,3875.0,3875.0,3886.0,3886.0,3886.0,3886.0,3886.0,3886.0,3886.0,3886.0,248.0,244.0,254.0,249.0,248.0,244.0,254.0,249.0,0.0,0.0,0.0,0.0,0.0,0.0,0.0,0.0,0.8309728197159121,0.7404623431592147,0.7395296097015339,0.5933010678191775,0.00283871,0.00283871,0.00283871,0.00283871,129070.0,14191.0,14242.0,15882.0,2.0057,1.24848,0.92053,0.31204,17.21422,16.71478,16.20379,18.95654,1.98884,1.23081,0.90317,0.29473,2.00559,1.24836,0.92042,0.31197
40,2,11,0.002606339,0.002606339,0.002606339,0.002606339,776983.0,53120.0,53120.0,39736.0,0.002606338612795727,0.002606338612795727,0.002606338612795727,0.002606338612795727,9592.0,9592.0,9592.0,9592.0,9592.0,9592.0,9592.0,9592.0,9617.0,9617.0,9617.0,9617.0,9617.0,9617.0,9617.0,9617.0,253.0,271.0,239.0,250.0,253.0,271.0,239.0,250.0,0.0,0.0,0.0,0.0,0.0,0.0,0.0,0.0,0.8824054065521608,0.7944277108284181,0.790982680708001,0.7344221864119583,0.002606339,0.002606339,0.002606339,0.002606339,91369.0,10920.0,11103.0,10553.0,1.83,1.52347,1.02461,0.51112,17.55939,17.29134,16.98655,24.23243,1.81257,1.50546,1.0065,0.48268,1.82987,1.52335,1.02419,0.511
40,2,16,0.002037724,0.002221003,0.002063903,0.002273381,795428.0,57228.0,57228.0,40684.0,0.002037724018486409,0.002221002847529199,0.0020639026041581357,0.0022733805424041964,38278.0,38271.0,38277.0,38269.0,38278.0,38271.0,38277.0,38269.0,38356.0,38356.0,38356.0,38356.0,38356.0,38356.0,38356.0,38356.0,334.0,317.0,369.0,370.0,334.0,317.0,369.0,370.0,0.0,0.0,0.0,0.0,0.0,0.0,0.0,0.0,0.9254049392265228,0.8108618158801485,0.8192143705735092,0.8185281683015798,0.002037724,0.002221003,0.002063903,0.002273381,59335.0,10824.0,10346.0,7383.0,2.16752,1.85418,1.8066,1.18818,23.47397,20.24814,19.94637,26.41733,2.14971,1.83612,1.78895,1.16016,2.16739,1.85406,1.8065,1.18807
40,2,21,0.0,0.0,0.0,0.0,711775.0,40900.0,40900.0,36392.0,0.0,0.0,0.0,0.0,41048.0,41048.0,41048.0,41048.0,41048.0,41048.0,41048.0,41048.0,41048.0,41048.0,41048.0,41048.0,41048.0,41048.0,41048.0,41048.0,386.0,461.0,499.0,390.0,386.0,461.0,499.0,390.0,0.0,0.0,0.0,0.0,1.0,1.0,1.0,1.0,0.9475297671301359,0.9999999999755501,0.9999999999755501,0.9116838865434248,0.0,0.0,0.0,0.0,37347.0,0.0,0.0,3214.0,1.8605,2.14299,1.62239,0.80899,21.42764,16.32409,15.90227,25.22096,1.83534,2.12333,1.60298,0.78164,1.85274,2.14058,1.6203,0.8082
40,2,26,0.060975609,0.0,0.0,0.060975609,823626.0,59514.0,59514.0,42129.0,0.0609756023200485,0.0,0.0,0.0609756023200485,82.0,87.0,87.0,82.0,82.0,87.0,87.0,82.0,87.0,87.0,87.0,87.0,87.0,87.0,87.0,87.0,149.0,142.0,152.0,130.0,149.0,142.0,152.0,130.0,0.0,0.0,0.0,0.0,0.0,1.0,1.0,0.0,0.6192228025819738,0.9999999999831972,0.9999999999831972,0.2173087421914285,0.060975609,0.0,0.0,0.060975609,313618.0,0.0,0.0,32974.0,1.98781,0.85914,0.6577,0.15325,12.27768,10.99838,11.10145,15.00051,1.97031,0.83938,0.63659,0.13609,1.9877,0.85649,0.65445,0.15318
40,2,31,0.014369345,0.01463934,0.014369345,0.01626233,888093.0,68310.0,68310.0,45435.0,0.01436934535825081,0.014639339859889964,0.01436934535825081,0.016262330001966595,3758.0,3757.0,3758.0,3751.0,3758.0,3757.0,3758.0,3751.0,3812.0,3812.0,3812.0,3812.0,3812.0,3812.0,3812.0,3812.0,234.0,224.0,254.0,234.0,234.0,224.0,254.0,234.0,0.0,0.0,0.0,0.0,0.0,0.0,0.0,0.0,0.78498648227068,0.6742204655149434,0.7041282389005399,0.560889182336065,0.014369345,0.01463934,0.014369345,0.01626233,190952.0,22254.0,20211.0,19951.0,2.3089,1.45902,1.26952,0.51932,20.11624,19.58412,18.86181,20.44224,2.29139,1.44168,1.25184,0.49196,2.30879,1.45891,1.2694,0.51923
40,2,36,0.004783343,0.005160443,0.004971857,0.005160443,784353.0,63192.0,63192.0,40115.0,0.0047833427079503445,0.005160442854981758,0.00497185740621777,0.005160442854981758,10662.0,10658.0,10660.0,10658.0,10662.0,10658.0,10660.0,10658.0,10713.0,10713.0,10713.0,10713.0,10713.0,10713.0,10713.0,10713.0,312.0,324.0,329.0,339.0,312.0,324.0,329.0,339.0,0.0,0.0,0.0,0.0,0.0,0.0,0.0,0.0,0.9218247396249879,0.8389986074053836,0.8426699582092247,0.8192446715488161,0.004783343,0.005160443,0.004971857,0.005160443,61317.0,10174.0,9942.0,7251.0,2.31288,1.70915,1.45374,0.9436,26.01525,25.61961,25.3409,27.67339,2.2951,1.69091,1.43575,0.91748,2.31276,1.70903,1.45363,0.94349
40,2,41,3.25e-05,0.000129879,0.0,0.000129879,803579.0,61714.0,61714.0,41102.0,3.246647835055145e-05,0.00012987856350091611,0.0,0.00012987856350091611,30801.0,30798.0,30802.0,30798.0,30801.0,30798.0,30802.0,30798.0,30802.0,30802.0,30802.0,30802.0,30802.0,30802.0,30802.0,30802.0,432.0,411.0,512.0,479.0,432.0,411.0,512.0,479.0,0.0,0.0,0.0,0.0,0.0,0.0,1.0,0.0,0.9468776560849066,0.9759859999193702,0.9999999999837962,0.9437496958555849,3.25e-05,0.000129879,0.0,0.000129879,42688.0,1482.0,0.0,2312.0,3.71052,3.03801,2.41096,1.02043,33.92426,23.68633,23.31906,23.32106,3.69267,3.0202,2.38909,1.00293,3.71039,3.03789,2.4068,1.02032
40,2,46,0.0,0.0,0.0,0.0,582721.0,34756.0,34756.0,29777.0,0.0,0.0,0.0,0.0,34146.0,34146.0,34146.0,34146.0,34146.0,34146.0,34146.0,34146.0,34146.0,34146.0,34146.0,34146.0,34146.0,34146.0,34146.0,34146.0,399.0,530.0,594.0,512.0,399.0,530.0,594.0,512.0,0.0,0.0,0.0,0.0,1.0,1.0,1.0,1.0,0.947559809924565,0.999999999971228,0.999999999971228,0.999999999966417,0.0,0.0,0.0,0.0,30558.0,0.0,0.0,0.0,1.71205,2.06246,1.56234,1.00146,18.95182,17.62036,16.85868,20.60642,1.68822,2.04377,1.5433,0.98378,1.70625,2.06055,1.55997,1.00077
40,2,51,0.0,0.0,0.0,0.0,954703.0,69618.0,69618.0,48853.0,0.0,0.0,0.0,0.0,0.0,0.0,0.0,0.0,0.0,0.0,0.0,0.0,0.0,0.0,0.0,0.0,0.0,0.0,0.0,0.0,1.0,1.0,1.0,1.0,1.0,1.0,1.0,1.0,0.0,0.0,0.0,0.0,1.0,1.0,1.0,1.0,0.9474852388638692,0.999999999985636,0.999999999985636,0.9999999999795304,0.0,0.0,0.0,0.0,50136.0,0.0,0.0,0.0,0.15312,0.05945,0.05174,0.03266,0.31977,0.22414,0.22396,0.04504,0.11106,0.03831,0.0311,0.00518,0.12834,0.05556,0.04812,0.03196
40,2,56,0.005503145,0.005503145,0.005503145,0.005503145,758378.0,62972.0,62972.0,38784.0,0.005503144610824335,0.005503144610824335,0.005503144610824335,0.005503144610824335,1272.0,1272.0,1272.0,1272.0,1272.0,1272.0,1272.0,1272.0,1279.0,1279.0,1279.0,1279.0,1279.0,1279.0,1279.0,1279.0,201.0,195.0,213.0,215.0,201.0,195.0,213.0,215.0,0.0,0.0,0.0,0.0,0.0,0.0,0.0,0.0,0.6852229363184517,0.564187257819917,0.5639808168620343,0.4756600659943363,0.005503145,0.005503145,0.005503145,0.005503145,238720.0,27444.0,27457.0,20336.0,1.96383,1.42261,1.10102,0.26715,21.03898,17.30066,17.13684,17.57194,1.94678,1.40483,1.08348,0.2497,1.96371,1.42234,1.10089,0.26708
40,2,61,0.016097647,0.017267334,0.016457264,0.017717931,768051.0,69558.0,69558.0,39279.0,0.016097647252699764,0.017267333731278374,0.016457264186464995,0.017717930530016007,11306.0,11293.0,11302.0,11288.0,11306.0,11293.0,11302.0,11288.0,11488.0,11488.0,11488.0,11488.0,11488.0,11488.0,11488.0,11488.0,313.0,310.0,344.0,323.0,313.0,310.0,344.0,323.0,0.0,0.0,0.0,0.0,0.0,0.0,0.0,0.0,0.892366522534451,0.7121107564807484,0.717890106088187,0.6858881335908275,0.016097647,0.017267334,0.016457264,0.017717931,82668.0,20025.0,19623.0,12338.0,2.33613,2.33251,1.49184,0.67998,29.64056,27.51054,26.19691,26.95902,2.31871,2.31411,1.47404,0.66195,2.33601,2.33239,1.49172,0.67988
40,2,66,0.004241389,0.004870685,0.004241389,0.005013816,804360.0,68952.0,68952.0,41141.0,0.004241389124895704,0.004870684742830499,0.004241389124895704,0.005013816481493371,35130.0,35108.0,35130.0,35103.0,35130.0,35108.0,35130.0,35103.0,35279.0,35279.0,35279.0,35279.0,35279.0,35279.0,35279.0,35279.0,334.0,373.0,335.0,343.0,334.0,373.0,335.0,343.0,0.0,0.0,0.0,0.0,0.0,0.0,0.0,0.0,0.9077340991584517,0.7523494604833457,0.769303283432398,0.7276925694385724,0.004241389,0.004870685,0.004241389,0.005013816,74215.0,17076.0,15907.0,11203.0,3.42957,3.906,2.81059,0.73975,36.53901,25.41438,24.29197,26.17144,3.40183,3.88867,2.79279,0.72204,3.42944,3.90587,2.81047,0.73968
40,2,71,0.000354647,0.000396387,0.000354647,0.000417258,699058.0,50128.0,50128.0,35743.0,0.00035464691762706853,0.00039638662291190065,0.00035464691762706853,0.00041725778177057957,47935.0,47933.0,47935.0,47932.0,47935.0,47933.0,47935.0,47932.0,47952.0,47952.0,47952.0,47952.0,47952.0,47952.0,47952.0,47952.0,403.0,487.0,444.0,476.0,403.0,487.0,444.0,476.0,0.0,0.0,0.0,0.0,0.0,0.0,0.0,0.0,0.9407531277791817,0.9196656559024963,0.9182492818201754,0.9078700724363408,0.000354647,0.000396387,0.000354647,0.000417258,41417.0,4027.0,4098.0,3293.0,3.09192,2.30311,1.79871,1.13545,31.46612,20.79776,20.17399,30.03952,3.06523,2.28639,1.78196,1.11822,3.09179,2.30299,1.79861,1.13536
40,2,76,0.0,0.0,0.0,0.0,774019.0,62410.0,62410.0,39584.0,0.0,0.0,0.0,0.0,0.0,0.0,0.0,0.0,0.0,0.0,0.0,0.0,0.0,0.0,0.0,0.0,0.0,0.0,0.0,0.0,1.0,1.0,1.0,1.0,1.0,1.0,1.0,1.0,0.0,0.0,0.0,0.0,1.0,1.0,1.0,1.0,0.9475167922222225,0.9999999999839769,0.9999999999839769,0.9999999999747372,0.0,0.0,0.0,0.0,40623.0,0.0,0.0,0.0,0.10595,0.05157,0.04648,0.02052,0.23955,0.192,0.18819,0.02881,0.08039,0.03139,0.02677,0.00267,0.09771,0.04845,0.04387,0.02002
40,2,81,0.266075387,0.270509977,0.266075387,0.266075387,730180.0,66352.0,66352.0,37339.0,0.26607538212693166,0.2705099718290472,0.26607538212693166,0.26607538212693166,451.0,451.0,451.0,451.0,451.0,451.0,451.0,451.0,571.0,573.0,571.0,571.0,571.0,573.0,571.0,571.0,207.0,254.0,268.0,167.0,207.0,254.0,268.0,167.0,0.0,0.0,0.0,0.0,0.0,0.0,0.0,0.0,0.8164616943756109,0.63086267180144,0.6323396431059751,0.5851790353093232,0.266075387,0.270509977,0.266075387,0.266075387,134016.0,24493.0,24395.0,15489.0,2.71024,1.72357,1.41114,0.32417,36.03508,27.69418,24.59286,30.15328,2.68281,1.70593,1.39355,0.30635,2.71011,1.72348,1.41102,0.3241
40,2,86,0.008672448,0.009345794,0.008672448,0.01120214,758959.0,71928.0,71928.0,38818.0,0.008672448284402189,0.009345794376926245,0.008672448284402189,0.011202140091619897,5996.0,5992.0,5996.0,5981.0,5996.0,5992.0,5996.0,5981.0,6048.0,6048.0,6048.0,6048.0,6048.0,6048.0,6048.0,6048.0,352.0,416.0,364.0,360.0,352.0,416.0,364.0,360.0,0.0,0.0,0.0,0.0,0.0,0.0,0.0,0.0,0.9359596499930353,0.8986625514278354,0.8864280947491043,0.8687206965616796,0.008672448,0.009345794,0.008672448,0.01120214,48604.0,7289.0,8169.0,5096.0,4.11866,2.45892,1.48237,0.77676,42.2849,28.10047,27.11222,27.21341,4.09145,2.44134,1.46503,0.75912,4.11852,2.4588,1.48225,0.77668
40,2,91,0.0,0.0,0.0,0.00092127,804240.0,71306.0,71306.0,41138.0,0.0,0.0,0.0,0.000921269816543983,26075.0,26075.0,26075.0,26051.0,26075.0,26075.0,26075.0,26051.0,26075.0,26075.0,26075.0,26075.0,26075.0,26075.0,26075.0,26075.0,468.0,576.0,545.0,376.0,468.0,576.0,545.0,376.0,0.0,0.0,0.0,0.0,1.0,1.0,1.0,0.0,0.9475057196844878,0.999999999985976,0.999999999985976,0.932301035516255,0.0,0.0,0.0,0.00092127,42218.0,0.0,0.0,2785.0,2.84172,2.59298,2.17051,0.84275,26.07118,25.09057,24.67532,26.55169,2.81509,2.57195,2.14996,0.82472,2.8324,2.58936,2.16673,0.84268
40,2,96,9.08e-05,0.000121014,9.08e-05,0.000438816,816997.0,62500.0,62500.0,41788.0,9.075782784892484e-05,0.00012101409812412808,9.075782784892484e-05,0.0004388155007128761,66110.0,66108.0,66110.0,66087.0,66110.0,66108.0,66110.0,66087.0,66116.0,66116.0,66116.0,66116.0,66116.0,66116.0,66116.0,66116.0,446.0,527.0,463.0,410.0,446.0,527.0,463.0,410.0,0.0,0.0,0.0,0.0,0.0,0.0,0.0,0.0,0.9444563443917855,0.9564479999846969,0.9620799999846067,0.891093136764356,9.08e-05,0.000121014,9.08e-05,0.000438816,45379.0,2722.0,2370.0,4551.0,2.73805,3.26074,2.29419,0.93963,20.40941,21.20985,19.86574,26.36612,2.72052,3.24321,2.27698,0.92208,2.73792,3.26063,2.29408,0.93951
40,2,101,0.0,0.0,0.0,0.0,863480.0,74392.0,74392.0,44177.0,0.0,0.0,0.0,0.0,0.0,0.0,0.0,0.0,0.0,0.0,0.0,0.0,0.0,0.0,0.0,0.0,0.0,0.0,0.0,0.0,1.0,1.0,1.0,1.0,1.0,1.0,1.0,1.0,0.0,0.0,0.0,0.0,1.0,1.0,1.0,1.0,0.9474950201499195,0.9999999999865578,0.9999999999865578,0.9999999999773638,0.0,0.0,0.0,0.0,45337.0,0.0,0.0,0.0,0.11589,0.06497,0.06104,0.03165,0.26344,0.24044,0.23456,0.04321,0.08966,0.0446,0.04071,0.00464,0.1067,0.06091,0.05684,0.03108
40,2,106,0.0,0.0,0.0,0.0,841050.0,82078.0,82078.0,43032.0,0.0,0.0,0.0,0.0,0.0,0.0,0.0,0.0,0.0,0.0,0.0,0.0,0.0,0.0,0.0,0.0,0.0,0.0,0.0,0.0,1.0,1.0,1.0,1.0,1.0,1.0,1.0,1.0,0.0,0.0,0.0,0.0,1.0,1.0,1.0,1.0,0.9474918256929463,0.9999999999878165,0.9999999999878165,0.9999999999767615,0.0,0.0,0.0,0.0,44162.0,0.0,0.0,0.0,0.16685,0.06959,0.06534,0.0323,0.3712,0.25271,0.24852,0.04422,0.12817,0.04962,0.04457,0.00446,0.15441,0.06588,0.06067,0.03173
40,2,111,0.002179136,0.003019796,0.002179136,0.003805686,848780.0,85720.0,85720.0,43420.0,0.002179136166855263,0.0030197964416621204,0.002179136166855263,0.003805686140695273,17897.0,17882.0,17897.0,17868.0,17897.0,17882.0,17897.0,17868.0,17936.0,17936.0,17936.0,17936.0,17936.0,17936.0,17936.0,17936.0,392.0,387.0,434.0,355.0,392.0,387.0,434.0,355.0,0.0,0.0,0.0,0.0,0.0,0.0,0.0,0.0,0.9393293904180832,0.9150723285007575,0.9355109659246909,0.8757485029738428,0.002179136,0.003019796,0.002179136,0.003805686,51496.0,7280.0,5528.0,5395.0,4.06925,2.94663,2.18272,0.79791,37.99185,29.67601,29.39135,28.66277,4.05182,2.92919,2.16509,0.78019,4.06914,2.94651,2.1826,0.7978
40,2,116,0.003257582,0.004894344,0.004114268,0.005323903,753231.0,68976.0,68976.0,38519.0,0.003257581632181191,0.0048943443113368765,0.00411426796921508,0.005323903157298448,25786.0,25744.0,25764.0,25733.0,25786.0,25744.0,25764.0,25733.0,25870.0,25870.0,25870.0,25870.0,25870.0,25870.0,25870.0,25870.0,371.0,370.0,372.0,369.0,371.0,370.0,372.0,369.0,0.0,0.0,0.0,0.0,0.0,0.0,0.0,0.0,0.9265351532253365,0.8202418232309755,0.8342032011013367,0.7763701030458638,0.003257582,0.004894344,0.004114268,0.005323903,55336.0,12399.0,11436.0,8614.0,2.45917,2.07914,2.1327,1.071,30.10019,27.18224,27.16809,30.41607,2.44181,2.06207,2.11516,1.05366,2.45905,2.07903,2.13259,1.07092
40,2,121,0.00013952,0.000248062,0.00013952,0.000496247,851083.0,68842.0,68842.0,43536.0,0.00013951974202187052,0.0002480620154654167,0.00013951974202187052,0.0004962471309943169,64507.0,64500.0,64507.0,64484.0,64507.0,64500.0,64507.0,64484.0,64516.0,64516.0,64516.0,64516.0,64516.0,64516.0,64516.0,64516.0,438.0,408.0,478.0,413.0,438.0,408.0,478.0,413.0,0.0,0.0,0.0,0.0,0.0,0.0,0.0,0.0,0.9447210201579109,0.942186455928907,0.9705702913777844,0.8985207644042053,0.00013952,0.000248062,0.00013952,0.000496247,47047.0,3980.0,2026.0,4418.0,2.78048,3.12475,2.6011,0.89121,21.74754,22.40857,21.63794,30.79538,2.76226,3.10692,2.58363,0.87403,2.78034,3.12464,2.60099,0.89116
40,4,1,0.002283105,0.002283105,0.002283105,0.002283105,400188.0,29818.0,29818.0,21455.0,0.002283104970705366,0.002283104970705366,0.002283104970705366,0.002283104970705366,438.0,438.0,438.0,438.0,438.0,438.0,438.0,438.0,439.0,439.0,439.0,439.0,439.0,439.0,439.0,439.0,112.0,173.0,152.0,123.0,112.0,173.0,152.0,123.0,0.0,0.0,0.0,0.0,0.0,0.0,0.0,0.0,0.7655202055015005,0.664833322132107,0.6651686900306805,0.5133069214396034,0.002283105,0.002283105,0.002283105,0.002283105,93836.0,9994.0,9984.0,10442.0,0.86998,0.52413,0.33418,0.13261,26.96592,23.44727,23.42279,23.7019,0.84219,0.50651,0.31654,0.1149,0.86984,0.52402,0.33408,0.13256
40,4,6,0.0,0.00084317,0.00084317,0.0,384303.0,30490.0,30490.0,20571.0,0.0,0.0008431703168500407,0.0008431703168500407,0.0,2374.0,2372.0,2372.0,2374.0,2374.0,2372.0,2372.0,2374.0,2374.0,2374.0,2374.0,2374.0,2374.0,2374.0,2374.0,2374.0,161.0,182.0,179.0,216.0,161.0,182.0,179.0,216.0,0.0,0.0,0.0,0.0,1.0,0.0,0.0,1.0,0.9450069346298493,0.831616923554227,0.8316825188313649,0.9999999999513879,0.0,0.00084317,0.00084317,0.0,21134.0,5134.0,5132.0,0.0,0.71053,0.59964,0.47371,0.26116,26.37785,26.02514,25.80348,31.82674,0.68729,0.58284,0.45712,0.24308,0.70584,0.59953,0.47359,0.2607
40,4,11,0.000348736,0.000348736,0.000348736,0.000348736,390292.0,31252.0,31252.0,20896.0,0.00034873583199871697,0.00034873583199871697,0.00034873583199871697,0.00034873583199871697,5735.0,5735.0,5735.0,5735.0,5735.0,5735.0,5735.0,5735.0,5737.0,5737.0,5737.0,5737.0,5737.0,5737.0,5737.0,5737.0,200.0,217.0,225.0,204.0,200.0,217.0,225.0,204.0,0.0,0.0,0.0,0.0,0.0,0.0,0.0,0.0,0.9069081610668246,0.8798476897197028,0.878375783921721,0.824942572701716,0.000348736,0.000348736,0.000348736,0.000348736,36333.0,3755.0,3801.0,3658.0,0.79943,0.59851,0.45136,0.23874,25.32871,24.18947,24.39158,24.084,0.78218,0.58083,0.43377,0.22093,0.79931,0.59842,0.45126,0.23863
40,4,16,0.000512057,0.000418916,0.000418916,0.000651799,398064.0,34062.0,34062.0,21324.0,0.0005120566052918459,0.0004189164027094971,0.0004189164027094971,0.0006517994316998932,21482.0,21484.0,21484.0,21479.0,21482.0,21484.0,21484.0,21479.0,21493.0,21493.0,21493.0,21493.0,21493.0,21493.0,21493.0,21493.0,194.0,211.0,184.0,312.0,194.0,211.0,184.0,312.0,0.0,0.0,0.0,0.0,0.0,0.0,0.0,0.0,0.9338774669376435,0.9239328283446676,0.926545710735525,0.9102419808239429,0.000512057,0.000418916,0.000418916,0.000651799,26321.0,2591.0,2502.0,1914.0,1.23646,1.38171,0.99144,0.44918,24.93347,23.34389,24.7981,21.98985,1.20692,1.36327,0.97271,0.43227,1.23633,1.3816,0.99133,0.4491
40,4,21,0.0,0.0,0.0,4.39e-05,361208.0,26748.0,26748.0,19312.0,0.0,0.0,0.0,4.387504385579368e-05,22793.0,22793.0,22793.0,22792.0,22793.0,22793.0,22793.0,22792.0,22793.0,22793.0,22793.0,22793.0,22793.0,22793.0,22793.0,22793.0,270.0,314.0,348.0,372.0,270.0,314.0,348.0,372.0,0.0,0.0,0.0,0.0,1.0,1.0,1.0,0.0,0.9450731988191151,0.999999999962614,0.999999999962614,0.9822390223186496,0.0,0.0,0.0,4.39e-05,19840.0,0.0,0.0,343.0,1.25866,1.00026,0.84109,0.61575,28.14131,18.38155,18.1944,27.34595,1.23663,0.98002,0.82155,0.5981,1.25348,0.99833,0.83951,0.61563
40,4,26,0.0,0.0,0.0,0.0,410663.0,32844.0,32844.0,22009.0,0.0,0.0,0.0,0.0,88.0,88.0,88.0,88.0,88.0,88.0,88.0,88.0,88.0,88.0,88.0,88.0,88.0,88.0,88.0,88.0,116.0,113.0,143.0,110.0,116.0,113.0,143.0,110.0,0.0,0.0,0.0,0.0,1.0,1.0,1.0,1.0,0.9449378200594041,0.999999999969553,0.999999999969553,0.999999999954564,0.0,0.0,0.0,0.0,22612.0,0.0,0.0,0.0,0.58917,0.34807,0.29975,0.11496,21.2204,21.74305,21.74772,20.68723,0.56648,0.32867,0.28032,0.09758,0.58421,0.34646,0.29801,0.11465
40,4,31,0.01161859,0.014871383,0.01161859,0.014871383,439827.0,36764.0,36764.0,23595.0,0.011618589697040906,0.014871382576883509,0.011618589697040906,0.014871382576883509,2496.0,2488.0,2496.0,2488.0,2496.0,2488.0,2496.0,2488.0,2525.0,2525.0,2525.0,2525.0,2525.0,2525.0,2525.0,2525.0,170.0,154.0,220.0,106.0,170.0,154.0,220.0,106.0,0.0,0.0,0.0,0.0,0.0,0.0,0.0,0.0,0.8407442016955741,0.7608802088793145,0.7726580350132559,0.6547149819599613,0.01161859,0.014871383,0.01161859,0.014871383,70045.0,8791.0,8358.0,8147.0,0.87176,0.53865,0.49615,0.17586,37.48733,28.94817,28.97758,37.24496,0.85413,0.52148,0.47926,0.15806,0.87164,0.53854,0.49604,0.1758
40,4,36,0.010228167,0.01070529,0.010228167,0.01070529,392736.0,37210.0,37210.0,21035.0,0.010228166781702335,0.010705289655690665,0.010228166781702335,0.010705289655690665,6355.0,6352.0,6355.0,6352.0,6355.0,6352.0,6355.0,6352.0,6420.0,6420.0,6420.0,6420.0,6420.0,6420.0,6420.0,6420.0,155.0,199.0,172.0,223.0,155.0,199.0,172.0,223.0,0.0,0.0,0.0,0.0,0.0,0.0,0.0,0.0,0.903064654116498,0.7979844127708147,0.804891158269151,0.7810791537541678,0.010228167,0.01070529,0.010228167,0.01070529,38070.0,7517.0,7260.0,4605.0,0.76657,0.79067,0.87812,0.36845,44.88971,30.37252,30.65933,29.95524,0.74794,0.77342,0.86034,0.35058,0.76645,0.79056,0.87801,0.3684
40,4,41,0.00289214,0.003176584,0.002949016,0.003404255,401289.0,36340.0,36340.0,21502.0,0.0028921401820958714,0.0031765840358633024,0.0029490160477802893,0.003404255317217444,17634.0,17629.0,17633.0,17625.0,17634.0,17629.0,17633.0,17625.0,17685.0,17685.0,17685.0,17685.0,17685.0,17685.0,17685.0,17685.0,176.0,273.0,219.0,223.0,176.0,273.0,219.0,223.0,0.0,0.0,0.0,0.0,0.0,0.0,0.0,0.0,0.9052279030800614,0.7911392404845586,0.7998899284314834,0.7869500511214329,0.00289214,0.003176584,0.002949016,0.003404255,38031.0,7590.0,7272.0,4581.0,0.82015,1.71369,1.39455,0.54271,34.5421,26.53844,26.69007,26.00847,0.80132,1.69659,1.37655,0.51318,0.82003,1.71358,1.39444,0.54259
40,4,46,0.0,0.0,0.0,0.0,302760.0,26094.0,26094.0,16137.0,0.0,0.0,0.0,0.0,19124.0,19124.0,19124.0,19124.0,19124.0,19124.0,19124.0,19124.0,19124.0,19124.0,19124.0,19124.0,19124.0,19124.0,19124.0,19124.0,269.0,317.0,356.0,378.0,269.0,317.0,356.0,378.0,0.0,0.0,0.0,0.0,1.0,1.0,1.0,1.0,0.9452470603747349,0.999999999961677,0.999999999961677,0.9999999999380306,0.0,0.0,0.0,0.0,16577.0,0.0,0.0,0.0,0.78484,0.92713,0.78633,0.6282,29.90646,19.53668,19.43055,19.73765,0.76386,0.90903,0.76836,0.61032,0.78132,0.9258,0.78503,0.62776
40,4,51,0.0,0.0,0.0,0.0,467850.0,37056.0,37056.0,25133.0,0.0,0.0,0.0,0.0,0.0,0.0,0.0,0.0,0.0,0.0,0.0,0.0,0.0,0.0,0.0,0.0,0.0,0.0,0.0,0.0,1.0,1.0,1.0,1.0,1.0,1.0,1.0,1.0,0.0,0.0,0.0,0.0,1.0,1.0,1.0,1.0,0.9448049588523142,0.9999999999730138,0.9999999999730138,0.9999999999602116,0.0,0.0,0.0,0.0,25823.0,0.0,0.0,0.0,0.07564,0.03284,0.03028,0.04295,0.23974,0.11871,0.10851,0.06163,0.05067,0.01455,0.0118,0.00371,0.07002,0.03107,0.02858,0.04221
40,4,56,0.035087719,0.035087719,0.035087719,0.035087719,380718.0,34522.0,34522.0,20384.0,0.03508771885854989,0.03508771885854989,0.03508771885854989,0.03508771885854989,798.0,798.0,798.0,798.0,798.0,798.0,798.0,798.0,826.0,826.0,826.0,826.0,826.0,826.0,826.0,826.0,104.0,147.0,182.0,135.0,104.0,147.0,182.0,135.0,0.0,0.0,0.0,0.0,0.0,0.0,0.0,0.0,0.6537016899630338,0.5616997856276664,0.5791089739708271,0.48778453686775,0.035087719,0.035087719,0.035087719,0.035087719,131842.0,15131.0,14530.0,10441.0,0.56548,0.46183,0.5038,0.16068,28.62327,26.89202,27.00143,32.71383,0.54737,0.44524,0.48614,0.14303,0.56537,0.46173,0.50369,0.16062
40,4,61,0.005604155,0.006154267,0.005741627,0.007118412,386286.0,37862.0,37862.0,20679.0,0.005604155268447027,0.006154266950007841,0.0057416267864092594,0.007118412036798889,7316.0,7312.0,7315.0,7305.0,7316.0,7312.0,7315.0,7305.0,7357.0,7357.0,7357.0,7357.0,7357.0,7357.0,7357.0,7357.0,191.0,216.0,239.0,164.0,191.0,216.0,239.0,164.0,0.0,0.0,0.0,0.0,0.0,0.0,0.0,0.0,0.9170743956526587,0.8525962706446412,0.8546827953923543,0.8220416847612534,0.005604155,0.006154267,0.005741627,0.007118412,32033.0,5581.0,5502.0,3680.0,1.34182,1.36345,0.9306,0.41925,33.64157,32.86995,32.73337,42.82113,1.31306,1.34548,0.913,0.38894,1.34168,1.36335,0.93048,0.41918
40,4,66,0.00019756,0.00019756,0.00019756,0.00019756,402070.0,38534.0,38534.0,21541.0,0.00019756013226771368,0.00019756013226771368,0.00019756013226771368,0.00019756013226771368,20247.0,20247.0,20247.0,20247.0,20247.0,20247.0,20247.0,20247.0,20251.0,20251.0,20251.0,20251.0,20251.0,20251.0,20251.0,20251.0,236.0,292.0,279.0,339.0,236.0,292.0,279.0,339.0,0.0,0.0,0.0,0.0,0.0,0.0,0.0,0.0,0.9406993807025127,0.9691181813211938,0.966341412753248,0.960958172742168,0.00019756,0.00019756,0.00019756,0.00019756,23843.0,1190.0,1297.0,841.0,1.51786,1.41204,1.038,0.54365,25.24456,26.38469,24.83413,36.52626,1.50005,1.3947,1.02063,0.52584,1.51773,1.41193,1.0379,0.54356
40,4,71,0.0,0.0,0.0,0.0,354238.0,33852.0,33852.0,18943.0,0.0,0.0,0.0,0.0,26740.0,26740.0,26740.0,26740.0,26740.0,26740.0,26740.0,26740.0,26740.0,26740.0,26740.0,26740.0,26740.0,26740.0,26740.0,26740.0,341.0,321.0,292.0,229.0,341.0,321.0,292.0,229.0,0.0,0.0,0.0,0.0,1.0,1.0,1.0,1.0,0.9450623592021605,0.9999999999704596,0.9999999999704596,0.99999999994721,0.0,0.0,0.0,0.0,19461.0,0.0,0.0,0.0,1.07174,1.38622,1.12233,0.55862,32.27089,22.4308,22.49491,22.47221,1.05061,1.36729,1.10271,0.52932,1.06779,1.38446,1.12028,0.55816
40,4,76,0.0,0.0,0.0,0.0,388970.0,34098.0,34098.0,20824.0,0.0,0.0,0.0,0.0,0.0,0.0,0.0,0.0,0.0,0.0,0.0,0.0,0.0,0.0,0.0,0.0,0.0,0.0,0.0,0.0,1.0,1.0,1.0,1.0,1.0,1.0,1.0,1.0,0.0,0.0,0.0,0.0,1.0,1.0,1.0,1.0,0.9449983289175387,0.9999999999706728,0.9999999999706728,0.9999999999519785,0.0,0.0,0.0,0.0,21394.0,0.0,0.0,0.0,0.064,0.03074,0.03304,0.03395,0.14168,0.10291,0.11437,0.04621,0.0399,0.01275,0.01465,0.00249,0.05917,0.02915,0.03112,0.03342
40,4,81,0.036764706,0.048327137,0.044444444,0.05027933,368119.0,36966.0,36966.0,19699.0,0.036764705206531155,0.04832713664819449,0.044444443621399196,0.0502793286726382,544.0,538.0,540.0,537.0,544.0,538.0,540.0,537.0,564.0,564.0,564.0,564.0,564.0,564.0,564.0,564.0,140.0,187.0,201.0,188.0,140.0,187.0,201.0,188.0,0.0,0.0,0.0,0.0,0.0,0.0,0.0,0.0,0.9166275036036807,0.8242709516630343,0.8416923659351379,0.7924767754306068,0.036764706,0.048327137,0.044444444,0.05027933,30691.0,6496.0,5852.0,4088.0,0.6061,0.61293,0.47209,0.29193,45.6934,34.29154,34.83148,36.61487,0.58765,0.59501,0.45515,0.27375,0.60599,0.61281,0.47199,0.29187
40,4,86,0.001271456,0.001271456,0.001271456,0.001695993,379657.0,37698.0,37698.0,20338.0,0.0012714558142160293,0.0012714558142160293,0.0012714558142160293,0.0016959932124316448,4719.0,4719.0,4719.0,4717.0,4719.0,4719.0,4719.0,4717.0,4725.0,4725.0,4725.0,4725.0,4725.0,4725.0,4725.0,4725.0,179.0,244.0,273.0,200.0,179.0,244.0,273.0,200.0,0.0,0.0,0.0,0.0,0.0,0.0,0.0,0.0,0.9426666701761256,0.9742957185799168,0.9757812085262937,0.9603205821142531,0.001271456,0.001271456,0.001271456,0.001695993,21767.0,969.0,913.0,807.0,1.19459,0.75343,0.6118,0.47271,47.50394,34.40688,38.7557,36.77948,1.16432,0.73625,0.59445,0.44354,1.19447,0.75332,0.61169,0.47263
40,4,91,0.000899916,0.000964258,0.000771357,0.001866152,401129.0,38682.0,38682.0,21498.0,0.0008999164357524482,0.0009642581634325932,0.0007713569449306698,0.0018661518649509962,15557.0,15556.0,15557.0,15540.0,15557.0,15556.0,15557.0,15540.0,15571.0,15571.0,15569.0,15569.0,15571.0,15571.0,15569.0,15569.0,171.0,224.0,275.0,166.0,171.0,224.0,275.0,166.0,0.0,0.0,0.0,0.0,0.0,0.0,0.0,0.0,0.9378205016317996,0.9384985264221473,0.9504420660526746,0.8909666015028855,0.000899916,0.000964258,0.000771357,0.001866152,24942.0,2379.0,1917.0,2344.0,1.29517,1.35811,0.99915,0.30861,35.23536,28.90979,36.66687,40.11431,1.26606,1.34004,0.98199,0.28935,1.29505,1.358,0.99906,0.30849
40,4,96,0.0,2.76e-05,0.0,0.000110308,408139.0,36790.0,36790.0,21868.0,0.0,2.7574796628271115e-05,0.0,0.00011030831170086914,36266.0,36265.0,36266.0,36262.0,36266.0,36265.0,36266.0,36262.0,36266.0,36266.0,36266.0,36266.0,36266.0,36266.0,36266.0,36266.0,257.0,243.0,303.0,279.0,257.0,243.0,303.0,279.0,0.0,0.0,0.0,0.0,1.0,0.0,1.0,0.0,0.944952577428413,0.9416961130486085,0.9999999999728187,0.9488293396310211,0.0,2.76e-05,0.0,0.000110308,22467.0,2145.0,0.0,1119.0,1.06873,1.36103,0.94921,0.69731,23.69906,21.25732,20.834,29.22881,1.04646,1.3436,0.93087,0.66855,1.06404,1.36093,0.94747,0.6972
40,4,101,0.0,0.0,0.0,0.0,426708.0,38696.0,38696.0,22897.0,0.0,0.0,0.0,0.0,0.0,0.0,0.0,0.0,0.0,0.0,0.0,0.0,0.0,0.0,0.0,0.0,0.0,0.0,0.0,0.0,1.0,1.0,1.0,1.0,1.0,1.0,1.0,1.0,0.0,0.0,0.0,0.0,1.0,1.0,1.0,1.0,0.9448686221000195,0.9999999999741576,0.9999999999741576,0.9999999999563262,0.0,0.0,0.0,0.0,23525.0,0.0,0.0,0.0,0.06711,0.03427,0.03138,0.02118,0.14408,0.11485,0.11064,0.03164,0.04487,0.01569,0.01295,0.00151,0.06249,0.03229,0.02956,0.02086
40,4,106,0.0,0.0,0.0,0.0,414130.0,42798.0,42798.0,22232.0,0.0,0.0,0.0,0.0,0.0,0.0,0.0,0.0,0.0,0.0,0.0,0.0,0.0,0.0,0.0,0.0,0.0,0.0,0.0,0.0,1.0,1.0,1.0,1.0,1.0,1.0,1.0,1.0,0.0,0.0,0.0,0.0,1.0,1.0,1.0,1.0,0.944843406657463,0.9999999999766345,0.9999999999766345,0.9999999999550198,0.0,0.0,0.0,0.0,22842.0,0.0,0.0,0.0,0.06841,0.03989,0.03872,0.03022,0.14202,0.14026,0.13751,0.0418,0.04637,0.02074,0.01962,0.00232,0.06385,0.03754,0.03638,0.02975
40,4,111,0.004548698,0.006703611,0.004548698,0.00733387,421860.0,44202.0,44202.0,22620.0,0.004548697819703266,0.006703611005806569,0.004548697819703266,0.007333869951405178,11212.0,11188.0,11212.0,11181.0,11212.0,11188.0,11212.0,11181.0,11263.0,11263.0,11263.0,11263.0,11263.0,11263.0,11263.0,11263.0,157.0,159.0,162.0,195.0,157.0,159.0,162.0,195.0,0.0,0.0,0.0,0.0,0.0,0.0,0.0,0.0,0.9175626985234021,0.8268404144421782,0.8675625537109732,0.798541114023053,0.004548698,0.006703611,0.004548698,0.00733387,34777.0,7654.0,5854.0,4557.0,0.82541,1.7217,1.26993,0.34785,48.15559,42.99321,45.23504,53.38698,0.80683,1.7034,1.25188,0.32955,0.82528,1.72159,1.26982,0.34778
40,4,116,0.001737564,0.001930999,0.001737564,0.002640902,378855.0,39100.0,39100.0,20279.0,0.0017375635486597829,0.0019309989688909635,0.0017375635486597829,0.00264090176963549,15539.0,15536.0,15539.0,15525.0,15539.0,15536.0,15539.0,15525.0,15566.0,15566.0,15566.0,15566.0,15566.0,15566.0,15566.0,15566.0,254.0,199.0,271.0,190.0,254.0,199.0,271.0,190.0,0.0,0.0,0.0,0.0,0.0,0.0,0.0,0.0,0.9295429649841508,0.8978260869335595,0.9000255754245517,0.8475763104271623,0.001737564,0.001930999,0.001737564,0.002640902,26693.0,3995.0,3909.0,3091.0,1.06518,1.35766,0.8926,0.33252,34.74346,33.02066,30.46504,32.90015,1.04662,1.33921,0.8757,0.31351,1.06506,1.35755,0.89251,0.33246
40,4,121,0.000335768,0.000419745,0.000335768,0.00044774,423342.0,39702.0,39702.0,22696.0,0.0003357676486930894,0.0004197447950470828,0.0003357676486930894,0.00044774031049454584,35739.0,35736.0,35739.0,35735.0,35739.0,35736.0,35739.0,35735.0,35751.0,35751.0,35751.0,35751.0,35751.0,35751.0,35751.0,35751.0,201.0,208.0,233.0,265.0,201.0,208.0,233.0,265.0,0.0,0.0,0.0,0.0,0.0,0.0,0.0,0.0,0.935680844326961,0.903178681152003,0.9152687521808657,0.8942104335171743,0.000335768,0.000419745,0.000335768,0.00044774,27229.0,3844.0,3364.0,2401.0,1.51465,1.7908,1.22272,0.51797,31.26117,23.91668,24.24955,32.51716,1.48566,1.77291,1.2048,0.49968,1.51452,1.79067,1.22261,0.51788
50,2,1,0.029220779,0.029220779,0.029220779,0.029220779,1696188.0,86148.0,86148.0,69125.0,0.029220778983597574,0.029220778983597574,0.029220778983597574,0.029220778983597574,1232.0,1232.0,1232.0,1232.0,1232.0,1232.0,1232.0,1232.0,1268.0,1268.0,1268.0,1268.0,1268.0,1268.0,1268.0,1268.0,220.0,256.0,210.0,179.0,220.0,256.0,210.0,179.0,0.0,0.0,0.0,0.0,0.0,0.0,0.0,0.0,0.682720311663163,0.38243487950524174,0.3826206063938499,0.23579023507796326,0.029220779,0.029220779,0.029220779,0.029220779,538166.0,53202.0,53186.0,52826.0,4.54477,2.55429,1.63018,0.3878,22.31692,19.8572,18.34845,18.41753,4.5271,2.53646,1.61249,0.35972,4.54464,2.55417,1.63005,0.38767
50,2,6,0.000771334,0.000911705,0.000771334,0.001262803,1679774.0,95648.0,95648.0,68454.0,0.0007713344079858816,0.0009117048875014343,0.0007713344079858816,0.0012628034227144638,14261.0,14259.0,14261.0,14254.0,14261.0,14259.0,14261.0,14254.0,14272.0,14272.0,14272.0,14272.0,14272.0,14272.0,14272.0,14272.0,423.0,439.0,379.0,382.0,423.0,439.0,379.0,382.0,0.0,0.0,0.0,0.0,0.0,0.0,0.0,0.0,0.8512859467994794,0.745190699222721,0.7200255101965538,0.595991468714816,0.000771334,0.000911705,0.000771334,0.001262803,249806.0,24372.0,26779.0,27656.0,6.3584,3.79328,2.66749,1.10508,43.86628,32.92667,31.89715,32.26653,6.3406,3.77506,2.64942,1.07714,6.35827,3.79315,2.66736,1.105
50,2,11,0.001173862,0.001217391,0.001217391,0.001217391,1573834.0,86906.0,86906.0,64132.0,0.0011738620054893866,0.0012173913038185256,0.0012173913038185256,0.0012173913038185256,23001.0,23000.0,23000.0,23000.0,23001.0,23000.0,23000.0,23000.0,23028.0,23028.0,23028.0,23028.0,23028.0,23028.0,23028.0,23028.0,453.0,422.0,495.0,495.0,453.0,422.0,495.0,495.0,0.0,0.0,0.0,0.0,0.0,0.0,0.0,0.0,0.9182671107620509,0.8130623892387976,0.8137067636203058,0.7604004241133849,0.001173862,0.001217391,0.001217391,0.001217391,128634.0,16246.0,16190.0,15366.0,5.78181,2.91064,2.92164,1.49819,46.77502,34.76218,35.37414,45.47259,5.76337,2.89243,2.90394,1.4697,5.78168,2.91052,2.92151,1.49812
50,2,16,0.00132577,0.00132577,0.00132577,0.001347533,1467894.0,76522.0,76522.0,59810.0,0.0013257699242951097,0.0013257699242951097,0.0013257699242951097,0.0013475331446756067,46011.0,46011.0,46011.0,46010.0,46011.0,46011.0,46011.0,46010.0,46072.0,46072.0,46072.0,46072.0,46072.0,46072.0,46072.0,46072.0,505.0,475.0,461.0,494.0,505.0,475.0,461.0,494.0,0.0,0.0,0.0,0.0,0.0,0.0,0.0,0.0,0.9430858086476659,0.8382164606147485,0.8451033689547438,0.8485537535387301,0.00132577,0.00132577,0.00132577,0.001347533,83544.0,12380.0,11853.0,9058.0,5.26691,3.79942,2.86306,1.30778,46.11729,35.90547,35.01432,33.70834,5.24957,3.78047,2.84482,1.29009,5.26679,3.79931,2.8629,1.30771
50,2,21,1.8e-05,1.8e-05,1.8e-05,8.1e-05,1650124.0,73642.0,73642.0,67249.0,1.8007148836467435e-05,1.8007148836467435e-05,1.8007148836467435e-05,8.103727714019113e-05,111067.0,111067.0,111067.0,111060.0,111067.0,111067.0,111067.0,111060.0,111069.0,111069.0,111069.0,111069.0,111069.0,111069.0,111069.0,111069.0,615.0,677.0,638.0,698.0,615.0,677.0,638.0,698.0,0.0,0.0,0.0,0.0,0.0,0.0,0.0,0.0,0.9568711199879786,0.9592352190195917,0.9562885309883452,0.9424526758622069,1.8e-05,1.8e-05,1.8e-05,8.1e-05,71168.0,3002.0,3219.0,3870.0,5.799,3.77056,3.70951,3.15372,39.5685,28.05935,27.65525,40.37555,5.78028,3.75356,3.69198,3.12568,5.79886,3.77045,3.70939,3.15361
50,2,26,0.0,0.0,0.0,0.0,1511606.0,85442.0,85442.0,61590.0,0.0,0.0,0.0,0.0,26.0,26.0,26.0,26.0,26.0,26.0,26.0,26.0,26.0,26.0,26.0,26.0,26.0,26.0,26.0,26.0,154.0,273.0,355.0,177.0,154.0,273.0,355.0,177.0,0.0,0.0,0.0,0.0,1.0,1.0,1.0,1.0,0.9584078126172042,0.9999999999882963,0.9999999999882963,0.9999999999837635,0.0,0.0,0.0,0.0,62871.0,0.0,0.0,0.0,3.38587,2.47644,2.27539,0.23759,20.10913,18.11211,19.33482,19.47698,3.35445,2.45466,2.25371,0.21965,3.3719,2.47241,2.2711,0.23699
50,2,31,0.016827378,0.016827378,0.016827378,0.016827378,1625428.0,101260.0,101260.0,66241.0,0.01682737754428554,0.01682737754428554,0.01682737754428554,0.01682737754428554,5289.0,5289.0,5289.0,5289.0,5289.0,5289.0,5289.0,5289.0,5378.0,5378.0,5378.0,5378.0,5378.0,5378.0,5378.0,5378.0,321.0,336.0,348.0,337.0,321.0,336.0,348.0,337.0,0.0,0.0,0.0,0.0,0.0,0.0,0.0,0.0,0.7594264402971036,0.6137665415700794,0.6085719928835812,0.5122507208449111,0.016827378,0.016827378,0.016827378,0.016827378,391035.0,39110.0,39636.0,32309.0,6.16377,3.2272,2.35557,0.89664,44.0549,31.66596,31.29781,36.0605,6.13561,3.20939,2.33755,0.87129,6.16363,3.22708,2.35545,0.89653
50,2,36,0.003334568,0.003547038,0.003440792,0.003653307,1635036.0,105744.0,105744.0,66629.0,0.0033345683568863768,0.003547037956722411,0.003440791909670853,0.0036533065051870036,18893.0,18889.0,18891.0,18887.0,18893.0,18889.0,18891.0,18887.0,18956.0,18956.0,18956.0,18956.0,18956.0,18956.0,18956.0,18956.0,414.0,409.0,427.0,371.0,414.0,409.0,427.0,371.0,0.0,0.0,0.0,0.0,0.0,0.0,0.0,0.0,0.9283942371905399,0.8339669390146585,0.8354422000223612,0.8006723798826236,0.003334568,0.003547038,0.003440792,0.003653307,117078.0,17557.0,17401.0,13281.0,5.33399,3.178,2.89382,0.96879,49.83208,40.65927,40.67354,51.85213,5.31562,3.16014,2.87562,0.95066,5.33386,3.17791,2.89369,0.96868
50,2,41,0.002344017,0.003612774,0.002793002,0.004858214,1569130.0,100086.0,100086.0,63940.0,0.002344017487333346,0.0036127739237855607,0.0027930016856047104,0.0048582140769767605,37969.0,37921.0,37952.0,37874.0,37969.0,37921.0,37952.0,37874.0,38058.0,38058.0,38058.0,38058.0,38058.0,38058.0,38058.0,38058.0,468.0,528.0,586.0,498.0,468.0,528.0,586.0,498.0,0.0,0.0,0.0,0.0,0.0,0.0,0.0,0.0,0.9387342030291062,0.8111823831423858,0.8359810562832367,0.7480137628910226,0.002344017,0.003612774,0.002793002,0.004858214,96134.0,18898.0,16416.0,16112.0,5.25961,4.3972,3.45023,1.41965,54.13946,39.63427,38.77124,39.88064,5.24146,4.379,3.4332,1.40133,5.25948,4.39708,3.45006,1.41957
50,2,46,0.00024365,0.000292394,0.000255835,0.000341143,1589222.0,82358.0,82358.0,64758.0,0.00024364987509975636,0.00029239409847682237,0.0002558354855689494,0.00034114307292650275,82085.0,82081.0,82084.0,82077.0,82085.0,82081.0,82084.0,82077.0,82105.0,82105.0,82105.0,82105.0,82105.0,82105.0,82105.0,82105.0,529.0,628.0,664.0,594.0,529.0,628.0,664.0,594.0,0.0,0.0,0.0,0.0,0.0,0.0,0.0,0.0,0.9519230164187559,0.8989533499975844,0.9102090871450229,0.9056487229237214,0.00024365,0.000292394,0.000255835,0.000341143,76405.0,8322.0,7395.0,6110.0,4.61142,3.72575,3.65903,1.91709,33.89946,31.62883,31.69911,35.72774,4.59277,3.70825,3.64146,1.89911,4.61131,3.72563,3.65892,1.91698
50,2,51,0.0,0.0,0.0,0.0,1511556.0,91158.0,91158.0,61589.0,0.0,0.0,0.0,0.0,0.0,0.0,0.0,0.0,0.0,0.0,0.0,0.0,0.0,0.0,0.0,0.0,0.0,0.0,0.0,0.0,1.0,1.0,1.0,1.0,1.0,1.0,1.0,1.0,0.0,0.0,0.0,0.0,1.0,1.0,1.0,1.0,0.9584070983801074,0.9999999999890301,0.9999999999890301,0.9999999999837633,0.0,0.0,0.0,0.0,62870.0,0.0,0.0,0.0,0.37747,0.08505,0.0703,0.03494,0.81464,0.34548,0.32911,0.05173,0.33152,0.06005,0.04718,0.00682,0.35866,0.07841,0.06563,0.03407
50,2,56,0.042465753,0.042465753,0.042465753,0.042465753,1423256.0,97306.0,97306.0,57987.0,0.04246575284293489,0.04246575284293489,0.04246575284293489,0.04246575284293489,730.0,730.0,730.0,730.0,730.0,730.0,730.0,730.0,761.0,761.0,761.0,761.0,761.0,761.0,761.0,761.0,196.0,260.0,279.0,185.0,196.0,260.0,279.0,185.0,0.0,0.0,0.0,0.0,0.0,0.0,0.0,0.0,0.6551449633792831,0.5070396481151518,0.5262676504991854,0.404349250687148,0.042465753,0.042465753,0.042465753,0.042465753,490817.0,47968.0,46097.0,34540.0,3.98032,2.38039,1.926,0.29384,32.07649,27.01113,29.9347,23.26764,3.96314,2.36295,1.90847,0.27608,3.9802,2.38027,1.92588,0.29373
50,2,61,0.007066097,0.007956387,0.007362686,0.008104922,1723086.0,120976.0,120976.0,70226.0,0.007066097448059696,0.007956387204982771,0.0073626859023982584,0.00810492189205355,13586.0,13574.0,13582.0,13572.0,13586.0,13574.0,13582.0,13572.0,13682.0,13682.0,13682.0,13682.0,13682.0,13682.0,13682.0,13682.0,361.0,427.0,430.0,393.0,361.0,427.0,430.0,393.0,0.0,0.0,0.0,0.0,0.0,0.0,0.0,0.0,0.9147645561504679,0.7823865890690519,0.7837670281643982,0.7622675362292846,0.007066097,0.007956387,0.007362686,0.008104922,146868.0,26326.0,26159.0,16695.0,8.53542,4.01212,3.15576,1.05419,48.8835,45.67148,42.59641,43.23841,8.5067,3.99285,3.13683,1.03593,8.53531,4.012,3.15562,1.05403
50,2,66,7.33e-05,0.0,0.0,0.000513623,1244304.0,84812.0,84812.0,50687.0,7.3342460377141e-05,0.0,0.0,0.0005136232449949559,40904.0,40907.0,40907.0,40886.0,40904.0,40907.0,40907.0,40886.0,40907.0,40907.0,40907.0,40907.0,40907.0,40907.0,40907.0,40907.0,585.0,852.0,654.0,497.0,585.0,852.0,654.0,497.0,0.0,0.0,0.0,0.0,0.0,1.0,1.0,0.0,0.9570514922390694,0.9999999999882093,0.9999999999882093,0.9144159251698776,7.33e-05,0.0,0.0,0.000513623,53441.0,0.0,0.0,4338.0,5.57522,5.85858,3.71103,1.41394,47.36072,41.53062,39.39134,48.7936,5.55739,5.83411,3.68648,1.3956,5.57496,5.85236,3.70485,1.41387
50,2,71,0.0,0.0,0.0,0.00014009,1568004.0,84552.0,84552.0,63893.0,0.0,0.0,0.0,0.00014008991223493205,78532.0,78532.0,78532.0,78521.0,78532.0,78532.0,78532.0,78521.0,78532.0,78532.0,78532.0,78532.0,78532.0,78532.0,78532.0,78532.0,622.0,712.0,644.0,643.0,622.0,712.0,644.0,643.0,0.0,0.0,0.0,0.0,1.0,1.0,1.0,0.0,0.9584044428451979,0.999999999988173,0.999999999988173,0.9488206845671854,0.0,0.0,0.0,0.00014009,65222.0,0.0,0.0,3270.0,5.45292,4.80256,3.83817,1.90028,35.55377,34.77037,34.16339,44.82698,5.42188,4.77979,3.81508,1.88245,5.4393,4.79709,3.83283,1.90018
50,2,76,0.0,0.0,0.0,0.0,1796148.0,115642.0,115642.0,73205.0,0.0,0.0,0.0,0.0,0.0,0.0,0.0,0.0,0.0,0.0,0.0,0.0,0.0,0.0,0.0,0.0,0.0,0.0,0.0,0.0,1.0,1.0,1.0,1.0,1.0,1.0,1.0,1.0,0.0,0.0,0.0,0.0,1.0,1.0,1.0,1.0,0.9583954106226444,0.9999999999913527,0.9999999999913527,0.9999999999863398,0.0,0.0,0.0,0.0,74728.0,0.0,0.0,0.0,0.43525,0.08079,0.13015,0.03554,0.89951,0.36228,0.42567,0.05159,0.38578,0.05852,0.10627,0.0079,0.41365,0.07602,0.12448,0.03487
50,2,81,0.007434944,0.007434944,0.007434944,0.007434944,1666788.0,121562.0,121562.0,67925.0,0.007434944099722229,0.007434944099722229,0.007434944099722229,0.007434944099722229,538.0,538.0,538.0,538.0,538.0,538.0,538.0,538.0,542.0,542.0,542.0,542.0,542.0,542.0,542.0,542.0,302.0,329.0,383.0,357.0,302.0,329.0,383.0,357.0,0.0,0.0,0.0,0.0,0.0,0.0,0.0,0.0,0.7363971902841054,0.595309389442463,0.5790460834752715,0.562267206469455,0.007434944,0.007434944,0.007434944,0.007434944,439370.0,49195.0,51172.0,29733.0,5.74503,3.56125,2.89134,1.03662,42.86243,33.51372,32.65328,35.32905,5.7273,3.54427,2.87437,1.00887,5.7449,3.56113,2.89121,1.03649
50,2,86,0.023138341,0.02514491,0.023640662,0.025980392,1460988.0,113546.0,113546.0,59525.0,0.023138341190208293,0.025144909768026035,0.023640661919262524,0.025980392135636934,12274.0,12249.0,12267.0,12240.0,12274.0,12249.0,12267.0,12240.0,12558.0,12557.0,12557.0,12558.0,12558.0,12557.0,12557.0,12558.0,446.0,461.0,452.0,457.0,446.0,461.0,452.0,457.0,0.0,0.0,0.0,0.0,0.0,0.0,0.0,0.0,0.9067357158300364,0.7246666549176135,0.7356930230854836,0.7004787904124237,0.023138341,0.02514491,0.023640662,0.025980392,136258.0,31263.0,30011.0,17829.0,11.21178,4.89623,3.60217,1.30904,57.6692,49.80694,60.48018,52.18698,11.18405,4.8778,3.58381,1.29088,11.21165,4.89611,3.60196,1.30894
50,2,91,0.001162938,0.001268794,0.001184108,0.001353495,1644444.0,116176.0,116176.0,67013.0,0.001162938216018324,0.0012687940110239601,0.0011841075843815982,0.0013534947654957185,47294.0,47289.0,47293.0,47285.0,47294.0,47289.0,47293.0,47285.0,47349.0,47349.0,47349.0,47349.0,47349.0,47349.0,47349.0,47349.0,495.0,479.0,491.0,516.0,495.0,479.0,491.0,516.0,0.0,0.0,0.0,0.0,0.0,0.0,0.0,0.0,0.9431047819196379,0.8706273240525528,0.8769625395875486,0.8586692134233855,0.001162938,0.001268794,0.001184108,0.001353495,93561.0,15030.0,14294.0,9471.0,6.63573,4.21816,3.66215,1.42014,46.87783,43.05111,42.66298,39.62317,6.61764,4.20045,3.64354,1.40149,6.63562,4.21804,3.66203,1.42002
50,2,96,0.000204735,0.000247847,0.000226291,0.000258626,1655028.0,101216.0,101216.0,67445.0,0.00020473476070765657,0.0002478474983299553,0.0002262906649468981,0.0002586262634691883,92803.0,92799.0,92801.0,92798.0,92803.0,92799.0,92801.0,92798.0,92822.0,92822.0,92822.0,92822.0,92822.0,92822.0,92822.0,92822.0,535.0,555.0,561.0,563.0,535.0,555.0,561.0,563.0,0.0,0.0,0.0,0.0,0.0,0.0,0.0,0.0,0.953473898930439,0.9280746127002839,0.9325304299623328,0.9243828304407388,0.000204735,0.000247847,0.000226291,0.000258626,77002.0,7280.0,6829.0,5100.0,5.4408,4.79133,3.86124,1.66347,41.71372,38.40191,37.28683,45.35056,5.42257,4.77326,3.84374,1.64465,5.44067,4.79118,3.86112,1.66336
50,2,101,0.0,0.0,0.0,0.0,1453732.0,102596.0,102596.0,59233.0,0.0,0.0,0.0,0.0,0.0,0.0,0.0,0.0,0.0,0.0,0.0,0.0,0.0,0.0,0.0,0.0,0.0,0.0,0.0,0.0,1.0,1.0,1.0,1.0,1.0,1.0,1.0,1.0,0.0,0.0,0.0,0.0,1.0,1.0,1.0,1.0,0.9584070516429725,0.9999999999902531,0.9999999999902531,0.9999999999831175,0.0,0.0,0.0,0.0,60465.0,0.0,0.0,0.0,0.33228,0.12183,0.06451,0.03491,0.69863,0.36043,0.30121,0.05002,0.28772,0.1001,0.04379,0.00651,0.31491,0.11693,0.06033,0.03407
50,2,106,0.0,0.0,0.0,0.0,1517436.0,118156.0,118156.0,61829.0,0.0,0.0,0.0,0.0,0.0,0.0,0.0,0.0,0.0,0.0,0.0,0.0,0.0,0.0,0.0,0.0,0.0,0.0,0.0,0.0,1.0,1.0,1.0,1.0,1.0,1.0,1.0,1.0,0.0,0.0,0.0,0.0,1.0,1.0,1.0,1.0,0.9584068125436865,0.9999999999915367,0.9999999999915367,0.9999999999838264,0.0,0.0,0.0,0.0,63115.0,0.0,0.0,0.0,0.36199,0.08317,0.07529,0.03388,0.74467,0.35715,0.35011,0.04924,0.31705,0.06145,0.05354,0.0065,0.34406,0.07818,0.07028,0.03308
50,2,111,0.001351091,0.001608855,0.001351091,0.0029643,1623326.0,128610.0,128610.0,66150.0,0.0013510905221957856,0.001608855137647947,0.0013510905221957856,0.0029642995212241915,15543.0,15539.0,15543.0,15518.0,15543.0,15539.0,15543.0,15518.0,15564.0,15564.0,15564.0,15564.0,15564.0,15564.0,15564.0,15564.0,522.0,517.0,492.0,525.0,522.0,517.0,492.0,525.0,0.0,0.0,0.0,0.0,0.0,0.0,0.0,0.0,0.9500476182843434,0.9341342041759262,0.9435113910198001,0.8997883597747577,0.001351091,0.001608855,0.001351091,0.0029643,81089.0,8471.0,7265.0,6629.0,12.37209,4.20498,3.28015,1.47749,70.35616,49.04138,48.83772,51.71383,12.34448,4.18715,3.26184,1.45921,12.37194,4.20487,3.28004,1.47741
50,2,116,0.004302397,0.005486898,0.004559426,0.005951159,1338734.0,99486.0,99486.0,54534.0,0.004302397047581235,0.005486898104975694,0.004559426227172425,0.005951159446977653,19524.0,19501.0,19520.0,19492.0,19524.0,19501.0,19520.0,19492.0,19608.0,19608.0,19609.0,19608.0,19608.0,19608.0,19609.0,19608.0,444.0,479.0,463.0,438.0,444.0,479.0,463.0,438.0,0.0,0.0,0.0,0.0,0.0,0.0,0.0,0.0,0.9353336809247129,0.8156021952755604,0.8334036949838832,0.78413466826596,0.004302397,0.005486898,0.004559426,0.005951159,86571.0,18345.0,16574.0,11772.0,4.79936,4.2003,2.70003,1.80725,57.0676,71.25778,48.19154,60.23795,4.78065,4.18259,2.68225,1.77876,4.79924,4.20018,2.69991,1.80715
50,2,121,0.0,0.0,0.0,0.0,1475150.0,99294.0,99294.0,60102.0,0.0,0.0,0.0,0.0,41696.0,41696.0,41696.0,41696.0,41696.0,41696.0,41696.0,41696.0,41696.0,41696.0,41696.0,41696.0,41696.0,41696.0,41696.0,41696.0,594.0,801.0,727.0,704.0,594.0,801.0,727.0,704.0,0.0,0.0,0.0,0.0,1.0,1.0,1.0,1.0,0.9584096532549514,0.999999999989929,0.999999999989929,0.9999999999833616,0.0,0.0,0.0,0.0,61352.0,0.0,0.0,0.0,7.65904,4.65005,3.46393,2.13654,58.14414,41.87858,40.53533,42.63193,7.62382,4.62765,3.44097,2.11759,7.64179,4.64468,3.45776,2.13563
50,4,1,0.01029601,0.01029601,0.01029601,0.01029601,842544.0,49336.0,49336.0,35675.0,0.010296010163500513,0.010296010163500513,0.010296010163500513,0.010296010163500513,777.0,777.0,777.0,777.0,777.0,777.0,777.0,777.0,785.0,785.0,785.0,785.0,785.0,785.0,785.0,785.0,130.0,202.0,194.0,143.0,130.0,202.0,194.0,143.0,0.0,0.0,0.0,0.0,0.0,0.0,0.0,0.0,0.6655011489006325,0.4916085616894031,0.49189233013434625,0.359523475813328,0.01029601,0.01029601,0.01029601,0.01029601,281830.0,25082.0,25068.0,22849.0,1.98593,1.19755,0.84843,0.16949,34.94217,30.57098,29.53406,32.86842,1.9683,1.17967,0.83033,0.15185,1.98579,1.19744,0.84827,0.16943
50,4,6,0.002289708,0.002289708,0.002289708,0.002289708,835062.0,53944.0,53944.0,35354.0,0.0022897083607017255,0.0022897083607017255,0.0022897083607017255,0.0022897083607017255,8298.0,8298.0,8298.0,8298.0,8298.0,8298.0,8298.0,8298.0,8317.0,8317.0,8317.0,8317.0,8317.0,8317.0,8317.0,8317.0,291.0,284.0,294.0,191.0,291.0,284.0,294.0,191.0,0.0,0.0,0.0,0.0,0.0,0.0,0.0,0.0,0.8577075714128319,0.745198724589478,0.7485540560442578,0.656474514887807,0.002289708,0.002289708,0.002289708,0.002289708,118823.0,13745.0,13564.0,12145.0,2.58914,1.54479,1.2358,0.37931,50.92858,45.32564,44.94621,49.18116,2.5716,1.52667,1.21825,0.36011,2.58902,1.54468,1.23568,0.37921
50,4,11,0.000621552,0.000621552,0.000621552,0.000699301,785266.0,49196.0,49196.0,33232.0,0.0006215523264536148,0.0006215523264536148,0.0006215523264536148,0.0006993006987573422,12871.0,12871.0,12871.0,12870.0,12871.0,12871.0,12871.0,12870.0,12879.0,12879.0,12879.0,12879.0,12879.0,12879.0,12879.0,12879.0,237.0,307.0,323.0,165.0,237.0,307.0,323.0,165.0,0.0,0.0,0.0,0.0,0.0,0.0,0.0,0.0,0.9299893284556698,0.865497194876301,0.8648467354893722,0.815539239262893,0.000621552,0.000621552,0.000621552,0.000699301,54977.0,6617.0,6649.0,6130.0,2.72056,1.45826,1.20209,0.6036,68.10454,48.33756,48.49367,50.95675,2.69152,1.43979,1.18334,0.57283,2.72042,1.45814,1.20198,0.60354
50,4,16,0.000118236,7.88e-05,3.94e-05,0.000118236,736746.0,47444.0,47444.0,31160.0,0.00011823592002591893,7.882084019909324e-05,3.9408866979543305e-05,0.00011823592002591893,25373.0,25374.0,25375.0,25373.0,25373.0,25374.0,25375.0,25373.0,25376.0,25376.0,25376.0,25376.0,25376.0,25376.0,25376.0,25376.0,286.0,335.0,439.0,422.0,286.0,335.0,439.0,422.0,0.0,0.0,0.0,0.0,0.0,0.0,0.0,0.0,0.9540655802665314,0.9527864429442545,0.9786063569475886,0.9589216944493285,0.000118236,7.88e-05,3.94e-05,0.000118236,33842.0,2240.0,1015.0,1280.0,1.80986,1.71188,1.98828,1.05668,51.13462,42.09777,41.04905,46.42995,1.7904,1.69347,1.96934,1.03824,1.80973,1.71177,1.98818,1.05656
50,4,21,0.0,0.0,0.0,0.0,819448.0,52568.0,52568.0,34699.0,0.0,0.0,0.0,0.0,59440.0,59440.0,59440.0,59440.0,59440.0,59440.0,59440.0,59440.0,59440.0,59440.0,59440.0,59440.0,59440.0,59440.0,59440.0,59440.0,285.0,396.0,409.0,461.0,285.0,396.0,409.0,461.0,0.0,0.0,0.0,0.0,1.0,1.0,1.0,1.0,0.9567428317587489,0.999999999980977,0.9979074722074663,0.9999999999711807,0.0,0.0,0.0,0.0,35447.0,0.0,110.0,0.0,2.84959,2.54113,1.90387,1.10677,38.99381,33.35933,33.34645,41.20094,2.79959,2.52092,1.88188,1.08802,2.82917,2.53868,1.89985,1.10622
50,4,26,0.0,0.0,0.0,0.0,758766.0,47962.0,47962.0,32090.0,0.0,0.0,0.0,0.0,54.0,54.0,54.0,54.0,54.0,54.0,54.0,54.0,54.0,54.0,54.0,54.0,54.0,54.0,54.0,54.0,107.0,183.0,222.0,130.0,107.0,183.0,222.0,130.0,0.0,0.0,0.0,0.0,1.0,1.0,1.0,1.0,0.9567969571633984,0.9999999999791501,0.9999999999791501,0.9999999999688376,0.0,0.0,0.0,0.0,32781.0,0.0,0.0,0.0,1.14064,0.91573,0.78613,0.15911,34.68595,30.17953,28.98318,33.64255,1.11469,0.89535,0.76552,0.14079,1.13264,0.91324,0.783,0.15865
50,4,31,0.0,0.0,0.0,0.0,807512.0,53666.0,53666.0,34191.0,0.0,0.0,0.0,0.0,3061.0,3061.0,3061.0,3061.0,3061.0,3061.0,3061.0,3061.0,3061.0,3061.0,3061.0,3061.0,3061.0,3061.0,3061.0,3061.0,228.0,255.0,235.0,229.0,228.0,255.0,235.0,229.0,0.0,0.0,0.0,0.0,1.0,1.0,1.0,1.0,0.9567461536163465,0.9999999999813662,0.9999999999813662,0.9999999999707525,0.0,0.0,0.0,0.0,34928.0,0.0,0.0,0.0,1.96545,1.47041,0.88889,0.50926,49.22594,45.37141,44.6339,50.52768,1.93973,1.45017,0.86895,0.47981,1.95736,1.46748,0.88621,0.50858
50,4,36,0.000185288,9.26e-05,0.000185288,0.000185288,814568.0,57986.0,57986.0,34479.0,0.00018528812285965526,9.263547930279252e-05,0.00018528812285965526,0.00018528812285965526,10794.0,10795.0,10794.0,10794.0,10794.0,10795.0,10794.0,10794.0,10796.0,10796.0,10796.0,10796.0,10796.0,10796.0,10796.0,10796.0,281.0,241.0,284.0,340.0,281.0,241.0,284.0,340.0,0.0,0.0,0.0,0.0,0.0,0.0,0.0,0.0,0.9454667995784938,0.9114268961316279,0.9330183147495427,0.8975898372662319,0.000185288,9.26e-05,0.000185288,0.000185288,44421.0,5136.0,3884.0,3531.0,3.23743,1.50347,1.12688,0.80832,68.54632,54.42206,52.93322,63.48055,3.20823,1.48413,1.10776,0.78992,3.23729,1.50335,1.12677,0.80824
50,4,41,0.001055869,0.001055869,0.001055869,0.001193756,784390.0,59314.0,59314.0,33190.0,0.0010558692553569898,0.0010558692553569898,0.0010558692553569898,0.0011937557386621875,21783.0,21783.0,21783.0,21780.0,21783.0,21783.0,21783.0,21780.0,21806.0,21806.0,21806.0,21806.0,21806.0,21806.0,21806.0,21806.0,346.0,343.0,330.0,237.0,346.0,343.0,330.0,237.0,0.0,0.0,0.0,0.0,0.0,0.0,0.0,0.0,0.9373666160953896,0.8892335704742685,0.8884580368734454,0.8759566134113903,0.001055869,0.001055869,0.001055869,0.001193756,49129.0,6570.0,6616.0,4117.0,2.44224,2.34907,2.24699,0.91183,48.28096,43.75306,43.20245,45.90524,2.42395,2.33071,2.22884,0.88116,2.44212,2.34895,2.24689,0.91173
50,4,46,6.75e-05,6.75e-05,6.75e-05,9e-05,794274.0,53068.0,53068.0,33608.0,6.748852693523609e-05,6.748852693523609e-05,6.748852693523609e-05,8.998672693752969e-05,44452.0,44452.0,44452.0,44451.0,44452.0,44452.0,44452.0,44451.0,44455.0,44455.0,44455.0,44455.0,44455.0,44455.0,44455.0,44455.0,360.0,383.0,377.0,436.0,360.0,383.0,377.0,436.0,0.0,0.0,0.0,0.0,0.0,0.0,0.0,0.0,0.9534996739148537,0.9693035350687927,0.9462953191952533,0.9501904308215249,6.75e-05,6.75e-05,6.75e-05,9e-05,36934.0,1629.0,2850.0,1674.0,2.21845,2.54436,2.07897,1.23242,46.83945,35.09538,34.45358,37.39591,2.20015,2.52623,2.06126,1.21402,2.21833,2.54425,2.07884,1.23234
50,4,51,0.0,0.0,0.0,0.0,758716.0,50386.0,50386.0,32089.0,0.0,0.0,0.0,0.0,0.0,0.0,0.0,0.0,0.0,0.0,0.0,0.0,0.0,0.0,0.0,0.0,0.0,0.0,0.0,0.0,1.0,1.0,1.0,1.0,1.0,1.0,1.0,1.0,0.0,0.0,0.0,0.0,1.0,1.0,1.0,1.0,0.9567954280640493,0.9999999999801532,0.9999999999801532,0.9999999999688367,0.0,0.0,0.0,0.0,32780.0,0.0,0.0,0.0,0.09928,0.04808,0.04469,0.02161,0.26398,0.18491,0.1827,0.0325,0.07464,0.02801,0.02471,0.00218,0.09173,0.04527,0.0421,0.02122
50,4,56,0.059479554,0.059479554,0.059479554,0.059479554,716352.0,52696.0,52696.0,30287.0,0.059479552797777835,0.059479552797777835,0.059479552797777835,0.059479552797777835,538.0,538.0,538.0,538.0,538.0,538.0,538.0,538.0,570.0,570.0,570.0,570.0,570.0,570.0,570.0,570.0,173.0,187.0,179.0,143.0,173.0,187.0,179.0,143.0,0.0,0.0,0.0,0.0,0.0,0.0,0.0,0.0,0.678244773518217,0.5588279945240848,0.5621679064717974,0.49037540857495376,0.059479554,0.059479554,0.059479554,0.059479554,230490.0,23248.0,23072.0,15435.0,1.52546,1.22383,0.83829,0.29828,39.33946,35.23333,35.41034,38.00289,1.50787,1.207,0.82116,0.27021,1.52534,1.22369,0.8382,0.29816
50,4,61,0.00611465,0.007012623,0.00611465,0.007783591,852854.0,64786.0,64786.0,36126.0,0.0061146496737393,0.007012622711956366,0.0061146496737393,0.007783590649759359,7850.0,7843.0,7850.0,7837.0,7850.0,7843.0,7850.0,7837.0,7898.0,7898.0,7898.0,7898.0,7898.0,7898.0,7898.0,7898.0,256.0,223.0,270.0,261.0,256.0,223.0,270.0,261.0,0.0,0.0,0.0,0.0,0.0,0.0,0.0,0.0,0.9228097657970499,0.7944154601180129,0.8136017040593091,0.7798815257493251,0.00611465,0.007012623,0.00611465,0.007783591,65832.0,13319.0,12076.0,7952.0,2.23174,2.45779,2.04113,0.65772,59.4662,84.84065,55.39259,70.84118,2.21322,2.43747,2.02214,0.63868,2.23164,2.45768,2.04102,0.65766
50,4,66,0.0,0.0,0.0,0.000389122,631824.0,47436.0,47436.0,26687.0,0.0,0.0,0.0,0.00038912188145223664,23138.0,23138.0,23138.0,23129.0,23138.0,23138.0,23138.0,23129.0,23138.0,23138.0,23138.0,23138.0,23138.0,23138.0,23138.0,23138.0,394.0,405.0,403.0,363.0,394.0,405.0,403.0,363.0,0.0,0.0,0.0,0.0,1.0,1.0,1.0,0.0,0.9568534908440375,0.999999999978919,0.999999999978919,0.9261438153060987,0.0,0.0,0.0,0.000389122,27261.0,0.0,0.0,1971.0,2.21587,2.59147,1.9566,0.94307,46.69236,46.0679,45.60484,51.83098,2.1914,2.56915,1.93424,0.92468,2.20938,2.58878,1.95377,0.94299
50,4,71,0.000469208,0.000539627,0.000469208,0.000610057,784540.0,51240.0,51240.0,33193.0,0.0004692082110336168,0.0005396274223312778,0.0004692082110336168,0.0006100565474060731,42625.0,42622.0,42625.0,42619.0,42625.0,42622.0,42625.0,42619.0,42645.0,42645.0,42645.0,42645.0,42645.0,42645.0,42645.0,42645.0,300.0,351.0,357.0,380.0,300.0,351.0,357.0,380.0,0.0,0.0,0.0,0.0,0.0,0.0,0.0,0.0,0.9385512529623237,0.8764441842139647,0.8741998438549141,0.8698822040529666,0.000469208,0.000539627,0.000469208,0.000610057,48209.0,6331.0,6446.0,4319.0,2.10041,2.6161,1.6867,0.88999,50.07758,48.7225,36.43342,47.32103,2.0819,2.59797,1.66917,0.87195,2.1003,2.61596,1.68659,0.88991
50,4,76,0.0,0.0,0.0,0.0,887636.0,60722.0,60722.0,37605.0,0.0,0.0,0.0,0.0,0.0,0.0,0.0,0.0,0.0,0.0,0.0,0.0,0.0,0.0,0.0,0.0,0.0,0.0,0.0,0.0,1.0,1.0,1.0,1.0,1.0,1.0,1.0,1.0,0.0,0.0,0.0,0.0,1.0,1.0,1.0,1.0,0.9567209982459514,0.9999999999835315,0.9999999999835315,0.9999999999734078,0.0,0.0,0.0,0.0,38416.0,0.0,0.0,0.0,0.17151,0.04804,0.04285,0.03215,0.3915,0.18994,0.18407,0.0467,0.13258,0.02858,0.02333,0.00408,0.15942,0.04539,0.03987,0.03163
50,4,81,0.035564853,0.035564853,0.035564853,0.035564853,828456.0,63324.0,63324.0,35075.0,0.03556485281245078,0.03556485281245078,0.03556485281245078,0.03556485281245078,478.0,478.0,478.0,478.0,478.0,478.0,478.0,478.0,495.0,495.0,495.0,495.0,495.0,495.0,495.0,495.0,160.0,225.0,194.0,179.0,160.0,225.0,194.0,179.0,0.0,0.0,0.0,0.0,0.0,0.0,0.0,0.0,0.6953296252297101,0.6027888320288866,0.6030257090423374,0.5393300071122072,0.035564853,0.035564853,0.035564853,0.035564853,252406.0,25153.0,25138.0,16158.0,1.62681,1.45638,0.8753,0.51446,55.54778,46.27746,46.55139,47.49821,1.60862,1.43901,0.85783,0.48585,1.62666,1.45626,0.87517,0.51439
50,4,86,0.004681873,0.005647681,0.004923151,0.008434751,734944.0,59906.0,59906.0,31075.0,0.004681872743479145,0.005647680839164046,0.00492315081061101,0.008434751164676768,8330.0,8322.0,8328.0,8299.0,8330.0,8322.0,8328.0,8299.0,8369.0,8369.0,8369.0,8369.0,8369.0,8369.0,8369.0,8369.0,251.0,357.0,301.0,340.0,251.0,357.0,301.0,340.0,0.0,0.0,0.0,0.0,0.0,0.0,0.0,0.0,0.9430718530922858,0.8812973658584901,0.8923813975078894,0.8325985518637941,0.004681873,0.005647681,0.004923151,0.008434751,41839.0,7111.0,6447.0,5202.0,3.43795,2.02304,1.51092,1.44958,88.19591,58.27015,58.52478,68.04667,3.4073,2.0046,1.49169,1.41995,3.43781,2.02292,1.5108,1.44949
50,4,91,0.000188352,0.000414469,0.000188352,0.000489864,818872.0,63460.0,63460.0,34663.0,0.00018835229405998933,0.000414468726294473,0.00018835229405998933,0.000489863591645993,26546.0,26540.0,26546.0,26538.0,26546.0,26540.0,26546.0,26538.0,26551.0,26551.0,26551.0,26551.0,26551.0,26551.0,26551.0,26551.0,337.0,356.0,438.0,288.0,337.0,356.0,438.0,288.0,0.0,0.0,0.0,0.0,0.0,0.0,0.0,0.0,0.9532393341072192,0.9402615820841433,0.9654585565558548,0.923434209360891,0.000188352,0.000414469,0.000188352,0.000489864,38291.0,3791.0,2192.0,2654.0,3.71471,3.23334,1.7938,1.08808,61.91523,46.59,46.03672,66.0937,3.68647,3.21495,1.77665,1.05852,3.71456,3.23322,1.79369,1.08801
50,4,96,0.000278264,0.000357796,0.000278264,0.000357796,824352.0,58562.0,58562.0,34895.0,0.00027826363486280334,0.0003577959767118955,0.00027826363486280334,0.0003577959767118955,50312.0,50308.0,50312.0,50308.0,50312.0,50308.0,50312.0,50308.0,50326.0,50326.0,50326.0,50326.0,50326.0,50326.0,50326.0,50326.0,286.0,291.0,265.0,416.0,286.0,291.0,265.0,416.0,0.0,0.0,0.0,0.0,0.0,0.0,0.0,0.0,0.9477844415966143,0.906509340512508,0.9216044533840784,0.9092133543227049,0.000278264,0.000357796,0.000278264,0.000357796,43044.0,5475.0,4591.0,3168.0,2.17538,3.53615,2.63834,1.12281,57.09732,44.19171,42.85593,51.03951,2.15659,3.51751,2.61967,1.10411,2.17525,3.53605,2.63824,1.12274
50,4,101,0.0,0.0,0.0,0.0,728964.0,54024.0,54024.0,30833.0,0.0,0.0,0.0,0.0,0.0,0.0,0.0,0.0,0.0,0.0,0.0,0.0,0.0,0.0,0.0,0.0,0.0,0.0,0.0,0.0,1.0,1.0,1.0,1.0,1.0,1.0,1.0,1.0,0.0,0.0,0.0,0.0,1.0,1.0,1.0,1.0,0.9567921049586031,0.9999999999814897,0.9999999999814897,0.9999999999675672,0.0,0.0,0.0,0.0,31497.0,0.0,0.0,0.0,0.15142,0.05727,0.05021,0.03128,0.3356,0.21635,0.19736,0.04468,0.11431,0.03724,0.03009,0.00336,0.14163,0.0543,0.04676,0.0307
50,4,106,0.0,0.0,0.0,0.0,760768.0,62788.0,62788.0,32179.0,0.0,0.0,0.0,0.0,0.0,0.0,0.0,0.0,0.0,0.0,0.0,0.0,0.0,0.0,0.0,0.0,0.0,0.0,0.0,0.0,1.0,1.0,1.0,1.0,1.0,1.0,1.0,1.0,0.0,0.0,0.0,0.0,1.0,1.0,1.0,1.0,0.9567910322188147,0.9999999999840734,0.9999999999840734,0.9999999999689239,0.0,0.0,0.0,0.0,32872.0,0.0,0.0,0.0,0.14894,0.06035,0.05375,0.02026,0.33781,0.21338,0.19883,0.03114,0.11115,0.04002,0.0333,0.00213,0.13849,0.05694,0.05005,0.01981
50,4,111,0.001990248,0.002389248,0.002189708,0.002888446,809238.0,65988.0,65988.0,34250.0,0.001990247783868795,0.0023892483799011965,0.002189708368478443,0.002888446212262504,10049.0,10045.0,10047.0,10040.0,10049.0,10045.0,10047.0,10040.0,10069.0,10069.0,10069.0,10069.0,10069.0,10069.0,10069.0,10069.0,312.0,351.0,325.0,322.0,312.0,351.0,325.0,322.0,0.0,0.0,0.0,0.0,0.0,0.0,0.0,0.0,0.9509550960274344,0.9295629508254598,0.9381402679132852,0.9149781021630663,0.001990248,0.002389248,0.002189708,0.002888446,39689.0,4648.0,4082.0,2912.0,2.1974,1.99608,1.61077,0.86444,74.84897,68.43455,99.77874,76.01179,2.17823,1.97806,1.59199,0.84512,2.19727,1.99597,1.61065,0.86432
50,4,116,0.003559028,0.003474635,0.002864832,0.003474635,679042.0,53134.0,53134.0,28684.0,0.003559027774688344,0.0034746351602895804,0.002864832014181064,0.0034746351602895804,11520.0,11512.0,11519.0,11512.0,11520.0,11512.0,11519.0,11512.0,11561.0,11552.0,11552.0,11552.0,11561.0,11552.0,11552.0,11552.0,256.0,254.0,232.0,262.0,256.0,254.0,232.0,262.0,0.0,0.0,0.0,0.0,0.0,0.0,0.0,0.0,0.9253050621302875,0.8513945872538978,0.8545187638639191,0.8370171523902866,0.003559028,0.003474635,0.002864832,0.003474635,50721.0,7896.0,7730.0,4675.0,1.88511,2.38628,1.9431,0.71476,69.25184,63.39277,58.66156,73.29985,1.86633,2.36706,1.92382,0.696,1.88499,2.38618,1.94299,0.71469
50,4,121,0.001009761,0.001220231,0.001009761,0.001178253,741450.0,55798.0,55798.0,31352.0,0.001009761022799663,0.0012202305809895521,0.001009761022799663,0.0011782528188948609,23768.0,23766.0,23768.0,23764.0,23768.0,23766.0,23768.0,23764.0,23792.0,23795.0,23792.0,23792.0,23792.0,23795.0,23792.0,23792.0,201.0,343.0,315.0,281.0,201.0,343.0,315.0,281.0,0.0,0.0,0.0,0.0,0.0,0.0,0.0,0.0,0.9403007620190973,0.8792071400251047,0.8900498225583345,0.8834524113012423,0.001009761,0.001220231,0.001009761,0.001178253,44264.0,6740.0,6135.0,3654.0,1.48234,1.8851,1.45676,0.71751,64.05577,44.79077,73.09619,64.79626,1.46313,1.86694,1.43882,0.6988,1.48222,1.88498,1.45665,0.71744
100,2,1,0.007543754,0.007543754,0.007543754,0.007543754,13112851.0,328070.0,328070.0,264800.0,0.007543753749113597,0.007543753749113597,0.007543753749113597,0.007543753749113597,3314.0,3314.0,3314.0,3314.0,3314.0,3314.0,3314.0,3314.0,3339.0,3339.0,3339.0,3339.0,3339.0,3339.0,3339.0,3339.0,507.0,559.0,596.0,480.0,507.0,559.0,596.0,480.0,0.0,0.0,0.0,0.0,0.0,0.0,0.0,0.0,0.6850735968859338,0.41483524857373477,0.41507909897151496,0.26868580060321495,0.007543754,0.007543754,0.007543754,0.007543754,4129583.0,191975.0,191895.0,193652.0,66.22176,20.19239,15.61127,1.70059,164.083,93.88667,87.76564,81.68643,66.20259,20.17384,15.59265,1.68178,66.22163,20.19226,15.61114,1.70049
100,2,6,0.000685289,0.000685289,0.000685289,0.000685289,12714869.0,365770.0,365770.0,256762.0,0.0006852891265222265,0.0006852891265222265,0.0006852891265222265,0.0006852891265222265,30644.0,30644.0,30644.0,30644.0,30644.0,30644.0,30644.0,30644.0,30665.0,30665.0,30665.0,30665.0,30665.0,30665.0,30665.0,30665.0,855.0,722.0,724.0,763.0,855.0,722.0,724.0,763.0,0.0,0.0,0.0,0.0,0.0,0.0,0.0,0.0,0.8137409044481061,0.6358011865362501,0.6461492194530821,0.5321503960845758,0.000685289,0.000685289,0.000685289,0.000685289,2368260.0,133213.0,129428.0,120126.0,91.91434,26.43243,19.41885,4.00205,211.06319,133.28708,126.85481,134.66097,91.89527,26.41354,19.40031,3.98266,91.91422,26.43232,19.41872,4.00195
100,2,11,3.2e-05,0.0,0.0,4.26e-05,12302534.0,332022.0,332022.0,248432.0,3.1951944272406096e-05,0.0,0.0,4.260304611325987e-05,93891.0,93894.0,93894.0,93890.0,93891.0,93894.0,93894.0,93890.0,93894.0,93894.0,93894.0,93894.0,93894.0,93894.0,93894.0,93894.0,1200.0,1050.0,1096.0,1417.0,1200.0,1050.0,1096.0,1417.0,0.0,0.0,0.0,0.0,0.0,1.0,1.0,0.0,0.9325735657384948,0.9999999999969881,0.9999999999969881,0.8065426354060405,3.2e-05,0.0,0.0,4.26e-05,829516.0,0.0,0.0,48061.0,91.23398,31.4656,25.37717,21.73515,258.49253,178.9347,174.16284,176.00364,91.21488,31.42112,25.33276,21.70548,91.23381,31.43941,25.35239,21.73501
100,2,16,0.000186548,0.000215254,0.000205686,0.000220039,12986625.0,350432.0,350432.0,262251.0,0.00018654842365689687,0.0002152543588904712,0.00020568553073058136,0.0002200388416284769,209061.0,209055.0,209057.0,209054.0,209061.0,209055.0,209057.0,209054.0,209100.0,209100.0,209100.0,209100.0,209100.0,209100.0,209100.0,209100.0,1460.0,1396.0,1450.0,1491.0,1460.0,1396.0,1450.0,1491.0,0.0,0.0,0.0,0.0,0.0,0.0,0.0,0.0,0.9751553617663576,0.9164773764926819,0.9189942699270643,0.9084769934112416,0.000186548,0.000215254,0.000205686,0.000220039,322648.0,29269.0,28387.0,24002.0,101.06482,40.83681,36.88242,24.8502,382.13238,214.78854,211.16609,200.91294,101.04454,40.81767,36.86345,24.82994,101.06468,40.83669,36.88229,24.85009
100,2,21,4.81e-05,5.02e-05,5.02e-05,5.46e-05,14097404.0,297938.0,297938.0,284692.0,4.805445005945527e-05,5.023885298036013e-05,5.023874324397596e-05,5.460768745061591e-05,457814.0,457813.0,457814.0,457811.0,457814.0,457813.0,457814.0,457811.0,457836.0,457836.0,457837.0,457836.0,457836.0,457836.0,457837.0,457836.0,1873.0,1734.0,1686.0,1761.0,1873.0,1734.0,1686.0,1761.0,0.0,0.0,0.0,0.0,0.0,0.0,0.0,0.0,0.9764372929937329,0.914948747722966,0.9156703743701183,0.9324673682403002,4.81e-05,5.02e-05,5.02e-05,5.46e-05,332173.0,25340.0,25125.0,19226.0,183.99345,53.48529,39.44405,35.18862,389.54753,239.00839,176.2239,282.01728,183.96274,53.46494,39.42557,35.16871,183.99326,53.48511,39.44393,35.18852
100,2,26,0.210526313,0.0,0.0,0.352941171,13942372.0,408390.0,408390.0,281558.0,0.2105262880886463,0.0,0.0,0.35294112456748167,76.0,92.0,92.0,68.0,76.0,92.0,92.0,68.0,92.0,92.0,92.0,92.0,92.0,92.0,92.0,92.0,360.0,637.0,480.0,344.0,360.0,637.0,480.0,344.0,0.0,0.0,0.0,0.0,0.0,1.0,1.0,0.0,0.5672658856039297,0.9999999999975513,0.9999999999975513,0.2051051648320946,0.210526313,0.0,0.0,0.352941171,6033340.0,0.0,0.0,223809.0,57.27231,26.01235,13.36947,1.1067,128.04994,80.61084,67.80223,55.91105,57.25345,25.96388,13.3218,1.08805,57.27218,25.98211,13.34023,1.1066
100,2,31,0.000314342,0.000314342,0.000314342,0.000314342,13069192.0,408630.0,408630.0,263918.0,0.0003143418465113227,0.0003143418465113227,0.0003143418465113227,0.0003143418465113227,12725.0,12725.0,12725.0,12725.0,12725.0,12725.0,12725.0,12725.0,12729.0,12729.0,12729.0,12729.0,12729.0,12729.0,12729.0,12729.0,699.0,776.0,686.0,646.0,699.0,776.0,686.0,646.0,0.0,0.0,0.0,0.0,0.0,0.0,0.0,0.0,0.7655568913517556,0.6015368426189914,0.5896214179071786,0.5299335399611624,0.000314342,0.000314342,0.000314342,0.000314342,3063982.0,162824.0,167693.0,124059.0,78.79482,30.33562,19.85246,3.14153,234.71358,133.35623,121.85776,106.06398,78.77493,30.31704,19.83425,3.12245,78.79469,30.33552,19.85235,3.14141
100,2,36,0.001696863,0.001997949,0.001714569,0.002051101,12511327.0,411536.0,411536.0,252648.0,0.0016968625715074038,0.001997949007744625,0.0017145685294102293,0.002051100698072478,56575.0,56558.0,56574.0,56555.0,56575.0,56558.0,56574.0,56555.0,56671.0,56671.0,56671.0,56671.0,56671.0,56671.0,56671.0,56671.0,1070.0,983.0,1047.0,990.0,1070.0,983.0,1047.0,990.0,0.0,0.0,0.0,0.0,0.0,0.0,0.0,0.0,0.9083563238335224,0.7719616266844894,0.7855667547898955,0.7372154143284838,0.001696863,0.001997949,0.001714569,0.002051101,1146584.0,93846.0,88247.0,66392.0,140.2503,37.11612,27.28224,11.43449,329.16758,200.05742,186.25129,188.49409,140.23124,37.09633,27.26318,11.40424,140.25015,37.116,27.28213,11.43438
100,2,41,0.000811705,0.001017914,0.000815915,0.000963257,14572902.0,457718.0,457718.0,294297.0,0.0008117053803528729,0.001017914453080541,0.0008159145392263148,0.0009632574084184804,237771.0,237741.0,237770.0,237735.0,237771.0,237741.0,237770.0,237735.0,237964.0,237983.0,237964.0,237964.0,237964.0,237983.0,237964.0,237964.0,1288.0,1408.0,1439.0,1437.0,1288.0,1408.0,1439.0,1437.0,0.0,0.0,0.0,0.0,0.0,0.0,0.0,0.0,0.966629364556149,0.8424903543211267,0.8601671771683435,0.8285065766867195,0.000811705,0.001017914,0.000815915,0.000963257,486307.0,72095.0,64004.0,50470.0,164.31046,56.73247,45.44011,26.11218,445.38524,244.60516,243.69147,286.36303,164.27758,56.71312,45.41965,26.09119,164.31028,56.73234,45.43999,26.11205
100,2,46,6.62e-05,7.81e-05,6.39e-05,8.04e-05,13408562.0,339138.0,339138.0,270776.0,6.622453902833879e-05,7.805127258867567e-05,6.385937692018384e-05,8.04166528677899e-05,422804.0,422799.0,422804.0,422798.0,422804.0,422799.0,422804.0,422798.0,422832.0,422832.0,422831.0,422832.0,422832.0,422832.0,422831.0,422832.0,1436.0,1332.0,1073.0,1696.0,1436.0,1332.0,1073.0,1696.0,0.0,0.0,0.0,0.0,0.0,0.0,0.0,0.0,0.9756351203058929,0.9062269636522412,0.9154385530347072,0.9149222973937317,6.62e-05,7.81e-05,6.39e-05,8.04e-05,326698.0,31802.0,28678.0,23037.0,146.1453,41.7018,24.3846,31.23083,323.59958,183.55106,209.90642,220.70818,146.11712,41.68297,24.36372,31.21095,146.14506,41.7017,24.38449,31.23073
100,2,51,0.0,0.0,0.0,0.0,13112751.0,397520.0,397520.0,264799.0,0.0,0.0,0.0,0.0,0.0,0.0,0.0,0.0,0.0,0.0,0.0,0.0,0.0,0.0,0.0,0.0,0.0,0.0,0.0,0.0,1.0,1.0,1.0,1.0,1.0,1.0,1.0,1.0,0.0,0.0,0.0,0.0,1.0,1.0,1.0,1.0,0.9796000091818277,0.9999999999974843,0.9999999999974843,0.9999999999962236,0.0,0.0,0.0,0.0,267500.0,0.0,0.0,0.0,2.68625,0.27256,0.24543,0.03998,6.38467,1.67137,1.64583,0.08386,2.59882,0.23012,0.20255,0.02071,2.61743,0.24842,0.22115,0.03896
100,2,56,0.012843668,0.013453815,0.012843668,0.015288674,12632602.0,443922.0,443922.0,255098.0,0.012843668447032575,0.013453815234028485,0.012843668447032575,0.01528867428024809,4983.0,4980.0,4983.0,4971.0,4983.0,4980.0,4983.0,4971.0,5047.0,5047.0,5047.0,5047.0,5047.0,5047.0,5047.0,5047.0,578.0,764.0,596.0,633.0,578.0,764.0,596.0,633.0,0.0,0.0,0.0,0.0,0.0,0.0,0.0,0.0,0.6615104315009163,0.5423858245355211,0.5336117606234122,0.4746763988722974,0.012843668,0.013453815,0.012843668,0.015288674,4276004.0,203145.0,207040.0,134009.0,95.65695,42.80322,16.55125,3.21895,250.68664,149.62352,133.77447,126.29463,95.63723,42.78407,16.53215,3.20055,95.65674,42.8031,16.55113,3.21882
100,2,61,0.003302292,0.004120213,0.003567418,0.004474322,12035629.0,425856.0,425856.0,243041.0,0.0033022917897755997,0.00412021328072088,0.0035674175852618488,0.004474322238379034,45423.0,45386.0,45411.0,45370.0,45423.0,45386.0,45411.0,45370.0,45573.0,45573.0,45573.0,45573.0,45573.0,45573.0,45573.0,45573.0,1019.0,1053.0,1162.0,1022.0,1019.0,1053.0,1162.0,1022.0,0.0,0.0,0.0,0.0,0.0,0.0,0.0,0.0,0.9572547475498823,0.8189740193849119,0.8330304140347136,0.7896363165030195,0.003302292,0.004120213,0.003567418,0.004474322,514466.0,77091.0,71105.0,51127.0,82.02574,36.72283,30.60233,13.75244,393.80364,266.16973,266.94466,339.39781,82.00313,36.70332,30.58158,13.73162,82.02559,36.72271,30.60222,13.75236
100,2,66,0.000846479,0.000981075,0.000854397,0.001313561,11346987.0,382082.0,382082.0,229127.0,0.0008464788063188077,0.0009810747514889333,0.0008543965823460784,0.0013135613337147227,126406.0,126392.0,126405.0,126374.0,126406.0,126392.0,126405.0,126374.0,126513.0,126516.0,126513.0,126540.0,126513.0,126516.0,126513.0,126540.0,1161.0,1167.0,1236.0,1194.0,1161.0,1167.0,1236.0,1194.0,0.0,0.0,0.0,0.0,0.0,0.0,0.0,0.0,0.967282327898942,0.8522882522577554,0.8629220952547806,0.8109781911306351,0.000846479,0.000981075,0.000854397,0.001313561,371247.0,56438.0,52375.0,43310.0,81.88142,48.53472,34.80569,18.92004,334.55962,284.23521,246.1107,252.82033,81.85876,48.50782,34.78308,18.89968,81.88124,48.53456,34.80558,18.91978
100,2,71,1.53e-05,2.44e-05,1.53e-05,2.75e-05,13030284.0,373954.0,373954.0,263133.0,1.5276504735249724e-05,2.4442631615186125e-05,1.5276504735249724e-05,2.7498044582656126e-05,327300.0,327297.0,327300.0,327296.0,327300.0,327297.0,327300.0,327296.0,327305.0,327305.0,327305.0,327305.0,327305.0,327305.0,327305.0,327305.0,1555.0,1636.0,2025.0,1658.0,1555.0,1636.0,2025.0,1658.0,0.0,0.0,0.0,0.0,0.0,0.0,0.0,0.0,0.9788157341773227,0.9679613000503592,0.982195671122699,0.9623384372125033,1.53e-05,2.44e-05,1.53e-05,2.75e-05,276037.0,11981.0,6658.0,9910.0,107.75271,58.6256,52.15598,31.8881,311.15475,221.86554,206.58307,300.56269,107.73076,58.60481,52.13614,31.86594,107.75254,58.62547,52.15585,31.88799
100,2,76,0.0,0.0,0.0,0.0,12326689.0,411188.0,411188.0,248921.0,0.0,0.0,0.0,0.0,0.0,0.0,0.0,0.0,0.0,0.0,0.0,0.0,0.0,0.0,0.0,0.0,0.0,0.0,0.0,0.0,1.0,1.0,1.0,1.0,1.0,1.0,1.0,1.0,0.0,0.0,0.0,0.0,1.0,1.0,1.0,1.0,0.9796003614595145,0.9999999999975681,0.9999999999975681,0.9999999999959827,0.0,0.0,0.0,0.0,251460.0,0.0,0.0,0.0,2.63014,0.28842,0.2606,0.06405,6.25751,1.65173,1.62684,0.12013,2.54438,0.24535,0.21783,0.03305,2.56539,0.26326,0.23576,0.06243
100,2,81,0.146464646,0.158163265,0.147914033,0.159642401,11851491.0,438794.0,438794.0,239319.0,0.1464646446153454,0.1581632632887339,0.14791403099982262,0.1596423989828557,792.0,784.0,791.0,783.0,792.0,784.0,791.0,783.0,908.0,908.0,908.0,908.0,908.0,908.0,908.0,908.0,1076.0,1124.0,1135.0,879.0,1076.0,1124.0,1135.0,879.0,0.0,0.0,0.0,0.0,0.0,0.0,0.0,0.0,0.8104155839969156,0.6166378756304401,0.6165216479700805,0.557285464168924,0.146464646,0.158163265,0.147914033,0.159642401,2246858.0,168217.0,168268.0,105950.0,141.9922,53.90077,34.2658,9.41923,299.72549,210.26371,183.4533,164.20073,141.97272,53.88195,34.24742,9.39997,141.99204,53.90064,34.26565,9.41913
100,2,86,0.013229486,0.011251175,0.013257471,0.014462296,12865450.0,492908.0,492908.0,259802.0,0.0132294860073385,0.011251174873873174,0.013257471133718866,0.014462295712617233,36207.0,36174.0,36206.0,36163.0,36207.0,36174.0,36206.0,36163.0,36686.0,36581.0,36686.0,36686.0,36686.0,36581.0,36686.0,36686.0,1266.0,1184.0,1242.0,1207.0,1266.0,1184.0,1242.0,1207.0,0.0,0.0,0.0,0.0,0.0,0.0,0.0,0.0,0.9272376014829697,0.7634426708416917,0.7360115883679388,0.7133162947140002,0.013229486,0.011251175,0.013257471,0.014462296,936121.0,116601.0,130122.0,74481.0,114.35176,49.56598,37.45864,20.05246,386.47857,446.09846,251.51489,241.24492,114.33247,49.54162,37.43837,20.03178,114.35163,49.56587,37.45853,20.05234
100,2,91,0.002777649,0.002886805,0.002631416,0.002902287,12103743.0,422302.0,422302.0,244415.0,0.0027776491826938835,0.0028868048317018404,0.0026314164889780366,0.0029022870946329078,129606.0,129555.0,129588.0,129553.0,129606.0,129555.0,129588.0,129553.0,129966.0,129929.0,129929.0,129929.0,129966.0,129929.0,129929.0,129929.0,1171.0,1172.0,1158.0,1073.0,1171.0,1172.0,1158.0,1073.0,0.0,0.0,0.0,0.0,0.0,0.0,0.0,0.0,0.9536157534077719,0.7906948108207144,0.8010452235584936,0.7648466747099611,0.002777649,0.002886805,0.002631416,0.002902287,561423.0,88390.0,84019.0,57475.0,84.95243,43.76768,35.1116,17.85571,415.53906,320.62346,386.71043,414.50277,84.93202,43.74399,35.08521,17.83277,84.95221,43.76756,35.11147,17.85558
100,2,96,0.000212481,0.000299074,0.00023609,0.000369924,12249173.0,367624.0,367624.0,247354.0,0.00021248130950608007,0.00029907365868222347,0.00023609034389564452,0.00036992436225945376,254140.0,254118.0,254140.0,254106.0,254140.0,254118.0,254140.0,254106.0,254194.0,254194.0,254200.0,254200.0,254194.0,254194.0,254200.0,254200.0,1390.0,1298.0,1420.0,1457.0,1390.0,1298.0,1420.0,1457.0,0.0,0.0,0.0,0.0,0.0,0.0,0.0,0.0,0.973377059822653,0.8848334167494918,0.8969408961305656,0.8691227956658508,0.000212481,0.000299074,0.00023609,0.000369924,326109.0,42338.0,37887.0,32373.0,128.74912,41.85107,35.15994,26.32507,328.6012,217.13127,229.2182,220.71443,128.72857,41.83042,35.14036,26.30508,128.74896,41.85095,35.15982,26.32496
100,2,101,0.0,0.0,0.0,0.0,12021376.0,423494.0,423494.0,242750.0,0.0,0.0,0.0,0.0,0.0,0.0,0.0,0.0,0.0,0.0,0.0,0.0,0.0,0.0,0.0,0.0,0.0,0.0,0.0,0.0,1.0,1.0,1.0,1.0,1.0,1.0,1.0,1.0,0.0,0.0,0.0,0.0,1.0,1.0,1.0,1.0,0.9796008377076817,0.9999999999976387,0.9999999999976387,0.9999999999958805,0.0,0.0,0.0,0.0,245226.0,0.0,0.0,0.0,3.20091,0.76619,0.25771,0.03974,7.85963,2.37767,1.64869,0.08115,2.99516,0.7216,0.21307,0.01985,3.02618,0.74111,0.23176,0.03848
100,2,106,0.0,0.0,0.0,0.0,12656757.0,490550.0,490550.0,255587.0,0.0,0.0,0.0,0.0,0.0,0.0,0.0,0.0,0.0,0.0,0.0,0.0,0.0,0.0,0.0,0.0,0.0,0.0,0.0,0.0,1.0,1.0,1.0,1.0,1.0,1.0,1.0,1.0,0.0,0.0,0.0,0.0,1.0,1.0,1.0,1.0,0.9796003036164019,0.9999999999979614,0.9999999999979614,0.9999999999960875,0.0,0.0,0.0,0.0,258194.0,0.0,0.0,0.0,4.02983,0.32669,0.29636,0.06427,9.10826,1.85103,1.86154,0.1231,3.83217,0.27892,0.2485,0.03533,3.86108,0.29644,0.26629,0.06255
100,2,111,0.002761806,0.003143381,0.002845136,0.003478551,13219573.0,524504.0,524504.0,266956.0,0.0027618061256429165,0.003143381039322818,0.0028451364828821425,0.0034785509210442144,84003.0,83986.0,84003.0,83943.0,84003.0,83986.0,84003.0,83943.0,84235.0,84250.0,84242.0,84235.0,84235.0,84250.0,84242.0,84235.0,1116.0,1317.0,1295.0,1110.0,1116.0,1317.0,1295.0,1110.0,0.0,0.0,0.0,0.0,0.0,0.0,0.0,0.0,0.9604562870524668,0.8208364473849182,0.8332157619373098,0.7978955333433304,0.002761806,0.003143381,0.002845136,0.003478551,522751.0,93972.0,87479.0,53953.0,81.84029,60.51858,43.38513,18.26996,500.24996,297.33123,374.61062,558.68301,81.81567,60.49342,43.35579,18.24726,81.84015,60.51847,43.38501,18.26982
100,2,116,0.000528561,0.000690835,0.000706492,0.00075888,12375399.0,456936.0,456936.0,249903.0,0.0005285605881922412,0.0006908354398219091,0.000706491875306461,0.0007588802067943917,191085.0,191073.0,191085.0,191071.0,191085.0,191073.0,191085.0,191071.0,191186.0,191205.0,191220.0,191216.0,191186.0,191205.0,191220.0,191216.0,1221.0,1304.0,1377.0,1265.0,1221.0,1304.0,1377.0,1265.0,0.0,0.0,0.0,0.0,0.0,0.0,0.0,0.0,0.9703939242685451,0.8736037431918833,0.8713430327203999,0.8596815564404602,0.000528561,0.000690835,0.000706492,0.00075888,366387.0,57755.0,58788.0,35066.0,90.52829,54.17196,42.69694,19.71828,331.13601,339.8866,308.52532,239.58056,90.50627,54.14608,42.67591,19.69791,90.52815,54.17176,42.69682,19.71819
100,2,121,0.000264513,0.000293451,0.000268646,0.000343066,12719820.0,418768.0,418768.0,256861.0,0.00026451308925396925,0.0002934514854310244,0.00026864610627356253,0.00034306593477849244,241954.0,241948.0,241954.0,241936.0,241954.0,241948.0,241954.0,241936.0,242018.0,242019.0,242019.0,242019.0,242018.0,242019.0,242019.0,242019.0,1446.0,1438.0,1507.0,1463.0,1446.0,1438.0,1507.0,1463.0,0.0,0.0,0.0,0.0,0.0,0.0,0.0,0.0,0.9739567069344555,0.9046799182341901,0.9089806288901994,0.8943475264797134,0.000264513,0.000293451,0.000268646,0.000343066,331266.0,39917.0,38116.0,27138.0,118.08039,48.82316,51.81668,21.1098,390.94846,295.72988,295.98761,250.66191,118.05935,48.8016,51.79674,21.09119,118.08021,48.82303,51.8165,21.10971
100,4,1,0.005527638,0.005527638,0.005527638,0.005527638,6546551.0,192376.0,192376.0,134800.0,0.0055276381631776976,0.0055276381631776976,0.0055276381631776976,0.0055276381631776976,1990.0,1990.0,1990.0,1990.0,1990.0,1990.0,1990.0,1990.0,2001.0,2001.0,2001.0,2001.0,2001.0,2001.0,2001.0,2001.0,367.0,475.0,477.0,298.0,367.0,475.0,477.0,298.0,0.0,0.0,0.0,0.0,0.0,0.0,0.0,0.0,0.5644917453479604,0.42048384413637624,0.413944566887689,0.2970994065259859,0.005527638,0.005527638,0.005527638,0.005527638,2851077.0,111485.0,112743.0,94751.0,26.60963,10.88941,7.81016,0.99474,140.21929,121.98534,114.99243,120.14554,26.59024,10.87044,7.79097,0.9749,26.60951,10.88929,7.81003,0.99466
100,4,6,0.0,0.0,0.0,0.0,6350609.0,202332.0,202332.0,130762.0,0.0,0.0,0.0,0.0,16893.0,16893.0,16893.0,16893.0,16893.0,16893.0,16893.0,16893.0,16893.0,16893.0,16893.0,16893.0,16893.0,16893.0,16893.0,16893.0,647.0,615.0,604.0,650.0,647.0,615.0,604.0,650.0,0.0,0.0,0.0,0.0,1.0,1.0,1.0,1.0,0.9791955385694538,0.9999999999950576,0.9999999999950576,0.9999999999923526,0.0,0.0,0.0,0.0,132121.0,0.0,0.0,0.0,37.94778,14.05462,10.1821,3.01097,209.23317,172.77697,173.63287,212.75148,37.89359,14.0168,10.14804,2.99055,37.91226,14.0359,10.16757,3.01006
100,4,11,0.000856608,0.000916426,0.000876564,0.000916444,6155467.0,198726.0,198726.0,126732.0,0.0008566078328107478,0.0009164259386559566,0.000876563869456418,0.0009164441963349316,50198.0,50195.0,50196.0,50194.0,50198.0,50195.0,50196.0,50194.0,50241.0,50241.0,50240.0,50240.0,50241.0,50241.0,50240.0,50240.0,654.0,759.0,812.0,671.0,654.0,759.0,812.0,671.0,0.0,0.0,0.0,0.0,0.0,0.0,0.0,0.0,0.9047315175272802,0.7627889657077443,0.7655666596179383,0.7273616766031676,0.000856608,0.000916426,0.000876564,0.000916444,586422.0,47140.0,46588.0,34552.0,31.35674,15.90565,12.69031,6.04718,355.15388,237.99621,233.08342,343.92569,31.33206,15.88547,12.67065,6.02135,31.35661,15.90554,12.69019,6.04708
100,4,16,0.000989919,0.001053559,0.001062632,0.001235218,6480937.0,208872.0,208872.0,133451.0,0.0009899191716474507,0.001053558940169336,0.0010626316935749263,0.0012352182520539846,110110.0,110103.0,110104.0,110102.0,110110.0,110103.0,110104.0,110102.0,110219.0,110219.0,110221.0,110238.0,110219.0,110219.0,110221.0,110238.0,643.0,901.0,754.0,847.0,643.0,901.0,754.0,847.0,0.0,0.0,0.0,0.0,0.0,0.0,0.0,0.0,0.9544534995478348,0.8058523880615599,0.8049235895629624,0.7886565106234599,0.000989919,0.001053559,0.001062632,0.001235218,295184.0,40552.0,40746.0,28204.0,24.63931,19.31326,12.12678,14.88802,404.46044,370.38667,321.42194,347.55008,24.57627,19.29146,12.10432,14.84923,24.63919,19.31315,12.12666,14.88791
100,4,21,1.68e-05,2.11e-05,1.68e-05,2.11e-05,7015902.0,216244.0,216244.0,144492.0,1.6849980411187968e-05,2.1062564239933672e-05,1.6849980411187968e-05,2.1062564239933672e-05,237389.0,237388.0,237389.0,237388.0,237389.0,237388.0,237389.0,237388.0,237393.0,237393.0,237393.0,237393.0,237393.0,237393.0,237393.0,237393.0,965.0,1130.0,888.0,1151.0,965.0,1130.0,888.0,1151.0,0.0,0.0,0.0,0.0,0.0,0.0,0.0,0.0,0.9768403264468379,0.9520634098474313,0.9508333179142504,0.9593264678946978,1.68e-05,2.11e-05,1.68e-05,2.11e-05,162486.0,10366.0,10632.0,5877.0,32.27231,22.26979,15.27398,15.50285,229.86916,193.58014,219.21374,322.32579,32.24979,22.25063,15.24824,15.48101,32.27215,22.26967,15.27385,15.50273
100,4,26,0.0,0.0,0.0,0.0,6941686.0,223354.0,223354.0,142958.0,0.0,0.0,0.0,0.0,141.0,141.0,141.0,141.0,141.0,141.0,141.0,141.0,141.0,141.0,141.0,141.0,141.0,141.0,141.0,141.0,270.0,401.0,463.0,269.0,270.0,401.0,463.0,269.0,0.0,0.0,0.0,0.0,1.0,1.0,1.0,1.0,0.9791917986493512,0.9999999999955228,0.9999999999955228,0.9999999999930049,0.0,0.0,0.0,0.0,144444.0,0.0,0.0,0.0,22.76852,9.04893,7.87757,0.64786,121.38927,99.20401,98.86791,91.2765,22.71141,9.01304,7.84329,0.62852,22.73037,9.03179,7.86279,0.64706
100,4,31,0.007062147,0.007062147,0.007062147,0.007062147,6523096.0,219304.0,219304.0,134318.0,0.007062146882680584,0.007062146882680584,0.007062146882680584,0.007062146882680584,7080.0,7080.0,7080.0,7080.0,7080.0,7080.0,7080.0,7080.0,7130.0,7130.0,7130.0,7130.0,7130.0,7130.0,7130.0,7130.0,459.0,551.0,603.0,431.0,459.0,551.0,603.0,431.0,0.0,0.0,0.0,0.0,0.0,0.0,0.0,0.0,0.6900476399549094,0.5650649326935894,0.5650968518560304,0.4969252073400666,0.007062147,0.007062147,0.007062147,0.007062147,2021849.0,95383.0,95376.0,67572.0,29.54971,12.51871,10.33226,1.95542,184.52434,152.98406,151.78899,138.34445,29.52966,12.49954,10.31257,1.93543,29.54958,12.51859,10.33213,1.95534
100,4,36,0.000584928,0.000584928,0.000584928,0.000584928,6258189.0,223610.0,223610.0,128848.0,0.0005849283460875026,0.0005849283460875026,0.0005849283460875026,0.0005849283460875026,30773.0,30773.0,30773.0,30773.0,30773.0,30773.0,30773.0,30773.0,30791.0,30791.0,30791.0,30791.0,30791.0,30791.0,30791.0,30791.0,642.0,778.0,781.0,671.0,642.0,778.0,781.0,671.0,0.0,0.0,0.0,0.0,0.0,0.0,0.0,0.0,0.9177306725634337,0.8346183086586708,0.8328563123257776,0.8075872345646996,0.000584928,0.000584928,0.000584928,0.000584928,514857.0,36981.0,37375.0,24792.0,33.63968,22.63648,13.53491,9.28615,276.99412,269.55381,266.26126,334.92867,33.615,22.61531,13.51443,9.25783,33.63954,22.6363,13.53481,9.28605
100,4,41,0.000436058,0.000681847,0.000499485,0.000491584,7243901.0,258358.0,258358.0,149197.0,0.0004360580353257704,0.0006818470125046106,0.0004994846586458824,0.000491583612783427,126130.0,126128.0,126130.0,126123.0,126130.0,126128.0,126130.0,126123.0,126185.0,126214.0,126193.0,126185.0,126185.0,126214.0,126193.0,126185.0,974.0,858.0,957.0,606.0,974.0,858.0,957.0,606.0,0.0,0.0,0.0,0.0,0.0,0.0,0.0,0.0,0.9650811075412316,0.8534630241724527,0.8768724018575895,0.8764988572097528,0.000436058,0.000681847,0.000499485,0.000491584,252949.0,37859.0,31811.0,18426.0,43.20436,22.64177,20.2995,7.40692,301.64147,333.25356,252.01236,331.93414,43.18362,22.61784,20.27843,7.36098,43.20424,22.64165,20.29937,7.4068
100,4,46,4.56e-05,4.56e-05,4.56e-05,5.01e-05,6685681.0,213482.0,213482.0,137676.0,4.555269079537036e-05,4.555269079537036e-05,4.555269079537036e-05,5.010818813118742e-05,219526.0,219526.0,219526.0,219525.0,219526.0,219526.0,219526.0,219525.0,219536.0,219536.0,219536.0,219536.0,219536.0,219536.0,219536.0,219536.0,914.0,917.0,956.0,1015.0,914.0,917.0,956.0,1015.0,0.0,0.0,0.0,0.0,0.0,0.0,0.0,0.0,0.973106853288248,0.925384809956224,0.9327062703135032,0.9349923007573215,4.56e-05,4.56e-05,4.56e-05,5.01e-05,179799.0,15929.0,14366.0,8950.0,34.46739,18.77031,16.32941,12.50914,283.29735,205.45341,332.96294,206.27881,34.44583,18.7479,16.30832,12.48612,34.46727,18.77021,16.3293,12.50903
100,4,51,0.0,0.0,0.0,0.0,6546451.0,211884.0,211884.0,134799.0,0.0,0.0,0.0,0.0,0.0,0.0,0.0,0.0,0.0,0.0,0.0,0.0,0.0,0.0,0.0,0.0,0.0,0.0,0.0,0.0,1.0,1.0,1.0,1.0,1.0,1.0,1.0,1.0,0.0,0.0,0.0,0.0,1.0,1.0,1.0,1.0,0.9791948339640854,0.9999999999952804,0.9999999999952804,0.9999999999925815,0.0,0.0,0.0,0.0,136200.0,0.0,0.0,0.0,1.26692,0.24398,0.15735,0.04716,2.89364,1.17555,0.938,0.0886,1.2128,0.21199,0.1227,0.01668,1.23112,0.23117,0.1412,0.04647
100,4,56,0.018205892,0.018205892,0.018205892,0.018205892,6313801.0,228968.0,228968.0,129998.0,0.01820589202844789,0.01820589202844789,0.01820589202844789,0.01820589202844789,3021.0,3021.0,3021.0,3021.0,3021.0,3021.0,3021.0,3021.0,3076.0,3076.0,3076.0,3076.0,3076.0,3076.0,3076.0,3076.0,448.0,581.0,516.0,472.0,448.0,581.0,516.0,472.0,0.0,0.0,0.0,0.0,0.0,0.0,0.0,0.0,0.6535904441713235,0.5349000733703622,0.5496182872691834,0.49503069277608097,0.018205892,0.018205892,0.018205892,0.018205892,2187161.0,106493.0,103123.0,65645.0,51.49166,13.19659,8.4911,2.55629,282.02651,162.29865,165.26166,181.87071,51.45952,13.17805,8.47194,2.53663,51.49154,13.19647,8.49097,2.55621
100,4,61,0.002822012,0.003105214,0.002781697,0.003186126,6024939.0,224114.0,224114.0,124041.0,0.0028220116900536133,0.0031052143391921546,0.002781697237338562,0.0031861262338430626,24805.0,24797.0,24805.0,24795.0,24805.0,24797.0,24805.0,24795.0,24875.0,24874.0,24874.0,24874.0,24875.0,24874.0,24874.0,24874.0,545.0,808.0,775.0,667.0,545.0,808.0,775.0,667.0,0.0,0.0,0.0,0.0,0.0,0.0,0.0,0.0,0.9590453944843327,0.836538547342707,0.8478809891356726,0.8246869986470226,0.002822012,0.003105214,0.002781697,0.003186126,246749.0,36634.0,34092.0,21746.0,20.61151,17.74098,12.85257,11.65296,576.98509,296.18752,398.99428,430.31467,20.5721,17.71907,12.82989,11.60378,20.6114,17.74087,12.85247,11.65284
100,4,66,0.000382651,0.000927275,0.000662281,0.000824293,5699969.0,209252.0,209252.0,117327.0,0.0003826511839547513,0.000927275135643091,0.0006622808953063004,0.0008242930949520447,67947.0,67941.0,67947.0,67937.0,67947.0,67941.0,67947.0,67937.0,67973.0,68004.0,67992.0,67993.0,67973.0,68004.0,67992.0,67993.0,551.0,681.0,816.0,709.0,551.0,681.0,816.0,709.0,0.0,0.0,0.0,0.0,0.0,0.0,0.0,0.0,0.9694208863239485,0.8467971632249784,0.8731577236973928,0.8515005071223888,0.000382651,0.000927275,0.000662281,0.000824293,174300.0,32058.0,26542.0,17423.0,20.60307,16.82752,14.60313,8.97905,372.29596,387.8463,519.85111,631.68652,20.56042,16.79635,14.57737,8.94261,20.60294,16.82739,14.60302,8.97895
100,4,71,0.000117182,0.000134762,0.000117182,0.000134762,6504392.0,220424.0,220424.0,133933.0,0.00011718246480909908,0.00013476220329553573,0.00011718246480909908,0.00013476220329553573,170674.0,170671.0,170674.0,170671.0,170674.0,170671.0,170674.0,170671.0,170694.0,170694.0,170694.0,170694.0,170694.0,170694.0,170694.0,170694.0,828.0,935.0,943.0,967.0,828.0,935.0,943.0,967.0,0.0,0.0,0.0,0.0,0.0,0.0,0.0,0.0,0.9706981067560241,0.9024788589223384,0.9076597829596248,0.9059529764814799,0.000117182,0.000134762,0.000117182,0.000134762,190591.0,21496.0,20354.0,12596.0,30.1753,21.86703,16.48958,16.24803,314.53593,410.74186,238.74226,236.41329,30.14951,21.84268,16.46446,16.22035,30.17517,21.86691,16.48946,16.24793
100,4,76,0.0,0.0,0.0,0.0,6164469.0,215486.0,215486.0,126921.0,0.0,0.0,0.0,0.0,0.0,0.0,0.0,0.0,0.0,0.0,0.0,0.0,0.0,0.0,0.0,0.0,0.0,0.0,0.0,0.0,1.0,1.0,1.0,1.0,1.0,1.0,1.0,1.0,0.0,0.0,0.0,0.0,1.0,1.0,1.0,1.0,0.979196910552883,0.9999999999953593,0.9999999999953593,0.9999999999921212,0.0,0.0,0.0,0.0,128240.0,0.0,0.0,0.0,1.72125,0.16072,0.31553,0.0465,3.3547,0.92599,1.068,0.09635,1.64563,0.12921,0.27236,0.0166,1.67416,0.14787,0.29178,0.04561
100,4,81,0.086206896,0.086206896,0.086206896,0.086206896,5936770.0,225432.0,225432.0,122219.0,0.08620689540839661,0.08620689540839661,0.08620689540839661,0.08620689540839661,754.0,754.0,754.0,754.0,754.0,754.0,754.0,754.0,819.0,819.0,819.0,819.0,819.0,819.0,819.0,819.0,671.0,806.0,864.0,716.0,671.0,806.0,864.0,716.0,0.0,0.0,0.0,0.0,0.0,0.0,0.0,0.0,0.8110593807742575,0.6499831434727545,0.6289967706420162,0.6070741864963134,0.086206896,0.086206896,0.086206896,0.086206896,1121697.0,78905.0,83636.0,48023.0,43.55546,18.77127,14.41749,7.21042,358.14959,262.45483,255.1921,307.69782,43.53398,18.75218,14.39879,7.19152,43.55529,18.77116,14.41738,7.21031
100,4,86,0.003772161,0.005334718,0.004103386,0.005146364,6425425.0,255520.0,255520.0,132302.0,0.003772161446731346,0.005334718154407177,0.004103386471038871,0.005146364492376598,21208.0,21182.0,21202.0,21180.0,21208.0,21182.0,21202.0,21180.0,21288.0,21295.0,21289.0,21289.0,21288.0,21295.0,21289.0,21289.0,693.0,834.0,805.0,790.0,693.0,834.0,805.0,790.0,0.0,0.0,0.0,0.0,0.0,0.0,0.0,0.0,0.9621606352885665,0.8404351909798041,0.8676385410110063,0.8406977974570248,0.003772161,0.005334718,0.004103386,0.005146364,243134.0,40772.0,33821.0,21076.0,30.36588,21.56437,17.75652,10.25478,771.5134,349.16122,575.0126,422.56304,30.32289,21.53139,17.72185,10.22472,30.36576,21.56425,17.7564,10.25469
100,4,91,0.000425038,0.000453399,0.000467541,0.000623459,6062747.0,232186.0,232186.0,124815.0,0.0004250375449229212,0.0004533990761351414,0.0004675412994152133,0.0006234590641562815,70582.0,70578.0,70582.0,70574.0,70582.0,70578.0,70582.0,70574.0,70612.0,70610.0,70615.0,70618.0,70612.0,70610.0,70615.0,70618.0,782.0,876.0,735.0,851.0,782.0,876.0,735.0,851.0,0.0,0.0,0.0,0.0,0.0,0.0,0.0,0.0,0.9703212091810905,0.9161318942532446,0.914542651146432,0.8919120297969643,0.000425038,0.000453399,0.000467541,0.000623459,179935.0,19473.0,19842.0,13491.0,34.18847,21.31557,16.14424,10.89783,414.78233,296.09548,367.49427,331.28254,34.16254,21.2885,16.10848,10.85435,34.18836,21.31544,16.14413,10.89773
100,4,96,0.000112299,0.000217126,0.000119786,0.000202155,6127361.0,208532.0,208532.0,126154.0,0.0001122989848087699,0.00021712600044794398,0.00011978648058936549,0.00020215482062861505,133572.0,133563.0,133571.0,133561.0,133572.0,133563.0,133571.0,133561.0,133587.0,133592.0,133587.0,133588.0,133587.0,133592.0,133587.0,133588.0,673.0,833.0,782.0,775.0,673.0,833.0,782.0,775.0,0.0,0.0,0.0,0.0,0.0,0.0,0.0,0.0,0.9728974676045735,0.8951144188858539,0.927306120878679,0.9052427984772164,0.000112299,0.000217126,0.000119786,0.000202155,166067.0,21872.0,15159.0,11954.0,25.13339,19.17252,18.91747,9.70859,527.28467,256.10008,293.59677,281.48271,25.09418,19.14752,18.88555,9.67635,25.13326,19.1724,18.91735,9.70847
100,4,101,0.0,0.0,0.0,0.0,6020788.0,220034.0,220034.0,123950.0,0.0,0.0,0.0,0.0,0.0,0.0,0.0,0.0,0.0,0.0,0.0,0.0,0.0,0.0,0.0,0.0,0.0,0.0,0.0,0.0,1.0,1.0,1.0,1.0,1.0,1.0,1.0,1.0,0.0,0.0,0.0,0.0,1.0,1.0,1.0,1.0,0.9791990682945523,0.9999999999954552,0.9999999999954552,0.9999999999919322,0.0,0.0,0.0,0.0,125238.0,0.0,0.0,0.0,1.67162,0.16177,0.14678,0.0456,3.57899,0.91657,0.87183,0.09294,1.59702,0.13106,0.11621,0.01612,1.62548,0.14864,0.13364,0.04477
100,4,106,0.0,0.0,0.0,0.0,6322803.0,251442.0,251442.0,130187.0,0.0,0.0,0.0,0.0,0.0,0.0,0.0,0.0,0.0,0.0,0.0,0.0,0.0,0.0,0.0,0.0,0.0,0.0,0.0,0.0,1.0,1.0,1.0,1.0,1.0,1.0,1.0,1.0,0.0,0.0,0.0,0.0,1.0,1.0,1.0,1.0,0.9791959357264525,0.999999999996023,0.999999999996023,0.9999999999923188,0.0,0.0,0.0,0.0,131540.0,0.0,0.0,0.0,1.31238,0.17907,0.16208,0.03088,2.78997,0.99559,0.98588,0.07659,1.25965,0.14552,0.1285,0.01071,1.2783,0.16351,0.14629,0.03002
100,4,111,0.002574223,0.002381463,0.002595675,0.002746369,6597712.0,268358.0,268358.0,135856.0,0.0025742234420425983,0.0023814632048098127,0.00259567530405962,0.0027463685706554017,46616.0,46610.0,46616.0,46607.0,46616.0,46610.0,46616.0,46607.0,46736.0,46721.0,46737.0,46735.0,46736.0,46721.0,46737.0,46735.0,665.0,872.0,916.0,783.0,665.0,872.0,916.0,783.0,0.0,0.0,0.0,0.0,0.0,0.0,0.0,0.0,0.9536283184229694,0.8428852502968315,0.8341022067505567,0.8183370627663236,0.002574223,0.002381463,0.002595675,0.002746369,305947.0,42163.0,44520.0,24680.0,28.41704,25.23887,20.49159,11.04588,737.88129,349.09895,344.65908,702.30105,28.37768,25.20781,20.46198,11.01361,28.41694,25.23871,20.49148,11.04576
100,4,116,0.000413736,0.000472851,0.000620604,0.000738851,6192975.0,240108.0,240108.0,127503.0,0.00041373603636801466,0.00047285050038686554,0.0006206040545520219,0.0007388507422259257,101514.0,101512.0,101514.0,101509.0,101514.0,101512.0,101514.0,101509.0,101556.0,101560.0,101577.0,101584.0,101556.0,101560.0,101577.0,101584.0,830.0,884.0,834.0,843.0,830.0,884.0,834.0,843.0,0.0,0.0,0.0,0.0,0.0,0.0,0.0,0.0,0.9679194571266688,0.8892123544367984,0.8711246605657823,0.8572268887723644,0.000413736,0.000472851,0.000620604,0.000738851,198674.0,26601.0,30944.0,18204.0,32.13597,21.96867,16.64896,10.15653,417.62637,284.34848,329.73213,343.3041,32.11091,21.94304,16.62372,10.13267,32.13584,21.96853,16.64884,10.15642
100,4,121,0.00021161,0.000211612,0.00027431,0.000235126,6355560.0,232006.0,232006.0,130861.0,0.00021161035478344342,0.00021161201327578438,0.00027430971916372296,0.00023512630199346927,127593.0,127592.0,127593.0,127591.0,127593.0,127592.0,127593.0,127591.0,127620.0,127619.0,127628.0,127621.0,127620.0,127619.0,127628.0,127621.0,777.0,672.0,909.0,873.0,777.0,672.0,909.0,873.0,0.0,0.0,0.0,0.0,0.0,0.0,0.0,0.0,0.9718337959202695,0.9213813435819703,0.9057007146327867,0.9146575373800089,0.00021161,0.000211612,0.00027431,0.000235126,179012.0,18240.0,21878.0,11168.0,29.55146,23.77218,16.97502,11.80091,429.24345,714.14145,458.78108,424.18591,29.52223,23.71986,16.94633,11.76835,29.55133,23.77205,16.97491,11.80079
