NameInstance,n,m,tot_real_time,tot_cputime,tot_bb,tot_lb,tot_lb_root,tot_heuristic,tot_build_dd,tot_pricing,tot_reduce_cost_fixing,rel_error,global_lower_bound,global_upper_bound,first_rel_error,global_upper_bound_root,global_lowerbound_root,nb_generated_col,nb_generated_col_root,nb_nodes_explored,date,nb_iterations_rvnd,stabilization,alpha,pricing_solver,first_size_graph,size_after_reduced_cost,strong_branching,branching_point,refinement,mip_nb_vars,mip_nb_constr,mip_obj_bound,mip_obj_bound_lp,mip_rel_gap,mip_run_time,mip_status
wt040_006,40,4,34.82430501100316,34.731644,0.4383630000000025,0.36258399999999824,0.2857869999999991,34.252147,0.038687000000003025,0.15855499999997846,0.017104999999986603,0,2374,2374,0.0008431703200492537,2374,2372,243,186,1,21/06/12,15000,1,0.8,4,15247,2713,20,0.2,false,0,0,0,0,0,110,0,0
wt040_011,40,4,45.79356355499476,45.686063,0.6570329999999984,0.5966689999999986,0.47613800000000595,44.977371000000005,0.049092999999999165,0.2894870000000438,0.08258199999998794,0,5737,5737,0.000348735832545992,5737,5735,248,193,1,21/06/12,15000,1,0.8,4,15629,2015,20,0.2,false,0,0,0,0,0,110,0,0
wt040_001,40,4,45.88897019800061,45.805834,0.4255640000000014,0.3585220000000007,0.3221850000000046,45.308479,0.07176399999999461,0.1736309999999861,0.027418000000004383,0,439,439,0.002283105017618482,439,438,173,148,1,21/06/12,15000,1,0.8,4,14910,5494,20,0.2,false,0,0,0,0,0,110,0,0
wt040_026,40,4,28.042498950002482,27.999318,0.22591699999999904,0.22165899999999894,0.22166199999999847,27.729515999999997,0.04192000000000107,0.12338199999999233,0.008435999999999666,0,88,88,0,88,88,138,138,0,21/06/12,15000,1,0.8,4,16423,0,20,0.2,false,0,0,0,0,0,110,0,0
wt040_016,40,4,40.41204283299885,40.257152,3.1548369999999935,2.108294999999984,0.7184990000000013,37.039584999999995,0.06269999999999953,0.5791400000000024,0.13805200000001605,0,21493,21493,0.00041891640288498804,21493,21484,1132,280,6,21/06/12,15000,1,0.8,4,17032,1428,20,0.2,false,0,0,0,0,0,110,0,0
wt040_021,40,4,33.27980079999543,33.220150000000004,0.8446509999999989,0.8372869999999963,0.837290000000003,32.322027999999996,0.05211599999999805,0.27021699999996684,0.009110999999997205,0,22793,22793,0,22793,22793,329,329,0,21/06/12,15000,1,0.8,4,13379,0,20,0.2,false,0,0,0,0,0,110,0,0
wt040_041,40,4,46.90930672000104,46.768659,2.7998799999999946,1.8967029999999951,0.5952559999999991,43.895227,0.07094600000000639,0.5525550000000123,0.14133199999999846,0,17685,17685,0.0029490160492854863,17685,17633,814,201,2,21/06/12,15000,1,0.8,4,18174,3864,20,0.2,false,0,0,0,0,0,110,0,0
wt040_036,40,4,51.26227662900055,50.996787999999995,7.130719000000006,4.233882999999963,0.4219919999999959,43.816074,0.047206000000002746,1.0716479999999962,0.3805110000000198,0,6420,6420,0.010228166796187542,6420,6355,2745,205,4,21/06/12,15000,1,0.8,4,18607,3912,20,0.2,false,0,0,0,0,0,110,0,0
wt040_051,40,4,0.12524037800176302,0.12122,0.028383000000000005,0.022109000000000004,0.02211400000000001,0.015676000000000002,0.07447599999999999,0.021054000000000003,0.015231999999999996,0,0,0,0,0,0,1,1,0,21/06/12,15000,1,0.8,4,18529,0,20,0.2,false,0,0,0,0,0,110,0,0
wt040_031,40,4,55.4068187840021,55.238494,2.718816000000004,1.688440000000007,0.5030179999999973,52.441551000000004,0.07679900000000117,0.6660700000000332,0.14823200000000014,0,2525,2525,0.01161858973893486,2525,2496,578,204,3,21/06/12,15000,1,0.8,4,18383,18383,20,0.2,false,0,0,0,0,0,110,0,0
wt040_046,40,4,22.486972421997052,22.388557,0.8611600000000017,0.8575870000000023,0.8575899999999983,21.488798,0.03601199999999949,0.23593699999998918,0.005917000000000172,0,19124,19124,0,19124,19124,362,362,0,21/06/12,15000,1,0.8,4,13050,0,20,0.2,false,0,0,0,0,0,110,0,0
wt040_066,40,4,30.895766466004716,30.817821,0.7542110000000015,0.7188319999999955,0.6597160000000031,30.007525,0.05429900000000032,0.31606799999999424,0.02127900000000338,0,20251,20251,0.00019756013235553118,20251,20247,368,287,1,21/06/12,15000,1,0.8,4,19270,772,20,0.2,false,0,0,0,0,0,110,0,0
wt040_056,40,4,53.799282970001514,53.621613,3.7689689999999985,2.1917939999999945,0.4402690000000007,49.794746,0.05786899999999662,0.9072950000000546,0.3667779999999823,0,826,826,0.03508771925427604,826,798,790,201,5,21/06/12,15000,1,0.8,4,17262,7759,20,0.2,false,0,0,0,0,0,110,0,0
wt040_076,40,4,0.0954226670000935,0.090625,0.022350999999999996,0.017816,0.017818,0.000962000000000001,0.06551699999999999,0.017705,0.014279,0,0,0,0,0,0,1,1,0,21/06/12,15000,1,0.8,4,17050,0,20,0.2,false,0,0,0,0,0,110,0,0
wt040_061,40,4,75.68445990899636,75.39604,14.45702200000001,8.919564000000008,1.1354559999999978,60.87969,0.059297999999998297,2.0638169999998297,0.96707600000002,0,7357,7357,0.005741626793473462,7357,7315,4688,241,12,21/06/12,15000,1,0.8,4,18932,3055,20,0.2,false,0,0,0,0,0,110,0,0
wt040_071,40,4,26.34367587700399,26.272585000000003,0.9589219999999976,0.9506280000000018,0.9506300000000003,25.250128,0.06175400000000053,0.32258600000000115,0.011455000000001547,0,26740,26740,0,26740,26740,324,324,0,21/06/12,15000,1,0.8,4,16927,0,20,0.2,false,0,0,0,0,0,110,0,0
wt040_086,40,4,47.960011356000905,47.862680000000005,1.327811000000004,1.2054950000000204,1.1021259999999984,46.477486999999996,0.05467600000000061,0.278350000000124,0.024588000000001387,0,4725,4725,0.001271455816640929,4725,4719,391,268,4,21/06/12,15000,1,0.8,4,18851,675,20,0.2,false,0,0,0,0,0,110,0,0
wt040_081,40,4,77.83341324899811,77.682282,3.367001000000002,2.218886000000026,0.6625970000000052,74.25613299999999,0.059119999999992956,0.5311269999999126,0.16606900000000735,0,564,564,0.044444444362139915,564,540,935,195,3,21/06/12,15000,1,0.8,4,18484,3112,20,0.2,false,0,0,0,0,0,110,0,0
wt040_101,40,4,0.10417240300012054,0.09306099999999999,0.023214,0.018522999999999998,0.018525,0.0008800000000000006,0.067316,0.01775299999999999,0.013343999999999995,0,0,0,0,0,0,1,1,0,21/06/12,15000,1,0.8,4,19349,0,20,0.2,false,0,0,0,0,0,110,0,0
wt040_106,40,4,0.1195682269972167,0.09866899999999999,0.026511999999999994,0.021744,0.021747000000000002,0.00037500000000000033,0.07175,0.021618,0.015168000000000001,0,0,0,0,0,0,1,1,0,21/06/12,15000,1,0.8,4,21400,0,20,0.2,false,0,0,0,0,0,110,0,0
wt040_091,40,4,59.39149475299928,59.284318,1.6167110000000022,1.259730999999988,0.482641000000001,57.610583,0.055222999999998024,0.39777799999992425,0.09230900000005704,0,15569,15569,0.0007713569453769134,15569,15557,1044,210,3,21/06/12,15000,1,0.8,4,19342,1040,20,0.2,false,0,0,0,0,0,110,0,0
wt040_096,40,4,34.86404714800301,34.762966,0.8091689999999971,0.8012999999999977,0.8013030000000043,33.896013,0.05572000000000088,0.297069000000036,0.012149999999998329,0,36266,36266,0,36266,36266,270,270,0,21/06/12,15000,1,0.8,4,18399,0,20,0.2,false,0,0,0,0,0,110,0,0
wt040_111,40,4,60.785679048996826,60.558063,4.910964,3.1017619999999937,0.6184239999999974,55.575955,0.06837600000000066,0.8571290000000644,0.26220300000002794,0,11263,11263,0.004548697823354557,11263,11212,2000,214,7,21/06/12,15000,1,0.8,4,22102,3216,20,0.2,false,0,0,0,0,0,110,0,0
wt040_116,40,4,58.79101792300207,58.565325,11.662343,7.22776999999995,1.4477589999999978,46.843422000000004,0.057631000000000654,1.5081799999999461,0.5276799999999682,0,15566,15566,0.0017375635496661584,15566,15539,3401,288,6,21/06/12,15000,1,0.8,4,19551,2282,20,0.2,false,0,0,0,0,0,110,0,0
wt040_121,40,4,43.36768196900084,43.232167000000004,3.7683999999999997,2.7288670000000224,0.9016909999999996,39.406527,0.05457499999999982,0.5423349999998806,0.11861599999999584,0,35751,35751,0.0003357676487776444,35751,35739,1991,245,5,21/06/12,15000,1,0.8,4,19852,1823,20,0.2,false,0,0,0,0,0,110,0,0
wt050_001,50,4,60.1042032309997,59.907483,4.591054,2.5182140000000004,0.6463639999999984,55.212773999999996,0.10179800000000228,1.1676450000000713,0.474632999999983,0,785,785,0.010296010282759317,785,777,619,202,4,21/06/12,15000,1,0.8,4,24669,12854,20,0.2,false,0,0,0,0,0,110,0,0
wt050_011,50,4,70.87783450700226,70.701462,3.4071009999999973,2.690595000000002,1.1449449999999928,67.196381,0.0955770000000058,0.8285350000000165,0.25874299999993866,0,12879,12879,0.000621552326888233,12879,12871,842,311,3,21/06/12,15000,1,0.8,4,24599,3647,20,0.2,false,0,0,0,0,0,110,0,0
wt050_006,50,4,82.82590368800447,82.625655,4.696860999999998,3.153365000000022,0.9204720000000037,77.857512,0.06774799999999459,1.167132000000052,0.3581800000000186,0,8317,8317,0.00228970836318514,8317,8298,1179,322,2,21/06/12,15000,1,0.8,4,26973,7072,20,0.2,false,0,0,0,0,0,110,0,0
wt050_026,50,4,40.426741723000305,40.347581,0.4430230000000037,0.4387620000000041,0.43876399999999904,39.832390000000004,0.06940199999999663,0.24568399999999002,0.012737999999998806,0,54,54,0,54,54,199,199,0,21/06/12,15000,1,0.8,4,23982,0,20,0.2,false,0,0,0,0,0,110,0,0
wt050_016,50,4,79.61655327400513,79.417132,2.287534999999991,1.996288000000007,1.3742079999999959,77.053783,0.07570200000000682,0.5410019999999918,0.06015299999998547,0,25376,25376,3.940886699352083e-05,25376,25375,787,342,2,21/06/12,15000,1,0.8,4,23723,1118,20,0.2,false,0,0,0,0,0,110,0,0
wt050_021,50,4,59.01521144599974,58.909855,1.7157389999999992,1.7104560000000006,1.7104579999999956,57.106834000000006,0.08387000000000455,0.6854000000000013,0.013643000000001848,0,59440,59440,0,59440,59440,531,531,0,21/06/12,15000,1,0.8,4,26292,0,20,0.2,false,0,0,0,0,0,110,0,0
wt050_041,50,4,61.49282457600202,61.294686,11.235444999999999,7.727960999999993,1.7263400000000004,49.965717000000005,0.09099400000000202,1.7697820000002054,0.5109350000000248,0,21806,21806,0.0010558692557932393,21806,21783,3746,372,7,21/06/12,15000,1,0.8,4,29661,3570,20,0.2,false,0,0,0,0,0,110,0,0
wt050_031,50,4,84.67644407299667,84.491381,0.9510709999999989,0.9394279999999924,0.9394300000000015,83.432283,0.10545300000001134,0.3919130000001161,0.01987200000000655,0,3061,3061,0,3061,3061,248,248,0,21/06/12,15000,1,0.8,4,26835,0,20,0.2,false,0,0,0,0,0,110,0,0
wt050_051,50,4,0.14878822199534625,0.135164,0.03127200000000001,0.025143,0.025145,0.0010159999999999995,0.099304,0.025005000000000013,0.019006999999999996,0,0,0,0,0,0,1,1,0,21/06/12,15000,1,0.8,4,25194,0,20,0.2,false,0,0,0,0,0,110,0,0
wt050_046,50,4,37.49339987500571,37.397940999999996,2.1465239999999994,1.9344680000000167,1.5650230000000036,35.173487,0.07549100000000664,0.592992000000045,0.032482999999992046,0,44455,44455,6.748852694890019e-05,44455,44452,709,407,4,21/06/12,15000,1,0.8,4,26540,1465,20,0.2,false,0,0,0,0,0,110,0,0
wt050_036,50,4,115.44349412799784,115.211718,3.044189000000003,2.518008000000009,1.7848030000000108,112.06264999999999,0.104424999999992,0.823661999999814,0.1795479999999401,0,10796,10796,0.00018528812301414784,10796,10794,776,344,5,21/06/12,15000,1,0.8,4,28996,1947,20,0.2,false,0,0,0,0,0,110,0,0
wt050_056,50,4,72.28969357599999,72.075483,5.800017999999994,3.4539959999999468,0.6279830000000004,66.18084999999999,0.09103500000000508,1.4598919999997264,0.6030429999999143,0,570,570,0.059479553792788936,570,538,879,198,4,21/06/12,15000,1,0.8,4,26349,11812,20,0.2,false,0,0,0,0,0,110,0,0
wt050_066,50,4,67.72199998799624,67.590465,1.5911250000000052,1.581198999999998,1.581200999999993,65.92049899999999,0.07542999999999722,0.4021760000002388,0.01280900000000429,0,23138,23138,0,23138,23138,335,335,0,21/06/12,15000,1,0.8,4,23722,0,20,0.2,false,0,0,0,0,0,110,0,0
wt050_076,50,4,0.1274771519965725,0.110145,0.025630999999999987,0.021082000000000004,0.02108399999999999,0.0009560000000000003,0.081111,0.020944000000000004,0.015463000000000005,0,0,0,0,0,0,1,1,0,21/06/12,15000,1,0.8,4,30362,0,20,0.2,false,0,0,0,0,0,110,0,0
wt050_071,50,4,75.15082329600409,74.940852,7.60099799999999,5.748544999999993,1.5604450000000014,67.21503200000001,0.12125199999999836,1.0219759999997962,0.17255899999999258,0,42645,42645,0.0004692082111326872,42645,42625,1820,289,3,21/06/12,15000,1,0.8,4,25627,3504,20,0.2,false,0,0,0,0,0,110,0,0
wt050_081,50,4,81.11955218500225,80.862538,3.319952999999998,2.1320189999999855,1.3614340000000027,77.42322800000001,0.11933299999999747,0.7880570000000944,0.15622099999998795,0,495,495,0.035564853482081896,495,478,350,236,2,21/06/12,15000,1,0.8,4,31663,31663,20,0.2,false,0,0,0,0,0,110,0,0
wt050_091,50,4,86.89088731000083,86.662445,1.9008800000000008,1.6378660000000025,1.1241290000000106,84.622872,0.1351579999999899,0.6089860000002147,0.07489599999999541,0,26551,26551,0.0001883522941238472,26551,26546,520,247,2,21/06/12,15000,1,0.8,4,31733,1433,20,0.2,false,0,0,0,0,0,110,0,0
wt050_086,50,4,133.31133099800354,132.627247,40.162682000000004,25.355288000000115,0.6547920000000005,92.36632300000001,0.0946090000000055,5.040067000000249,2.0489660000001066,0,8369,8369,0.004923150815931418,8369,8328,13130,195,31,21/06/12,15000,1,0.8,4,29955,3469,20,0.2,false,0,0,0,0,0,110,0,0
wt050_101,50,4,0.11583150699880207,0.095492,0.024403000000000008,0.018819000000000002,0.018820000000000003,0.0009309999999999995,0.067728,0.018686000000000008,0.013816999999999996,0,0,0,0,0,0,1,1,0,21/06/12,15000,1,0.8,4,27013,0,20,0.2,false,0,0,0,0,0,110,0,0
wt050_106,50,4,0.1315583159957896,0.108274,0.028307,0.02617499999999999,0.026176999999999992,0.0012570000000000012,0.07606,0.025988999999999998,0.018408999999999995,0,0,0,0,0,0,1,1,0,21/06/12,15000,1,0.8,4,31395,0,20,0.2,false,0,0,0,0,0,110,0,0
wt050_061,50,4,349.70771159899596,347.72745100000003,249.27199000000002,138.70358099999999,1.3813840000000113,98.33515,0.11777200000000221,34.64424000000379,16.91637699999987,0,7898,7898,0.0061146496807497255,7898,7850,40751,284,82,21/06/12,15000,1,0.8,4,32396,6360,20,0.2,false,0,0,0,0,0,110,0,0
wt050_096,50,4,113.92727680100506,113.346468,39.74969299999999,24.737860999999995,1.9708590000000044,73.462473,0.1342729999999932,3.8893810000004407,1.246346000000159,0,50326,50326,0.00027826363491258025,50326,50312,11265,328,33,21/06/12,15000,1,0.8,4,29286,2620,20,0.2,false,0,0,0,0,0,110,0,0
wt050_111,50,4,137.8476961760025,137.198071,47.064222000000015,29.23612299999985,1.9786390000000011,90.033333,0.09985799999999756,7.094093999999998,3.4998399999999776,0,10069,10069,0.002189708370439961,10069,10047,11766,333,26,21/06/12,15000,1,0.8,4,32995,2283,20,0.2,false,0,0,0,0,0,110,0,0
wt040_001,40,2,28.54974186199979,28.45701,1.9129919999999991,1.4373840000000015,0.7788109999999975,26.44205,0.09974400000000117,0.6406689999999351,0.11689500000000308,0,606,606,0.037671232812206794,606,584,427,236,2,21/06/12,15000,1,0.8,4,25468,14564,20,0.2,false,0,0,0,0,0,110,0,0
wt040_006,40,2,36.06026315800409,35.949014,1.7152809999999974,1.4090960000000052,0.7520150000000001,34.122026000000005,0.10860800000000381,0.8605220000000529,0.4118879999999976,0,3886,3886,0.0028387096766867848,3886,3875,369,218,2,21/06/12,15000,1,0.8,4,27343,7481,20,0.2,false,0,0,0,0,0,110,0,0
wt040_011,40,2,36.3204221240012,36.184373,3.456255000000006,2.700907000000008,1.3200450000000004,32.62744,0.0979770000000002,1.2248510000000223,0.5304440000000099,0,9617,9617,0.0026063386152412075,9617,9592,815,328,1,21/06/12,15000,1,0.8,4,26561,5951,20,0.2,false,0,0,0,0,0,110,0,0
wt050_116,50,4,195.83282533199963,195.193709,32.66677800000002,20.614497999999998,1.0665240000000153,162.442742,0.08415999999999713,4.814569999999492,1.7537409999999056,0,11552,11552,0.0028648320164194087,11552,11519,10219,238,9,21/06/12,15000,1,0.8,4,26568,3995,20,0.2,false,0,0,0,0,0,110,0,0
wt040_021,40,2,17.965490061003948,17.846163999999998,1.1437190000000008,1.1394590000000022,1.1394609999999972,16.648106,0.05254199999999898,0.4918820000000075,0.011575999999998032,0,41048,41048,0,41048,41048,431,431,0,21/06/12,15000,1,0.8,4,20451,0,20,0.2,false,0,0,0,0,0,110,0,0
wt040_026,40,2,15.885882610993576,15.818735,0.3924570000000003,0.3877480000000002,0.3877499999999987,15.345903999999999,0.07827699999999993,0.27543699999999305,0.05117300000000036,0,87,87,0,87,87,141,141,0,21/06/12,15000,1,0.8,4,29758,0,20,0.2,false,0,0,0,0,0,110,0,0
wt040_031,40,2,31.332371097996656,31.205812,5.088751000000002,3.428573999999987,0.7336770000000001,26.017719000000003,0.09731999999999985,1.552304000000106,0.430771,0,3812,3812,0.014369345392663825,3812,3758,1302,257,3,21/06/12,15000,1,0.8,4,34158,10625,20,0.2,false,0,0,0,0,0,110,0,0
wt040_016,40,2,151.73700017599913,150.69875199999998,114.396549,70.51164900000015,1.4623340000000056,36.185903999999994,0.11369900000000399,17.73252799999854,7.052323999999729,0,38356,38356,0.0020639026046434176,38356,38277,27508,383,22,21/06/12,15000,1,0.8,4,28623,5583,20,0.2,false,0,0,0,0,0,110,0,0
wt040_036,40,2,60.2001605789992,59.849863000000006,25.208876000000004,16.631824999999985,1.1055959999999985,34.550423,0.08787500000000392,4.982830999999663,1.7813769999999423,0,10713,10713,0.0049718574104153975,10713,10660,8663,376,11,21/06/12,15000,1,0.8,4,31597,5520,20,0.2,false,0,0,0,0,0,110,0,0
wt040_041,40,2,43.271379797995905,43.107946000000005,1.651475000000005,1.5540169999999947,1.5006819999999976,41.346667,0.10712099999999936,0.6849750000000157,0.03606099999999657,0,30802,30802,0.0001298785635388701,30802,30798,386,357,1,21/06/12,15000,1,0.8,4,30865,1878,20,0.2,false,0,0,0,0,0,110,0,0
wt040_051,40,2,0.19024049400468357,0.185432,0.039367999999999986,0.03227000000000002,0.03227200000000002,0.0007150000000000004,0.142781,0.032160999999999995,0.023956000000000005,0,0,0,0,0,0,1,1,0,21/06/12,15000,1,0.8,4,34810,0,20,0.2,false,0,0,0,0,0,110,0,0
wt040_046,40,2,21.906309653997596,21.799795,1.7920659999999984,1.786798000000001,1.7868010000000005,19.935963,0.06995199999999713,0.5426509999999674,0.01207199999999986,0,34146,34146,0,34146,34146,508,508,0,21/06/12,15000,1,0.8,4,17388,0,20,0.2,false,0,0,0,0,0,110,0,0
wt040_061,40,2,163.24070439900242,161.952281,110.985884,69.86015699999948,1.7206100000000006,50.831686999999995,0.1318910000000031,21.053939999999955,7.272925999999863,0,11488,11488,0.016457264199570228,11488,11302,23653,346,20,21/06/12,15000,1,0.8,4,34784,10341,20,0.2,false,0,0,0,0,0,110,0,0
wt040_066,40,2,235.09309389499685,233.052773,192.503561,119.67681200000044,1.8306969999999936,40.400639,0.14578600000000108,35.11544500000211,12.842728000000015,0,35279,35279,0.004241389125982311,35279,35130,40013,372,44,21/06/12,15000,1,0.8,4,34477,8555,20,0.2,false,0,0,0,0,0,110,0,0
wt040_071,40,2,44.393279734002135,44.134219,10.376224999999998,7.6638280000000165,1.8280960000000022,33.64224,0.11302500000000038,1.8039400000000825,0.3147029999999944,0,47952,47952,0.00035464691769365503,47952,47935,3296,465,2,21/06/12,15000,1,0.8,4,25074,2560,20,0.2,false,0,0,0,0,0,110,0,0
wt040_076,40,2,0.1703886430041166,0.132315,0.036107,0.030291999999999986,0.03029499999999999,6.600000000000009e-05,0.096117,0.030169,0.022522000000000014,0,0,0,0,0,0,1,1,0,21/06/12,15000,1,0.8,4,31206,0,20,0.2,false,0,0,0,0,0,110,0,0
wt040_081,40,2,63.55962202800583,63.081121,12.227768000000005,8.034367999999972,1.2333220000000011,50.734741,0.11826400000000348,3.146120000000053,1.0286160000000208,0,571,571,0.26607538743663994,571,451,2183,298,7,21/06/12,15000,1,0.8,4,33177,12593,20,0.2,false,0,0,0,0,0,110,0,0
wt040_086,40,2,67.78329691300314,67.381767,16.023676000000002,11.909999999999997,2.1265049999999945,51.228913,0.12656599999999685,3.3561940000004142,1.0140640000000332,0,6048,6048,0.008672448297419538,6048,5996,4179,367,4,21/06/12,15000,1,0.8,4,35968,4419,20,0.2,false,0,0,0,0,0,110,0,0
wt040_091,40,2,46.68408936299966,46.506351,2.293077000000004,2.2843520000000055,2.284354999999998,44.051765,0.1585539999999952,1.0873009999999752,0.037903999999997495,0,26075,26075,0,26075,26075,465,465,0,21/06/12,15000,1,0.8,4,35659,0,20,0.2,false,0,0,0,0,0,110,0,0
wt040_096,40,2,35.175450353002816,35.002886000000004,3.148495000000004,2.775071999999998,2.222521999999998,31.736646999999998,0.11504099999999795,1.0877780000000747,0.07778399999999408,0,66116,66116,9.075782786128033e-05,66116,66110,838,512,4,21/06/12,15000,1,0.8,4,31251,1532,20,0.2,false,0,0,0,0,0,110,0,0
wt040_101,40,2,0.2014902320006513,0.17399,0.04544899999999999,0.037543999999999994,0.037545999999999996,0.000681000000000001,0.125405,0.036784999999999984,0.026906000000000013,0,0,0,0,0,0,1,1,0,21/06/12,15000,1,0.8,4,37197,0,20,0.2,false,0,0,0,0,0,110,0,0
wt040_106,40,2,0.21419004000199493,0.186179,0.04541300000000001,0.038006999999999985,0.03800999999999999,0.0006720000000000007,0.137536,0.037883,0.027887999999999996,0,0,0,0,0,0,1,1,0,21/06/12,15000,1,0.8,4,41040,0,20,0.2,false,0,0,0,0,0,110,0,0
wt040_111,40,2,50.94835207599681,50.692587,12.505462000000001,8.902365999999986,1.8118930000000049,38.061979,0.12204100000000295,2.7052430000000385,0.6844319999999655,0,17936,17936,0.0021791361679511013,17936,17897,4797,377,7,21/06/12,15000,1,0.8,4,42861,3389,20,0.2,false,0,0,0,0,0,110,0,0
wt040_116,40,2,73.13444453800184,72.59060799999999,37.86904800000001,25.160240999999928,1.4180370000000053,34.629278,0.09071700000000504,6.91316600000043,1.9494810000000626,0,25870,25870,0.004114267970652295,25870,25764,13295,357,11,21/06/12,15000,1,0.8,4,34489,6119,20,0.2,false,0,0,0,0,0,110,0,0
wt040_121,40,2,26.021754262001195,25.897214,2.1697740000000003,1.9979690000000012,1.5462589999999992,23.624426,0.10098899999999844,0.9111909999999774,0.03370800000000074,0,64516,64516,0.00013951974204133629,64516,64507,799,440,2,21/06/12,15000,1,0.8,4,34422,1880,20,0.2,false,0,0,0,0,0,110,0,0
wt050_001,50,2,42.37324130599882,42.085825,8.488307999999996,5.017716999999976,1.1702479999999937,33.399094999999996,0.19508400000000137,2.9116010000000045,0.8213659999999905,0,1268,1268,0.029220779197061054,1268,1232,935,232,3,21/06/12,15000,1,0.8,4,43076,27198,20,0.2,false,0,0,0,0,0,110,0,0
wt050_006,50,2,76.68552346100478,76.33699299999999,12.964547999999994,8.829693000000013,2.4925020000000018,63.174777999999996,0.19749900000000054,4.292952999999386,1.4583489999999273,0,14272,14272,0.0007713344084726643,14272,14261,1697,438,3,21/06/12,15000,1,0.8,4,47825,14281,20,0.2,false,0,0,0,0,0,110,0,0
wt050_011,50,2,82.00950562900107,81.632648,13.88114800000001,9.54070800000001,2.4926049999999975,67.55819,0.189746999999997,3.8825860000000887,1.2265520000000123,0,23028,23028,0.001217391304294896,23028,23000,2218,449,1,21/06/12,15000,1,0.8,4,43454,8824,20,0.2,false,0,0,0,0,0,110,0,0
wt050_016,50,2,85.073821623002,84.570789,41.923403,24.111447999999974,1.8842640000000017,42.527892,0.11538400000000593,6.951927999999583,1.7512679999998966,0,46072,46072,0.0013257699245544376,46072,46011,10497,488,10,21/06/12,15000,1,0.8,4,38272,6591,20,0.2,false,0,0,0,0,0,110,0,0
wt050_021,50,2,30.621503931004554,30.415195999999998,3.083629000000002,2.9748499999999964,2.7994100000000017,27.18996,0.13914800000000227,1.4246390000000595,0.03956499999999963,0,111069,111069,1.8007148837926595e-05,111069,111067,930,800,1,21/06/12,15000,1,0.8,4,36837,2003,20,0.2,false,0,0,0,0,0,110,0,0
wt050_026,50,2,26.117315258001327,26.015882,0.8510349999999995,0.846185000000002,0.8461859999999994,25.029615000000003,0.13243699999999947,0.5482180000000234,0.027380000000000848,0,26,26,0,26,26,222,222,0,21/06/12,15000,1,0.8,4,42722,0,20,0.2,false,0,0,0,0,0,110,0,0
wt050_031,50,2,75.27026429100079,74.869219,30.020133,18.500960000000028,1.6086059999999947,44.685821999999995,0.16034499999999952,9.117224999999799,3.5981179999999497,0,5378,5378,0.01682737757291976,5378,5289,3913,361,7,21/06/12,15000,1,0.8,4,50634,21978,20,0.2,false,0,0,0,0,0,110,0,0
wt050_036,50,2,82.31200958000409,81.78643,26.243901,18.01509700000001,2.600794999999998,55.399328,0.14043500000000364,6.052983000000097,1.2848869999999977,0,18956,18956,0.003440791911310106,18956,18891,6408,515,5,21/06/12,15000,1,0.8,4,52878,9315,20,0.2,false,0,0,0,0,0,110,0,0
wt050_041,50,2,145.44438361500215,144.641807,73.08632599999999,46.37891100000006,4.335205000000002,71.334375,0.21853800000000945,14.06933699999901,4.519378000000032,0,38058,38058,0.0027930016862670478,38058,37952,11427,684,10,21/06/12,15000,1,0.8,4,50054,8629,20,0.2,false,0,0,0,0,0,110,0,0
wt050_046,50,2,123.85307126200496,123.07793899999999,68.816148,48.210692000000016,3.9020419999999945,54.077313000000004,0.18108900000000006,10.172578000000044,2.032755999999985,0,82105,82105,0.0002558354855970002,82105,82084,14564,615,10,21/06/12,15000,1,0.8,4,41180,4806,20,0.2,false,0,0,0,0,0,110,0,0
wt050_051,50,2,0.29205998499674024,0.258455,0.05548100000000003,0.04782599999999998,0.04782799999999998,0.0013859999999999983,0.197314,0.047804999999999986,0.03542000000000001,0,0,0,0,0,0,1,1,0,21/06/12,15000,1,0.8,4,45580,0,20,0.2,false,0,0,0,0,0,110,0,0
wt050_056,50,2,63.21496251299686,62.849992,12.430790000000002,7.647030999999991,1.3823300000000032,50.238351,0.17738199999999438,5.315469000000057,2.8390160000000435,0,761,761,0.04246575336648527,761,730,1106,260,9,21/06/12,15000,1,0.8,4,48655,24472,20,0.2,false,0,0,0,0,0,110,0,0
wt050_061,50,2,180.04509641700133,178.77817199999998,98.574935,59.91896499999973,3.690835000000007,79.950946,0.24856599999999673,22.204359999998985,9.30377499999986,0,13682,13682,0.007362685907277081,13682,13582,13119,460,19,21/06/12,15000,1,0.8,4,60495,13858,20,0.2,false,0,0,0,0,0,110,0,0
wt050_066,50,2,72.7084203800041,72.383561,4.258868000000007,4.247550000000004,4.247551999999999,67.95624,0.16475299999999038,1.9022490000000118,0.059651999999999816,0,40907,40907,0,40907,40907,708,708,0,21/06/12,15000,1,0.8,4,42415,0,20,0.2,false,0,0,0,0,0,110,0,0
wt050_071,50,2,58.57015922500432,58.213301,3.2019540000000006,3.189292000000002,3.1892950000000013,54.83478,0.17653800000000075,1.5807410000000388,0.03321300000000349,0,78532,78532,0,78532,78532,566,566,0,21/06/12,15000,1,0.8,4,42291,0,20,0.2,false,0,0,0,0,0,110,0,0
wt050_076,50,2,0.3348827640002128,0.286784,0.07006700000000002,0.062346999999999986,0.062350000000000017,0.0011099999999999999,0.211997,0.062144000000000005,0.04660600000000001,0,0,0,0,0,0,1,1,0,21/06/12,15000,1,0.8,4,57822,0,20,0.2,false,0,0,0,0,0,110,0,0
wt050_081,50,2,78.51746924399777,78.050878,6.4078990000000005,4.364125000000001,2.360399000000001,71.396078,0.24592499999999973,2.5907499999999857,0.5822440000000171,0,542,542,0.007434944224098617,542,538,485,342,1,21/06/12,15000,1,0.8,4,60782,60782,20,0.2,false,0,0,0,0,0,110,0,0
wt050_086,50,2,1084.5662620069998,1076.153869,976.9790180000001,596.1132719999986,5.680283000000003,98.949342,0.22208100000000286,153.28197499997177,58.700407999999825,0,12557,12557,0.02372218146052644,12558,12267,187333,529,103,21/06/12,15000,1,0.8,4,56774,15811,20,0.2,false,0,0,0,0,0,110,0,0
wt050_091,50,2,173.9479961149991,172.836604,99.536497,62.861100000000036,4.2028020000000055,73.047191,0.2523840000000064,16.100854999999044,4.657228000000217,0,47349,47349,0.0011841075846069375,47349,47293,18907,565,37,21/06/12,15000,1,0.8,4,58096,7662,20,0.2,false,0,0,0,0,0,110,0,0
wt050_096,50,2,67.58466844399663,67.32069899999999,6.668136000000004,5.871884999999992,3.8924229999999937,60.424399,0.22798600000000135,2.1657830000002107,0.11080799999997737,0,92822,92822,0.0002262906649688442,92822,92801,1171,550,2,21/06/12,15000,1,0.8,4,50619,4134,20,0.2,false,0,0,0,0,0,110,0,0
wt050_101,50,2,0.2897012019966496,0.25929,0.06038199999999999,0.051651,0.05165399999999998,0.0008400000000000005,0.194396,0.05148300000000003,0.038119000000000014,0,0,0,0,0,0,1,1,0,21/06/12,15000,1,0.8,4,51299,0,20,0.2,false,0,0,0,0,0,110,0,0
wt050_106,50,2,0.35200267499749316,0.299797,0.07466600000000001,0.06389300000000003,0.06389500000000001,7.000000000000062e-06,0.22133999999999998,0.06311500000000003,0.04804599999999998,0,0,0,0,0,0,1,1,0,21/06/12,15000,1,0.8,4,59079,0,20,0.2,false,0,0,0,0,0,110,0,0
wt050_111,50,2,98.68868948300224,98.299888,8.836247,8.195912000000007,6.464149999999989,89.188624,0.2712669999999946,3.090681000000245,0.2605280000000363,0,15564,15564,0.0013510905229781192,15564,15543,1317,651,3,21/06/12,15000,1,0.8,4,64306,4699,20,0.2,false,0,0,0,0,0,110,0,0
wt050_116,50,2,591.611408790006,587.6717130000001,472.215857,279.75365199999953,3.5006759999999986,115.223147,0.22885899999999992,62.007414999998105,22.506866999999247,0,19608,19608,0.0045081967210805225,19608,19520,85220,479,95,21/06/12,15000,1,0.8,4,49744,8817,20,0.2,false,0,0,0,0,0,110,0,0
wt050_121,50,2,79.45427987899893,79.136026,5.503559999999993,5.492446000000001,5.492447000000013,73.40879,0.21987100000001192,2.2897390000001963,0.03896299999999542,0,41696,41696,0,41696,41696,705,705,0,21/06/12,15000,1,0.8,4,49648,0,20,0.2,false,0,0,0,0,0,110,0,0
wt050_121,50,4,7287.388653922004,7209.766942,7144.759457,3602.3581749999184,1.8667980000000028,64.921536,0.08282400000000223,760.5446319999897,391.53014799993986,0.000925419593617742,23773,23795,0.0011359811510797718,23795,23768,1898605,295,6415,21/06/12,15000,1,0.8,4,27900,3514,20,0.2,false,0,0,0,0,0,110,0,0
wt040_056,40,2,7247.9663055779965,7146.970906,7122.225748,1424.4182619999979,0.6225640000000006,24.654241,0.09089099999999917,811.7924839998961,476.2231580000312,0.005503144649761678,1272,1279,0.005503144649761678,1279,1272,318048,239,35308,21/06/12,15000,1,0.8,4,31487,14128,20,0.2,false,0,0,0,0,0,110,0,0
wt040_051,40,4,0.1617187550291419,0.133219,0.011911000000000005,0.009074000000000026,0.009075,0.003634000000000002,0.11313500000000001,0.009055000000000007,0.0068200000000000205,0,0,0,0,0,0,1,1,0,21/06/12,15000,1,0.8,4,18529,0,30,0.2,false,0,0,0,0,0,110,0,0
wt040_076,40,4,0.14079609792679548,0.115529,0.014340000000000006,0.010569000000000009,0.010572000000000012,0.0007479999999999987,0.09595500000000001,0.010482999999999992,0.007533000000000012,0,0,0,0,0,0,1,1,0,21/06/12,15000,1,0.8,4,17050,0,30,0.2,false,0,0,0,0,0,110,0,0
wt040_101,40,4,0.1402638629078865,0.12842599999999998,0.016978000000000007,0.01304799999999999,0.013049999999999992,0.0013709999999999972,0.097627,0.012400999999999995,0.008547000000000013,0,0,0,0,0,0,1,1,0,21/06/12,15000,1,0.8,4,19349,0,30,0.2,false,0,0,0,0,0,110,0,0
wt040_106,40,4,0.15009494870901108,0.121745,0.01827300000000001,0.014945,0.014948000000000003,0.002089999999999998,0.097092,0.014853000000000005,0.010425999999999977,0,0,0,0,0,0,1,1,0,21/06/12,15000,1,0.8,4,21400,0,30,0.2,false,0,0,0,0,0,110,0,0
wt040_021,40,4,21.25656920671463,21.096299,0.5537569999999974,0.5498670000000025,0.549869000000001,20.501817000000003,0.032465000000001965,0.15310200000000052,0.004925000000000068,0,22793,22793,0,22793,22793,306,306,0,21/06/12,15000,1,0.8,4,13379,0,30,0.2,false,0,0,0,0,0,110,0,0
wt040_046,40,4,23.135324203409255,23.055073,0.6683789999999981,0.6647319999999972,0.6647350000000003,22.336887,0.03763299999999958,0.17057000000005473,0.004713999999999885,0,19124,19124,0,19124,19124,348,348,0,21/06/12,15000,1,0.8,4,13050,0,30,0.2,false,0,0,0,0,0,110,0,0
wt040_096,40,4,24.619055673480034,24.519328,0.7628909999999998,0.7578940000000003,0.7578960000000023,23.676735,0.06723699999999866,0.27345000000003594,0.007118000000001956,0,36266,36266,0,36266,36266,352,352,0,21/06/12,15000,1,0.8,4,18399,0,30,0.2,false,0,0,0,0,0,110,0,0
wt040_026,40,4,27.329081348143518,27.221148,0.32098999999999833,0.31624499999999856,0.3162470000000006,26.844428,0.047219999999999374,0.18149700000003577,0.008740000000003079,0,88,88,0,88,88,150,150,0,21/06/12,15000,1,0.8,4,16423,0,30,0.2,false,0,0,0,0,0,110,0,0
wt040_071,40,4,27.929975748062134,27.845083000000002,1.1045960000000008,1.0970300000000002,1.0970329999999997,26.652989,0.08291800000000293,0.30513699999997357,0.009510999999999825,0,26740,26740,0,26740,26740,388,388,0,21/06/12,15000,1,0.8,4,16927,0,30,0.2,false,0,0,0,0,0,110,0,0
wt040_016,40,4,28.704071272164583,28.578181999999998,1.3500450000000015,1.0485260000000096,0.5173659999999991,27.165839000000002,0.05411499999999947,0.30539399999998906,0.04411399999999688,0,21493,21493,0.00041891640288498804,21493,21484,709,287,4,21/06/12,15000,1,0.8,4,17032,1352,30,0.2,false,0,0,0,0,0,110,0,0
wt040_011,40,4,29.924954153597355,29.796445,0.5579950000000018,0.472882000000002,0.40086000000000155,29.186333,0.0480710000000002,0.166351000000045,0.014143000000004236,0,5737,5737,0.000348735832545992,5737,5735,300,249,2,21/06/12,15000,1,0.8,4,15629,2024,30,0.2,false,0,0,0,0,0,110,0,0
wt050_051,50,4,0.13365384005010128,0.128173,0.018185000000000007,0.016061000000000006,0.016062000000000007,0.0010699999999999998,0.103018,0.016043000000000016,0.013133999999999993,0,0,0,0,0,0,1,1,0,21/06/12,15000,1,0.8,4,25194,0,30,0.2,false,0,0,0,0,0,110,0,0
wt040_001,40,4,30.43083001486957,30.336739,0.3433589999999995,0.28089000000000297,0.24142599999999703,29.933219,0.04915799999999848,0.12287499999996498,0.016993999999996845,0,439,439,0.002283105017618482,439,438,181,163,1,21/06/12,15000,1,0.8,4,14910,5494,30,0.2,false,0,0,0,0,0,110,0,0
wt040_121,40,4,32.1354702161625,31.797770999999997,4.9409240000000025,3.219192000000014,0.4793939999999992,26.769804,0.0755229999999969,0.7041060000000385,0.15859699999999322,0,35751,35751,0.0003357676487776444,35751,35739,2553,178,10,21/06/12,15000,1,0.8,4,19852,1753,30,0.2,false,0,0,0,0,0,110,0,0
wt040_066,40,4,32.320783698931336,32.229465,1.038215000000001,0.9825440000000043,0.8863560000000028,31.114158,0.06620300000000157,0.25410899999992864,0.012070999999998833,0,20251,20251,0.00019756013235553118,20251,20247,369,269,1,21/06/12,15000,1,0.8,4,19270,806,30,0.2,false,0,0,0,0,0,110,0,0
wt040_006,40,4,33.70286745298654,33.570107,0.4987330000000014,0.41708600000000473,0.3341039999999964,33.021924000000006,0.04494400000000098,0.14582499999994525,0.012734999999999275,0,2374,2374,0.0008431703200492537,2374,2372,274,218,1,21/06/12,15000,1,0.8,4,15247,2697,30,0.2,false,0,0,0,0,0,110,0,0
wt040_041,40,4,33.698487983085215,33.557358,2.3988530000000026,1.5620829999999835,0.4705750000000002,31.095455,0.058498999999997636,0.39467200000012426,0.09934700000000518,0,17685,17685,0.0029490160492854863,17685,17633,724,193,2,21/06/12,15000,1,0.8,4,18174,3894,30,0.2,false,0,0,0,0,0,110,0,0
wt050_076,50,4,0.1589191136881709,0.142703,0.026167999999999983,0.022064,0.022066000000000002,0.0004069999999999994,0.112207,0.021958999999999992,0.016585999999999976,0,0,0,0,0,0,1,1,0,21/06/12,15000,1,0.8,4,30362,0,30,0.2,false,0,0,0,0,0,110,0,0
wt040_056,40,4,36.7634761063382,36.555434,2.2001029999999986,1.2795889999999872,0.22406100000000606,34.300203,0.050865000000001714,0.45452999999992016,0.16288699999999778,0,826,826,0.03508771925427604,826,798,708,140,6,21/06/12,15000,1,0.8,4,17262,7755,30,0.2,false,0,0,0,0,0,110,0,0
wt040_031,40,4,37.958877105265856,37.794589,1.351852000000001,0.998026000000003,0.45268399999999787,36.380781999999996,0.05317900000000009,0.4078689999999696,0.07239200000000068,0,2525,2525,0.01161858973893486,2525,2496,498,184,1,21/06/12,15000,1,0.8,4,18383,4392,30,0.2,false,0,0,0,0,0,110,0,0
wt040_091,40,4,38.94233603682369,38.778611,2.2685999999999993,1.7880360000000053,0.7440929999999994,36.422052,0.08120300000000213,0.5510389999997827,0.0900879999999944,0,15569,15569,0.0008999164362730657,15571,15557,1083,234,3,21/06/12,15000,1,0.8,4,19342,1119,30,0.2,false,0,0,0,0,0,110,0,0
wt050_101,50,4,0.1913839504122734,0.166499,0.03215800000000002,0.026392,0.026395000000000002,0.00037800000000000073,0.13032500000000002,0.026259000000000005,0.020494000000000012,0,0,0,0,0,0,1,1,0,21/06/12,15000,1,0.8,4,27013,0,30,0.2,false,0,0,0,0,0,110,0,0
wt050_106,50,4,0.20277474075555801,0.17773,0.039275000000000004,0.03313600000000003,0.03313799999999997,0.000462999999999999,0.13030899999999998,0.03214600000000001,0.024897999999999976,0,0,0,0,0,0,1,1,0,21/06/12,15000,1,0.8,4,31395,0,30,0.2,false,0,0,0,0,0,110,0,0
wt050_001,50,4,41.18982023559511,40.989128,2.238061000000002,1.4103709999999978,0.6468350000000029,38.653928,0.08917100000000033,0.7128280000000018,0.1770869999999931,0,785,785,0.010296010282759317,785,777,459,198,3,21/06/12,15000,1,0.8,4,24669,12857,30,0.2,false,0,0,0,0,0,110,0,0
wt040_116,40,4,41.89171030651778,41.65618,3.8817129999999977,2.6043819999999798,0.6969500000000011,37.7186,0.04720599999999564,0.6259649999999723,0.15427000000001811,0,15566,15566,0.0017375635496661584,15566,15539,1705,267,2,21/06/12,15000,1,0.8,4,19551,2187,30,0.2,false,0,0,0,0,0,110,0,0
wt040_086,40,4,44.95387841016054,44.813816,0.646293,0.577255000000001,0.463039000000002,44.090233999999995,0.0728859999999969,0.1987320000000139,0.019172000000011735,0,4725,4725,0.001271455816640929,4725,4719,329,196,2,21/06/12,15000,1,0.8,4,18851,624,30,0.2,false,0,0,0,0,0,110,0,0
wt040_081,40,4,47.83660393487662,47.664635,2.301630000000003,1.5642350000000036,0.5504279999999966,45.322886000000004,0.03594300000000317,0.3917590000000146,0.10319900000003912,0,564,564,0.044444444362139915,564,540,829,210,3,21/06/12,15000,1,0.8,4,18484,3120,30,0.2,false,0,0,0,0,0,110,0,0
wt040_061,40,4,48.8252808842808,48.390059,8.519805999999996,5.095935000000004,0.5672059999999988,39.809017999999995,0.05274000000000001,1.4383769999997469,0.6831020000000976,0,7357,7357,0.005741626793473462,7357,7315,3332,206,12,21/06/12,15000,1,0.8,4,18932,2953,30,0.2,false,0,0,0,0,0,110,0,0
wt040_036,40,4,48.870161371305585,48.351927999999994,10.218357999999995,5.78092300000003,0.7274799999999999,38.053897,0.07413999999999987,1.5903090000000404,0.5529059999999717,0,6420,6420,0.010228166796187542,6420,6355,3185,230,4,21/06/12,15000,1,0.8,4,18607,3912,30,0.2,false,0,0,0,0,0,110,0,0
wt050_016,50,4,53.672609652392566,53.495769,1.182666999999995,1.1358000000000104,1.0955450000000013,52.228246,0.07712900000000644,0.45471800000000684,0.02095800000000736,0,25376,25376,3.940886699352083e-05,25376,25375,366,339,1,21/06/12,15000,1,0.8,4,23723,773,30,0.2,false,0,0,0,0,0,110,0,0
wt050_021,50,4,37.23509352374822,37.082352,1.7472259999999977,1.7407830000000004,1.7407839999999979,35.226857,0.10603199999999902,0.8042090000000073,0.013004999999999711,0,59440,59440,0,59440,59440,469,469,0,21/06/12,15000,1,0.8,4,26292,0,30,0.2,false,0,0,0,0,0,110,0,0
wt050_026,50,4,42.02823398821056,41.92538,0.5372929999999982,0.5316720000000004,0.5316759999999974,41.29858,0.08195200000000114,0.2937469999999962,0.011908000000005359,0,54,54,0,54,54,204,204,0,21/06/12,15000,1,0.8,4,23982,0,30,0.2,false,0,0,0,0,0,110,0,0
wt040_001,40,2,23.03539728373289,22.834041,2.4300010000000007,1.5948519999999995,0.6664130000000021,20.299643999999997,0.10001000000000104,0.7712179999999726,0.20722800000000063,0,606,606,0.037671232812206794,606,584,579,226,2,21/06/12,15000,1,0.8,4,25468,14563,30,0.2,false,0,0,0,0,0,110,0,0
wt050_046,50,4,41.75133591424674,41.610435,2.6681330000000045,2.5602930000000086,2.2615300000000005,38.843395,0.0917129999999986,0.9207800000000645,0.029153999999998348,0,44455,44455,6.748852694890019e-05,44455,44452,618,387,1,21/06/12,15000,1,0.8,4,26540,1375,30,0.2,false,0,0,0,0,0,110,0,0
wt050_006,50,4,71.85337929893285,71.555297,5.277812999999995,3.12401200000005,0.9174959999999999,66.169619,0.0996549999999985,1.3395599999999206,0.46780300000003194,0,8317,8317,0.00228970836318514,8317,8298,972,283,2,21/06/12,15000,1,0.8,4,26973,7109,30,0.2,false,0,0,0,0,0,110,0,0
wt040_006,40,2,24.259817874990404,24.141572999999998,1.3276780000000024,1.1089029999999944,0.856975000000002,22.715889,0.09736900000000048,0.5689059999999273,0.04116800000000609,0,3886,3886,0.0028387096766867848,3886,3875,392,251,2,21/06/12,15000,1,0.8,4,27343,7900,30,0.2,false,0,0,0,0,0,110,0,0
wt040_051,40,2,0.18313010968267918,0.15844,0.03317800000000001,0.028756000000000004,0.028758000000000006,0.0004940000000000014,0.11956599999999999,0.028646000000000005,0.021190000000000014,0,0,0,0,0,0,1,1,0,21/06/12,15000,1,0.8,4,34810,0,30,0.2,false,0,0,0,0,0,110,0,0
wt040_011,40,2,24.660304876975715,24.421082,2.629366000000001,2.090133999999999,0.8526699999999998,21.700245000000002,0.08806500000000028,0.844589000000024,0.15954099999999372,0,9617,9617,0.0026063386152412075,9617,9592,910,244,1,21/06/12,15000,1,0.8,4,26561,5959,30,0.2,false,0,0,0,0,0,110,0,0
wt040_026,40,2,16.070658256299794,15.938437,0.47664800000000085,0.47221200000000074,0.4722150000000003,15.354979,0.10427699999999973,0.33941100000000013,0.048975000000000435,0,87,87,0,87,87,135,135,0,21/06/12,15000,1,0.8,4,29758,0,30,0.2,false,0,0,0,0,0,110,0,0
wt050_011,50,4,77.57119236979634,77.274123,5.758082000000002,3.921073000000007,0.9784740000000056,71.417369,0.0910390000000092,1.0275189999998133,0.2879209999999688,0,12879,12879,0.000621552326888233,12879,12871,1542,285,2,21/06/12,15000,1,0.8,4,24599,3638,30,0.2,false,0,0,0,0,0,110,0,0
wt040_021,40,2,25.800051921978593,25.61944,1.7774339999999995,1.7704820000000012,1.7704859999999982,23.755464,0.08231899999999825,0.5424499999999775,0.0120900000000006,0,41048,41048,0,41048,41048,470,470,0,21/06/12,15000,1,0.8,4,20451,0,30,0.2,false,0,0,0,0,0,110,0,0
wt040_076,40,2,0.21601773146539927,0.19142699999999999,0.036917000000000005,0.030271999999999993,0.030274999999999996,0.00037300000000000007,0.150202,0.03012200000000001,0.022515000000000035,0,0,0,0,0,0,1,1,0,21/06/12,15000,1,0.8,4,31206,0,30,0.2,false,0,0,0,0,0,110,0,0
wt050_031,50,4,61.69622865412384,61.572077,0.9458699999999993,0.9410239999999988,0.9410280000000029,60.520247,0.09503999999999735,0.5002299999998954,0.013936000000001059,0,3061,3061,0,3061,3061,274,274,0,21/06/12,15000,1,0.8,4,26835,0,30,0.2,false,0,0,0,0,0,110,0,0
wt050_056,50,4,60.250566507689655,59.993975000000006,4.600704999999998,2.83321500000001,0.557501000000002,55.293898000000006,0.09177400000000091,1.1371789999998327,0.39104300000000336,0,570,570,0.059479553792788936,570,538,1036,187,4,21/06/12,15000,1,0.8,4,26349,11773,30,0.2,false,0,0,0,0,0,110,0,0
wt040_046,40,2,21.809270485304296,21.660183,1.6741099999999989,1.669637999999999,1.6696400000000011,19.921454,0.06278700000000015,0.6333159999999332,0.009201999999998378,0,34146,34146,0,34146,34146,505,505,0,21/06/12,15000,1,0.8,4,17388,0,30,0.2,false,0,0,0,0,0,110,0,0
wt050_066,50,4,62.05696039739996,61.920725,3.1406219999999934,3.1332160000000044,3.1332179999999994,58.688718,0.08377300000000076,0.6856740000000769,0.011766999999998973,0,23138,23138,0,23138,23138,476,476,0,21/06/12,15000,1,0.8,4,23722,0,30,0.2,false,0,0,0,0,0,110,0,0
wt040_101,40,2,0.17720649484544992,0.160935,0.032777,0.028088000000000002,0.028090000000000004,0.0005459999999999979,0.12248499999999998,0.027504,0.020456000000000002,0,0,0,0,0,0,1,1,0,21/06/12,15000,1,0.8,4,37197,0,30,0.2,false,0,0,0,0,0,110,0,0
wt040_106,40,2,0.19476295821368694,0.166927,0.03933800000000001,0.034639999999999976,0.03464299999999998,0.00022800000000000077,0.12420400000000001,0.034475000000000006,0.025955000000000006,0,0,0,0,0,0,1,1,0,21/06/12,15000,1,0.8,4,41040,0,30,0.2,false,0,0,0,0,0,110,0,0
wt040_111,40,4,95.60688847582787,95.155942,8.595000999999996,5.350758000000027,1.107588000000007,86.48155399999999,0.07484699999999123,1.3911130000005727,0.38016499999983466,0,11263,11263,0.004548697823354557,11263,11212,3186,212,8,21/06/12,15000,1,0.8,4,22102,3114,30,0.2,false,0,0,0,0,0,110,0,0
wt050_041,50,4,68.77631148789078,68.372202,14.932814,9.784945,2.4710310000000035,53.307168,0.12442699999999718,2.42669099999992,0.6785560000000146,0,21806,21806,0.0010558692557932393,21806,21783,3678,358,5,21/06/12,15000,1,0.8,4,29661,3631,30,0.2,false,0,0,0,0,0,110,0,0
wt040_056,40,2,24.895754110999405,24.767498999999997,2.2236040000000017,1.605164000000002,1.1166449999999983,22.425948,0.11297899999999927,1.1070370000000054,0.17373800000000372,0,1279,1279,0.005503144649761678,1279,1272,360,248,3,21/06/12,15000,1,0.8,4,31487,14130,30,0.2,false,0,0,0,0,0,110,0,0
wt050_071,50,4,65.7481759255752,65.50099,3.323058000000003,2.7717890000000196,1.3070579999999978,62.067056,0.10343400000000003,0.7604569999996755,0.07269700000002643,0,42645,42645,0.0004692082111326872,42645,42625,1067,315,3,21/06/12,15000,1,0.8,4,25627,3488,30,0.2,false,0,0,0,0,0,110,0,0
wt050_081,50,4,65.34522104170173,65.156651,1.8249969999999962,1.4900769999999923,1.2116650000000035,63.219067,0.1084549999999993,0.8487590000001148,0.08926800000003254,0,495,495,0.035564853482081896,495,478,367,285,1,21/06/12,15000,1,0.8,4,31663,12861,30,0.2,false,0,0,0,0,0,110,0,0
wt040_031,40,2,34.00813359860331,33.761179,6.007607000000004,4.375774,1.2482919999999993,27.622709,0.1224880000000006,2.262816000000008,0.5235559999999957,0,3812,3812,0.014369345392663825,3812,3758,1398,270,4,21/06/12,15000,1,0.8,4,34158,11907,30,0.2,false,0,0,0,0,0,110,0,0
wt050_091,50,4,62.83638088218868,62.656144999999995,3.2256590000000003,3.0062230000000056,2.5469930000000005,59.299457,0.12738199999999722,1.1252930000000063,0.04808999999999486,0,26551,26551,0.0001883522941238472,26551,26546,599,313,2,21/06/12,15000,1,0.8,4,31733,1475,30,0.2,false,0,0,0,0,0,110,0,0
wt040_041,40,2,30.165903504937887,29.998126,1.996575,1.9328029999999963,1.8890020000000014,27.896058,0.10168600000000083,1.1042649999999874,0.02759500000000159,0,30802,30802,0.0001298785635388701,30802,30798,474,439,1,21/06/12,15000,1,0.8,4,30865,1675,30,0.2,false,0,0,0,0,0,110,0,0
wt050_096,50,4,64.94194425735623,64.464231,15.794216999999996,10.676986000000014,2.1997499999999945,48.556225,0.1064179999999979,2.2800909999999703,0.4521980000000241,0,50326,50326,0.00027826363491258025,50326,50312,4857,383,4,21/06/12,15000,1,0.8,4,29286,2606,30,0.2,false,0,0,0,0,0,110,0,0
wt050_036,50,4,77.06164774298668,76.82811199999999,2.7264009999999956,2.3808810000000165,1.9333400000000012,73.939791,0.15353100000000097,0.9517500000000894,0.07437500000003183,0,10796,10796,0.00018528812301414784,10796,10794,739,368,5,21/06/12,15000,1,0.8,4,28996,2220,30,0.2,false,0,0,0,0,0,110,0,0
wt040_071,40,2,40.49498166888952,40.153747,9.849070999999999,7.2900309999999955,1.6124270000000003,30.221315999999998,0.07800100000000043,1.942255999999965,0.320072000000053,0,47952,47952,0.00035464691769365503,47952,47935,3681,441,2,21/06/12,15000,1,0.8,4,25074,2554,30,0.2,false,0,0,0,0,0,110,0,0
wt040_096,40,2,27.067795210517943,26.899455,2.949649000000001,2.6146410000000024,2.065894,23.83991,0.10536400000000157,1.2320480000000273,0.045966000000003504,0,66116,66116,9.075782786128033e-05,66116,66110,935,527,4,21/06/12,15000,1,0.8,4,31251,1539,30,0.2,false,0,0,0,0,0,110,0,0
wt040_091,40,2,34.08922186307609,33.957032000000005,2.366053000000001,2.359162999999999,2.3591650000000044,31.445062,0.1428060000000002,1.3898550000001215,0.026149000000003753,0,26075,26075,0,26075,26075,458,458,0,21/06/12,15000,1,0.8,4,35659,0,30,0.2,false,0,0,0,0,0,110,0,0
wt050_051,50,2,0.2676684660837054,0.22320600000000002,0.04425399999999999,0.037825,0.037828,0.0011110000000000009,0.171207,0.037676000000000015,0.02863999999999997,0,0,0,0,0,0,1,1,0,21/06/12,15000,1,0.8,4,45580,0,30,0.2,false,0,0,0,0,0,110,0,0
wt040_121,40,2,28.70774037577212,28.553346,3.357118,3.2519889999999982,2.8774279999999983,25.039722,0.15564199999999673,1.8500720000000044,0.0460010000000004,0,64516,64516,0.00013951974204133629,64516,64507,671,427,1,21/06/12,15000,1,0.8,4,34422,1770,30,0.2,false,0,0,0,0,0,110,0,0
wt050_026,50,2,25.796444485895336,25.573992,1.4043659999999996,1.3989900000000013,1.3989919999999998,23.951719999999998,0.2139009999999999,1.0731970000000501,0.03061699999999945,0,26,26,0,26,26,213,213,0,21/06/12,15000,1,0.8,4,42722,0,30,0.2,false,0,0,0,0,0,110,0,0
wt050_001,50,2,34.64186327252537,34.266281000000006,10.385678000000002,6.774588000000001,1.6914569999999998,23.684741000000002,0.18796100000000138,4.641980999999941,1.150226,0,1268,1268,0.029220779197061054,1268,1232,1101,257,3,21/06/12,15000,1,0.8,4,43076,26376,30,0.2,false,0,0,0,0,0,110,0,0
wt040_016,40,2,83.30469805002213,82.13510600000001,57.871227,35.769073000000006,1.4898740000000004,24.169048,0.09445499999999996,9.042280999999917,2.968190000000014,0,38356,38356,0.0020639026046434176,38356,38277,17373,413,11,21/06/12,15000,1,0.8,4,28623,5571,30,0.2,false,0,0,0,0,0,110,0,0
wt050_076,50,2,0.3162346240133047,0.272733,0.05416699999999999,0.047708,0.047709999999999975,0.0008530000000000005,0.210089,0.047584000000000015,0.03655600000000003,0,0,0,0,0,0,1,1,0,21/06/12,15000,1,0.8,4,57822,0,30,0.2,false,0,0,0,0,0,110,0,0
wt040_086,40,2,46.79049126897007,46.457366,9.516132999999996,7.216511000000011,2.0540299999999974,36.827022,0.11107499999999959,2.4791499999997555,0.5156199999999913,0,6048,6048,0.008672448297419538,6048,5996,3225,374,3,21/06/12,15000,1,0.8,4,35968,4559,30,0.2,false,0,0,0,0,0,110,0,0
wt050_121,50,4,92.71116318646818,92.055149,19.80600100000001,12.673470000000052,1.7624239999999958,72.113602,0.13130099999999345,3.0070779999999644,0.7904239999999731,0,23792,23792,0.0010097610231820195,23792,23768,5348,285,8,21/06/12,15000,1,0.8,4,27900,3322,30,0.2,false,0,0,0,0,0,110,0,0
wt050_021,50,2,35.8707098858431,35.6298,5.502424000000001,4.822194000000014,4.081427999999999,29.973370999999997,0.14655499999999932,2.2918280000001197,0.04962399999999434,0,111069,111069,1.8007148837926595e-05,111069,111067,1355,763,2,21/06/12,15000,1,0.8,4,36837,1927,30,0.2,false,0,0,0,0,0,110,0,0
wt050_086,50,4,103.31173748709261,102.786985,22.198547000000005,14.220688999999993,2.537080000000003,80.43886,0.14584000000000685,3.493760999999566,1.01385300000004,0,8369,8369,0.004923150815931418,8369,8328,5868,277,7,21/06/12,15000,1,0.8,4,29955,3502,30,0.2,false,0,0,0,0,0,110,0,0
wt050_101,50,2,0.4101071497425437,0.348638,0.08188600000000001,0.07059199999999999,0.07059399999999999,0.00046900000000000067,0.25907399999999997,0.07036599999999998,0.05265799999999998,0,0,0,0,0,0,1,1,0,21/06/12,15000,1,0.8,4,51299,0,30,0.2,false,0,0,0,0,0,110,0,0
wt050_106,50,2,0.34209468867629766,0.306716,0.072853,0.06391499999999997,0.06391799999999997,0.0006670000000000009,0.226983,0.063355,0.045493000000000006,0,0,0,0,0,0,1,1,0,21/06/12,15000,1,0.8,4,59079,0,30,0.2,false,0,0,0,0,0,110,0,0
wt040_036,40,2,70.13550389558077,69.277565,34.315693,22.443328000000058,1.4675969999999978,34.855228000000004,0.09999100000000283,7.4128980000001405,2.374633000000088,0,10713,10713,0.0049718574104153975,10713,10660,10233,326,11,21/06/12,15000,1,0.8,4,31597,5504,30,0.2,false,0,0,0,0,0,110,0,0
wt050_111,50,4,110.70618756115437,109.948324,24.845813000000007,15.162947000000045,2.4333079999999967,84.963035,0.12982499999999675,3.967108999999809,1.67843900000031,0,10069,10069,0.002189708370439961,10069,10047,6705,333,16,21/06/12,15000,1,0.8,4,32995,2367,30,0.2,false,0,0,0,0,0,110,0,0
wt050_116,50,4,109.54874929599464,108.651745,31.852311,19.62513899999996,0.9250250000000051,76.688885,0.10657799999999895,4.85668600000038,1.712910000000008,0,11552,11552,0.0028648320164194087,11552,11519,7557,231,6,21/06/12,15000,1,0.8,4,26568,4131,30,0.2,false,0,0,0,0,0,110,0,0
wt040_111,40,2,60.88312659692019,60.221627999999995,22.104509,14.744489999999935,3.652725999999994,37.97751,0.13376199999999727,5.004038000000307,1.298987000000011,0,17936,17936,0.0021791361679511013,17936,17897,7151,413,9,21/06/12,15000,1,0.8,4,42861,3379,30,0.2,false,0,0,0,0,0,110,0,0
wt040_081,40,2,75.80635422468185,75.39404499999999,9.801727,6.7925900000000325,1.666115000000005,65.481876,0.10193800000000408,2.922177999999789,0.586880000000022,0,571,571,0.26607538743663994,571,451,2138,313,8,21/06/12,15000,1,0.8,4,33177,12569,30,0.2,false,0,0,0,0,0,110,0,0
wt050_006,50,2,58.87161318492144,58.449915000000004,13.486070999999995,9.068684000000012,2.2861119999999957,44.780852,0.17233699999999885,4.478311999999924,1.108717999999996,0,14272,14272,0.0007713344084726643,14272,14261,2173,383,3,21/06/12,15000,1,0.8,4,47825,12808,30,0.2,false,0,0,0,0,0,110,0,0
wt050_011,50,2,59.38893497828394,58.889905,11.339645000000004,7.844171999999979,2.5028560000000013,47.372448999999996,0.17038900000000012,3.732087999999827,0.5506569999999869,0,23028,23028,0.001217391304294896,23028,23000,2197,413,1,21/06/12,15000,1,0.8,4,43454,8793,30,0.2,false,0,0,0,0,0,110,0,0
wt050_056,50,2,49.42015445698053,48.927734,13.393915,8.548909000000023,1.8429350000000042,35.334367,0.194827999999994,6.0144410000000335,1.5542999999999765,0,761,761,0.04246575336648527,761,730,1334,264,7,21/06/12,15000,1,0.8,4,48655,25224,30,0.2,false,0,0,0,0,0,110,0,0
wt040_116,40,2,79.32094259001315,78.344133,44.27763899999999,28.670022000000046,1.8831160000000011,33.950386,0.11499300000000545,6.9610769999994275,1.8748669999998953,0,25870,25870,0.004114267970652295,25870,25764,14024,370,9,21/06/12,15000,1,0.8,4,34489,6036,30,0.2,false,0,0,0,0,0,110,0,0
wt050_071,50,2,44.64259140472859,44.412357,4.750265999999996,4.737741,4.737743000000002,39.491962,0.1661229999999989,3.115969000000071,0.06630900000000395,0,78532,78532,0,78532,78532,625,625,0,21/06/12,15000,1,0.8,4,42291,0,30,0.2,false,0,0,0,0,0,110,0,0
wt040_061,40,2,104.56881193816662,103.326633,66.87713300000001,41.57559399999988,2.1933799999999977,36.324383,0.12194099999999963,12.338291000000254,3.7612139999999243,0,11488,11488,0.016457264199570228,11488,11302,18667,335,16,21/06/12,15000,1,0.8,4,34784,10339,30,0.2,false,0,0,0,0,0,110,0,0
wt050_066,50,2,54.951384821906686,54.624413000000004,5.597567000000005,5.589720999999997,5.589724000000004,48.863114,0.15656700000000257,3.691153999999983,0.08756299999999584,0,40907,40907,0,40907,40907,693,693,0,21/06/12,15000,1,0.8,4,42415,0,30,0.2,false,0,0,0,0,0,110,0,0
wt050_081,50,2,53.41133752185851,53.050284,7.893418000000004,6.107868999999994,3.7066410000000047,44.911659,0.2412440000000018,4.29947300000002,0.22572100000000006,0,542,542,0.007434944224098617,542,538,584,415,1,21/06/12,15000,1,0.8,4,60782,60782,30,0.2,false,0,0,0,0,0,110,0,0
wt050_096,50,2,52.821592753753066,52.55977,8.022931,7.206661000000018,4.548542000000005,44.320091,0.21228599999999886,3.2304499999999408,0.1115740000000045,0,92822,92822,0.0002262906649688442,92822,92801,1734,581,2,21/06/12,15000,1,0.8,4,50619,4310,30,0.2,false,0,0,0,0,0,110,0,0
wt050_031,50,2,90.18921347334981,89.254177,45.820862000000005,29.30147100000005,2.767254000000001,43.207408,0.21779300000000035,17.722504000000114,6.399109999999929,0,5378,5378,0.01682737757291976,5378,5289,5148,367,14,21/06/12,15000,1,0.8,4,50634,20186,30,0.2,false,0,0,0,0,0,110,0,0
wt050_036,50,2,94.89724374283105,94.108121,32.497821,21.266351000000085,3.378747000000004,61.424911,0.18189100000000025,8.05406400000048,1.666846000000021,0,18956,18956,0.003440791911310106,18956,18891,6167,448,5,21/06/12,15000,1,0.8,4,52878,9448,30,0.2,false,0,0,0,0,0,110,0,0
wt050_121,50,2,55.486597270704806,55.233774,5.882286000000001,5.873103,5.873104999999995,49.150282,0.1934880000000021,3.485250999999998,0.03523700000000218,0,41696,41696,0,41696,41696,682,682,0,21/06/12,15000,1,0.8,4,49648,0,30,0.2,false,0,0,0,0,0,110,0,0
wt050_111,50,2,71.79012284614146,71.48423,7.229325000000003,6.664742000000004,5.380367000000007,63.953713,0.2928459999999973,3.748935000000131,0.21560900000001482,0,15564,15564,0.0013510905229781192,15564,15543,1203,517,3,21/06/12,15000,1,0.8,4,64306,5109,30,0.2,false,0,0,0,0,0,110,0,0
wt050_016,50,2,114.91591018717736,113.873813,65.973016,36.43099400000011,3.8510789999999986,47.700331999999996,0.19648600000000016,8.325299000001188,2.0869729999998583,0,46072,46072,0.0013257699245544376,46072,46011,13773,526,8,21/06/12,15000,1,0.8,4,38272,6586,30,0.2,false,0,0,0,0,0,110,0,0
wt050_046,50,2,109.45178246498108,108.197357,71.554528,48.62313499999999,4.889099000000002,36.487215000000006,0.15192100000000153,10.249747999999983,1.4925819999999987,0,82105,82105,0.0002558354855970002,82105,82084,19252,638,5,21/06/12,15000,1,0.8,4,41180,4887,30,0.2,false,0,0,0,0,0,110,0,0
wt050_061,50,2,122.82601371593773,121.714433,62.191517000000005,38.2787480000001,4.1174409999999995,59.300717,0.2171990000000008,14.330883999999998,4.552890999999995,0,13682,13682,0.007362685907277081,13682,13582,10700,454,12,21/06/12,15000,1,0.8,4,60495,13910,30,0.2,false,0,0,0,0,0,110,0,0
wt050_041,50,2,131.37929922994226,130.220844,76.23414,48.76994900000015,4.454585999999999,53.761512,0.21659400000000062,12.578115000001425,3.3690309999998505,0,38058,38058,0.0027930016862670478,38058,37952,17215,667,13,21/06/12,15000,1,0.8,4,50054,8682,30,0.2,false,0,0,0,0,0,110,0,0
wt050_061,50,4,242.42425011005253,238.22559600000002,170.132269,94.95666700000005,1.414484999999999,67.959276,0.12650000000000716,25.898181999995472,12.013767999999615,0,7898,7898,0.0061146496807497255,7898,7850,34057,254,75,21/06/12,15000,1,0.8,4,32396,6519,30,0.2,false,0,0,0,0,0,110,0,0
wt050_091,50,2,172.31080976966769,170.403679,110.736176,71.42915000000002,7.316125999999997,59.405749,0.2545069999999967,18.013740000001526,4.086028000000169,0,47349,47349,0.0011841075846069375,47349,47293,30012,581,10,21/06/12,15000,1,0.8,4,58096,7723,30,0.2,false,0,0,0,0,0,110,0,0
wt050_116,50,2,283.9879352170974,280.74798,194.707828,119.99281899999986,4.805329,85.84125,0.1920199999999994,21.606714999999227,6.066621999999228,0,19608,19608,0.0045081967210805225,19608,19520,47899,488,35,21/06/12,15000,1,0.8,4,49744,8875,30,0.2,false,0,0,0,0,0,110,0,0
wt050_086,50,2,620.5385640719905,611.955682,507.940662,307.038032999999,6.1784959999999955,103.812387,0.19561499999998944,63.51693300000272,20.63498499999899,0,12557,12557,0.0236406619366071,12557,12267,130879,592,99,21/06/12,15000,1,0.8,4,56774,15828,30,0.2,false,0,0,0,0,0,110,0,0
wt040_066,40,2,7230.829309705645,6739.778601,6709.294126,799.2857549999361,1.844896000000002,30.350658,0.12937099999999901,241.37692299990863,124.05516800007209,0.0030707116657737706,35171,35279,0.004241389125982311,35279,35130,263902,370,54082,21/06/12,15000,1,0.8,4,34477,8415,30,0.2,false,0,0,0,0,0,110,0,0
wt100_051,100,4,0.9218396032229066,0.810751,0.11670900000000006,0.10277799999999992,0.10277999999999998,0.007914000000000004,0.619583,0.10240800000000005,0.0755610000000001,0,0,0,0,0,0,1,1,0,21/06/12,15000,1,0.8,4,105943,0,30,0.2,false,0,0,0,0,0,110,0,0
wt100_076,100,4,0.9168217666447163,0.805084,0.11827399999999999,0.10328800000000005,0.10328999999999999,0.007618,0.614997,0.10234900000000002,0.08030799999999993,0,0,0,0,0,0,1,1,0,21/06/12,15000,1,0.8,4,107744,0,30,0.2,false,0,0,0,0,0,110,0,0
wt100_101,100,4,0.8946456117555499,0.806647,0.11831399999999992,0.10358699999999998,0.10358900000000004,0.005188999999999999,0.6223569999999999,0.103549,0.07788299999999992,0,0,0,0,0,0,1,1,0,21/06/12,15000,1,0.8,4,110018,0,30,0.2,false,0,0,0,0,0,110,0,0
wt100_106,100,4,0.9863419802859426,0.922678,0.13873199999999997,0.12204900000000007,0.12205100000000002,0.004012999999999989,0.711173,0.121394,0.0872989999999999,0,0,0,0,0,0,1,1,0,21/06/12,15000,1,0.8,4,125722,0,30,0.2,false,0,0,0,0,0,110,0,0
wt100_026,100,4,139.8190001808107,139.45709599999998,6.320999999999998,6.306353000000001,6.306354999999996,132.43005,0.6338170000000218,5.177645000000126,0.10506300000000124,0,141,141,0,141,141,395,395,0,21/06/12,15000,1,0.8,4,111678,0,30,0.2,false,0,0,0,0,0,110,0,0
wt100_001,100,2,184.4709167405963,183.515277,59.20250899999999,45.460417999999976,11.870656999999994,123.3447,0.939850000000007,32.909924000000856,6.576468999999975,0,3339,3339,0.007543753769600557,3339,3314,2344,567,3,21/06/12,15000,1,0.8,4,164036,97369,30,0.2,false,0,0,0,0,0,110,0,0
wt100_001,100,4,195.56217759940773,194.72505900000002,41.35740099999998,29.15379900000005,7.957213999999993,152.742452,0.5607379999999864,19.063702000000035,4.707422999999949,0,2001,2001,0.005527638188177066,2001,1990,1817,492,3,21/06/12,15000,1,0.8,4,96189,56953,30,0.2,false,0,0,0,0,0,110,0,0
wt100_006,100,4,233.93535785842687,233.522026,8.839451999999994,8.820361999999989,8.820363999999984,224.03161500000002,0.5822829999999897,6.52532000000005,0.08692899999999781,0,16893,16893,0,16893,16893,624,624,0,21/06/12,15000,1,0.8,4,101172,0,30,0.2,false,0,0,0,0,0,110,0,0
wt100_011,100,2,270.3877385491505,269.992593,22.51745200000002,22.488526000000007,22.488528000000002,246.512015,0.9355779999999925,16.27609800000016,0.28304800000000796,0,93894,93894,0,93894,93894,1086,1086,0,21/06/12,15000,1,0.8,4,166029,0,30,0.2,false,0,0,0,0,0,110,0,0
wt100_026,100,2,118.06572734005749,116.92134,16.623697000000007,16.588313,16.58831699999999,99.00172599999999,1.2499409999999926,13.714475999999948,0.8215769999999907,0,92,92,0,92,92,513,513,0,21/06/12,15000,1,0.8,4,204196,0,30,0.2,false,0,0,0,0,0,110,0,0
wt100_056,100,4,313.57419837545604,312.17893499999997,92.736862,62.95927199999994,9.354214999999982,218.756335,0.6088469999999973,37.42177700000025,12.344439999999992,0,3076,3076,0.0182058920826859,3076,3021,3595,574,6,21/06/12,15000,1,0.8,4,114485,52147,30,0.2,false,0,0,0,0,0,110,0,0
wt100_051,100,2,1.5086385225877166,1.33484,0.215233,0.19076199999999988,0.19076499999999985,0.0030269999999999984,1.0919459999999999,0.19025399999999992,0.15111399999999997,0,0,0,0,0,0,1,1,0,21/06/12,15000,1,0.8,4,198761,0,30,0.2,false,0,0,0,0,0,110,0,0
wt100_021,100,4,396.0184703906998,394.830468,72.80612300000001,60.81048599999997,44.79325799999998,321.140654,0.8369560000000433,24.926525999999456,0.6339880000002722,0,237392,237392,1.2637485308870093e-05,237392,237389,1917,1111,3,21/06/12,15000,1,0.8,4,108140,108140,30,0.2,false,0,0,0,0,0,110,0,0
wt100_036,100,4,396.70448655541986,395.659783,78.063852,59.962053000000026,14.672709999999995,316.94899300000003,0.5789500000000203,32.46058100000005,8.930108999999845,0,30791,30791,0.0005849283462585731,30791,30773,4683,791,1,21/06/12,15000,1,0.8,4,111810,19265,30,0.2,false,0,0,0,0,0,110,0,0
wt100_081,100,4,416.43136422149837,415.892651,35.99873500000001,32.92888099999993,25.579057999999975,379.202329,0.6201089999999567,17.13363300000009,0.5162200000000325,0,819,819,0.08620689643739138,819,754,1734,1147,3,21/06/12,15000,1,0.8,4,112717,40192,30,0.2,false,0,0,0,0,0,110,0,0
wt100_006,100,2,450.63712725322694,448.92857,265.53154199999994,189.75783199999995,17.810872000000018,182.347294,1.017218000000014,117.95497900000223,24.099854999999877,0,30665,30665,0.0006852891267234928,30665,30644,10610,740,5,21/06/12,15000,1,0.8,4,182886,67515,30,0.2,false,0,0,0,0,0,110,0,0
wt100_076,100,2,1.6612363951280713,1.513558,0.26250700000000005,0.213457,0.21346100000000012,0.003139000000000003,1.216256,0.21280999999999994,0.19001600000000018,0,0,0,0,0,0,1,1,0,21/06/12,15000,1,0.8,4,205595,0,30,0.2,false,0,0,0,0,0,110,0,0
wt100_031,100,2,284.1849537510425,282.12397699999997,102.124461,80.87551699999997,25.158472000000017,178.795903,1.1714529999999854,62.34563399999948,15.04126100000019,0,12729,12729,0.000314341846733647,12729,12725,3253,695,5,21/06/12,15000,1,0.8,4,204316,80616,30,0.2,false,0,0,0,0,0,110,0,0
wt100_031,100,4,599.7692302605137,596.623193,399.26768699999997,254.51317200000037,8.607849999999985,196.666869,0.6235899999999788,145.02106299999866,50.42454699999786,0,7130,7130,0.007062146891657888,7130,7080,15676,575,20,21/06/12,15000,1,0.8,4,109653,48246,30,0.2,false,0,0,0,0,0,110,0,0
wt100_056,100,2,291.96596995182335,290.544669,96.06092000000001,77.21098199999994,28.057312999999994,192.873626,1.5700640000000021,58.70733299999932,9.51315900000003,0,5047,5047,0.012843668470230048,5047,4983,2486,724,3,21/06/12,15000,1,0.8,4,221962,104869,30,0.2,false,0,0,0,0,0,110,0,0
wt100_071,100,2,393.6599314138293,392.013762,134.759548,115.9042720000001,73.72242299999999,255.98006000000004,1.2405179999999518,50.78392699999904,0.6229989999999361,0,327305,327305,1.5276504735669795e-05,327305,327300,6971,1857,3,21/06/12,15000,1,0.8,4,187002,6489,30,0.2,false,0,0,0,0,0,110,0,0
wt100_101,100,2,1.6923296693712473,1.5445349999999998,0.2806850000000001,0.24860599999999988,0.24860900000000008,0.003173000000000002,1.236938,0.248062,0.19579400000000025,0,0,0,0,0,0,1,1,0,21/06/12,15000,1,0.8,4,211748,0,30,0.2,false,0,0,0,0,0,110,0,0
wt100_106,100,2,1.9833870707079768,1.826105,0.36160899999999985,0.31946600000000025,0.319469,0.001916000000000001,1.435613,0.3185930000000001,0.251938,0,0,0,0,0,0,1,1,0,21/06/12,15000,1,0.8,4,245276,0,30,0.2,false,0,0,0,0,0,110,0,0
wt100_046,100,4,903.4140157848597,899.71172,687.9896060000001,389.58860300000066,24.754025000000013,211.048776,0.6122860000000117,204.06263100000052,11.160931999999121,0,219536,219536,4.55526907972379e-05,219536,219526,21484,982,13,21/06/12,15000,1,0.8,4,106756,106756,30,0.2,false,0,0,0,0,0,110,0,0
wt100_096,100,4,949.2142416741699,946.197614,558.038417,356.6048199999998,28.021826000000033,387.442053,0.6266840000000116,175.37489100001017,13.817343000000676,0,133587,133587,0.00011978648059743667,133587,133571,23740,979,20,21/06/12,15000,1,0.8,4,104277,104277,30,0.2,false,0,0,0,0,0,110,0,0
wt100_016,100,2,1000.4800493149087,997.568392,679.97354,470.21573600000005,52.839331000000016,316.653024,0.9039200000000278,119.70006700000516,20.03120599999994,0,209100,209100,0.0002056855307394362,209100,209057,29576,1572,7,21/06/12,15000,1,0.8,4,175217,16244,30,0.2,false,0,0,0,0,0,110,0,0
wt100_041,100,4,1026.3538478137925,1021.424581,697.0109259999999,421.6656910000012,24.72410400000001,323.48181400000004,0.8639759999999796,101.49458799999712,23.97989199999995,0,126185,126185,0.0004360580353568853,126185,126130,41897,737,41,21/06/12,15000,1,0.8,4,129190,15506,30,0.2,false,0,0,0,0,0,110,0,0
wt100_081,100,2,615.1097271647304,612.4443170000001,331.42403,262.14000700000014,63.967850999999996,279.74715100000003,1.2368450000000166,144.83702599999702,11.369673999999975,0,908,908,0.14791403268278883,908,791,11232,1582,8,21/06/12,15000,1,0.8,4,219398,84729,30,0.2,false,0,0,0,0,0,110,0,0
wt100_036,100,2,1287.998856374994,1283.468799,1020.653106,664.678451,30.523586000000023,261.614204,1.1580769999999916,405.8957650000008,40.65241899999512,0,56671,56671,0.0017145685296829892,56671,56574,29717,908,21,21/06/12,15000,1,0.8,4,205769,205769,30,0.2,false,0,0,0,0,0,110,0,0
wt100_021,100,2,1484.8828106336296,1480.227432,1215.340894,825.8675440000004,50.583732999999995,263.965546,0.8967419999999606,140.16626300001127,21.552243999998154,0,457836,457836,4.8054450060399956e-05,457836,457814,61514,1786,9,21/06/12,15000,1,0.8,4,149005,14577,30,0.2,false,0,0,0,0,0,110,0,0
wt100_071,100,4,7464.469599052332,7417.903286,7167.753722,4280.311531000045,28.975482000000028,249.391674,0.6894729999999925,430.14500200008086,40.93870199999816,0.00011132268932115821,170675,170694,0.00011718246481527835,170694,170674,589551,1006,265,21/06/12,15000,1,0.8,4,110213,110213,30,0.2,false,0,0,0,0,0,110,0,0
wt100_011,100,4,7528.342112677172,7434.528189,7109.728169,3978.9229250000035,10.698562000000038,324.195422,0.5417289999999753,1262.6251449998115,91.093448000016,0.0008167493376199376,50199,50240,0.0008765638696135834,50240,50196,758596,773,1346,21/06/12,15000,1,0.8,4,99364,99364,30,0.2,false,0,0,0,0,0,110,0,0
wt100_061,100,4,7637.197561711073,7461.774471,7025.629841,1504.8953459999814,16.658289000000025,435.141329,0.9328739999999698,555.4554879999699,350.85412599997414,0.002579604997880709,24810,24874,0.0027816972383478454,24874,24805,178158,884,25057,21/06/12,15000,1,0.8,4,112061,17705,30,0.2,false,0,0,0,0,0,110,0,0
wt100_091,100,4,7692.967888118699,7646.229375999999,7154.820011,1517.292694999969,29.358036000000027,490.593753,0.7478909999999814,327.897337000043,99.61735099997281,0.0003825121128781556,70586,70613,0.00043920546314302227,70613,70582,114492,958,4931,21/06/12,15000,1,0.8,4,116098,116098,30,0.2,false,0,0,0,0,0,110,0,0
wt100_041,100,2,7536.776255672798,7513.703636,7187.136689,3596.6468339999956,58.271191000000044,325.14912899999996,1.3762159999999994,979.5406020000505,214.44384400000882,0.000597085214990215,237822,237964,0.0008159145392571985,237964,237770,291521,1502,153,21/06/12,15000,1,0.8,4,228883,34525,30,0.2,false,0,0,0,0,0,110,0,0
wt100_121,100,4,7811.8908720668405,7704.90634,7095.212622999999,3025.21371799996,20.257915000000025,608.812369,0.8045250000000124,464.04223400016656,96.98072999999397,0.00017241649555500545,127598,127620,0.0002507974575388086,127625,127593,871449,709,604,21/06/12,15000,1,0.8,4,116004,116004,30,0.2,false,0,0,0,0,0,110,0,0
wt100_046,100,2,7536.471669550054,7518.531518,7184.964227,3890.293076999992,50.87494000000004,332.190835,1.342279000000019,1648.6133329999286,85.21128099997946,5.203295104869567e-05,422809,422831,6.385937692154317e-05,422831,422804,260691,1570,58,21/06/12,15000,1,0.8,4,169601,169601,30,0.2,false,0,0,0,0,0,110,0,0
wt100_116,100,4,7843.262620257214,7807.406142,7167.657118,3618.089363999975,19.8739700000001,638.931395,0.7543300000000954,660.0331939999041,148.96349299998428,0.0003546099290745212,101520,101556,0.0004334377524239668,101558,101514,449276,782,207,21/06/12,15000,1,0.8,4,120059,120059,30,0.2,false,0,0,0,0,0,110,0,0
wt100_016,100,4,7895.947980824858,7821.250631,7126.702293,3727.7147700000323,20.055476,693.855956,0.6212309999999661,588.5435130003939,112.91424599999095,0.0009990100718288333,110109,110219,0.001044467049325688,110219,110104,771288,904,3554,21/06/12,15000,1,0.8,4,104448,20981,30,0.2,false,0,0,0,0,0,110,0,0
wt100_066,100,4,7921.541067524813,7900.121566,7197.28089,2806.995936999957,22.63850500000001,702.0540520000001,0.7223149999999805,480.5586869999745,186.79451599999118,0.0006180924489614857,67951,67993,0.0006769982486250019,67993,67947,269600,765,161,21/06/12,15000,1,0.8,4,104634,14016,30,0.2,false,0,0,0,0,0,110,0,0
wt100_061,100,2,7692.7175099486485,7660.697426,7298.727774999999,3982.592311000012,41.656368999999984,360.705993,1.2271389999999656,1248.6598289999265,119.91116000000625,0.002529807734556518,45458,45573,0.003567417585968875,45573,45411,325278,1143,82,21/06/12,15000,1,0.8,4,212937,37231,30,0.2,false,0,0,0,0,0,110,0,0
wt100_096,100,2,7485.596282334067,7460.414529,7216.833027000001,3677.729447000007,53.55685200000002,242.39647599999998,1.1609279999999842,937.6977449998228,92.12982999999429,0.00015738489262353774,254154,254194,0.00021248130951360478,254194,254140,289537,1544,65,21/06/12,15000,1,0.8,4,183813,183813,30,0.2,false,0,0,0,0,0,110,0,0
wt100_086,100,2,7655.3098930660635,7627.98907,7187.229813999999,3933.078719000012,64.39235400000001,439.222026,1.4989499999999794,1506.2249950000457,273.14014600002145,0.013117560961776324,36211,36686,0.013257471137014377,36686,36206,284433,1314,82,21/06/12,15000,1,0.8,4,246455,66490,30,0.2,false,0,0,0,0,0,110,0,0
wt100_091,100,2,7584.05201390665,7559.55938,7192.801141,3887.4312939999986,53.99792000000002,365.440718,1.2814559999999915,1003.7811659999797,113.64269699999204,0.0022215194267074345,129641,129929,0.002631416489160791,129929,129588,301902,1277,41,21/06/12,15000,1,0.8,4,211166,43355,30,0.2,false,0,0,0,0,0,110,0,0
wt100_066,100,2,7976.290830191225,7948.77458,7225.529614,3907.7842810000066,45.63944600000002,722.171152,1.0404089999999542,909.6610419998298,128.70449700001507,0.00048239648245593274,126452,126513,0.0008543965824069112,126513,126405,339048,1357,84,21/06/12,15000,1,0.8,4,191056,27461,30,0.2,false,0,0,0,0,0,110,0,0
wt100_111,100,4,8423.15641043894,8313.186372,7092.166379,2099.307372999967,21.854458000000022,1220.237388,0.7180860000000848,342.056132999729,168.2420500000103,0.0016293977659749717,46643,46719,0.0022095417881798194,46719,46616,325997,787,14162,21/06/12,15000,1,0.8,4,134181,20797,30,0.2,false,0,0,0,0,0,110,0,0
wt100_121,100,2,7538.3355570929125,7516.967472,7199.591305,3818.210956000007,67.54051600000003,316.04963599999996,1.292058000000054,669.5563470001418,120.90729899998365,0.00025210987030702803,241958,242019,0.00026864610628355535,242019,241954,403741,1579,85,21/06/12,15000,1,0.8,4,209401,20841,30,0.2,false,0,0,0,0,0,110,0,0
wt100_111,100,2,7898.942280435003,7872.903575,7218.884298999999,3719.8511189999845,75.09366900000009,652.59799,1.3878470000000789,1041.70830000005,168.84445199999618,0.0023558807781265292,84045,84243,0.0028570408199367044,84243,84003,361635,1506,95,21/06/12,15000,1,0.8,4,262253,46178,30,0.2,false,0,0,0,0,0,110,0,0
wt100_116,100,2,8182.220834958367,8146.6225540000005,7298.077578,3606.652715000003,66.48962500000005,847.086098,1.4140979999999672,1230.025505000043,124.64868200001013,0.00041861584670068645,191106,191186,0.000528560588217136,191186,191085,293320,1422,63,21/06/12,15000,1,0.8,4,228478,228478,30,0.2,false,0,0,0,0,0,110,0,0
