n,m,Id,first_size_graph_AFBC,first_size_graph_TI,first_size_graph_ATI,gap_AFBC,gap_TI,gap_ATI,global_lower_bound_AFBC,global_lower_bound_TI,global_lower_bound_ATI,global_upper_bound_AFBC,global_upper_bound_TI,global_upper_bound_ATI,nb_generated_col_AFBC,nb_generated_col_TI,nb_generated_col_ATI,opt_AFBC,opt_TI,opt_ATI,reduction_AFBC,reduction_TI,reduction_ATI,rel_error_AFBC,rel_error_TI,rel_error_ATI,tot_cputime_AFBC,tot_cputime_TI,tot_cputime_ATI,tot_lb_AFBC,tot_lb_TI,tot_lb_ATI
40,2,1,31374,41215,805761,0.037671232231656984,0.037671232231656984,0.037671232231656984,584,584,584,606,606,606,150,137,147,False,False,False,0.5353796136758022,0.0,0.0,0.037670999999999996,0.037670999999999996,0.037670999999999996,0.545976,0.18849100000000002,2.671078,0.39227199999999995,0.060753999999999996,2.331945
40,2,6,29994,39091,764425,0.0028387096700936525,0.0028387096700936525,0.0028387096700936525,3875,3875,3875,3886,3886,3886,219,223,203,False,False,False,0.7367140094439983,0.0,0.0,0.002839,0.002839,0.002839,0.763899,0.316695,3.429522,0.555764,0.112977,3.053893
40,2,11,26940,39776,777803,0.002606338612795727,0.002606338612795727,0.002606338612795727,9592,9592,9592,9617,9617,9617,236,255,234,False,False,False,0.7785449145961936,0.0,0.0,0.002606,0.002606,0.002606,0.712255,0.338059,3.881852,0.48863999999999996,0.146044,3.5166589999999998
40,2,16,28275,40724,796248,0.0021686306267685754,0.0022733805424041964,0.002037724018486409,38273,38269,38278,38356,38356,38356,337,335,287,False,False,False,0.8060123783976654,0.0,0.0,0.002169,0.002273,0.002038,1.03703,0.598536,4.905078,0.731887,0.283735,4.428692
40,2,21,21396,36432,712595,0.0,4.8725819800047303e-05,0.0,41048,41046,41048,41048,41048,41048,358,443,354,True,False,True,0.8988128621752284,0.0,0.0,0.0,4.9e-05,0.0,0.9459930000000001,0.752119,5.174829,0.6383260000000001,0.472354,4.756688
40,2,26,34062,42169,824446,0.0609756023200485,0.0609756023200485,0.0609756023200485,82,82,82,87,87,87,112,109,98,False,False,False,0.46858669483680976,0.0,0.0,0.060976,0.060976,0.060976,0.512618,0.14790599999999998,1.7982490000000002,0.365465,0.04351,1.494257
40,2,31,34887,45475,888913,0.01436934535825081,0.016262330001966595,0.01436934535825081,3758,3751,3758,3812,3812,3812,217,205,224,False,False,False,0.6977097485969642,0.0,0.0,0.014369,0.016262000000000002,0.014369,0.8434969999999999,0.373123,4.294758,0.549474,0.11488,3.8247269999999998
40,2,36,31710,40155,785173,0.0047833427079503445,0.005160442854981758,0.0047833427079503445,10662,10658,10662,10713,10713,10713,271,271,282,False,False,False,0.8299590034427639,0.0,0.0,0.004783,0.0051600000000000005,0.004783,1.0417969999999999,0.606003,4.734829,0.654651,0.206564,4.186771
40,2,41,30972,41142,804399,0.0002272874861266032,0.0002272874861266032,0.0002272874861266032,30798,30798,30798,30805,30805,30805,453,488,419,False,False,False,0.9244156011583231,0.0,0.0,0.000227,0.000227,0.000227,1.417621,0.779379,7.032794,1.0749440000000001,0.44547700000000007,6.51538
40,2,46,18000,29817,583541,0.0,0.0,0.0,34146,34146,34146,34146,34146,34146,394,416,461,True,True,True,0.8471666666196018,0.0,0.0,0.0,0.0,0.0,0.874416,0.6443369999999999,5.528002,0.658145,0.41955200000000004,5.205209
40,2,51,38575,48893,955523,0.0,0.0,0.0,0,0,0,0,0,0,0,0,0,True,True,True,0.9999999999740765,0.9999999999795471,0.9999999999989534,1.0,1.0,1.0,0.019911,0.0,0.23351799999999998,0.0,0.0,0.0
40,2,56,32266,38824,759198,0.008675078795937865,0.008675078795937865,0.008675078795937865,1268,1268,1268,1279,1279,1279,155,159,164,False,False,False,0.5581726895010793,0.0,0.0,0.008675,0.008675,0.008675,0.663822,0.29798,2.73817,0.430439,0.078023,2.3664650000000003
40,2,61,33101,39319,768871,0.017247479199321177,0.018869596014467048,0.017247479199321177,11306,11288,11306,11501,11501,11501,279,334,320,False,False,False,0.6874414670043973,0.0,0.0,0.017247,0.018869999999999998,0.017247,1.193653,0.688136,5.280572,0.723772,0.24541,4.676718
40,2,66,33612,41181,805180,0.004241389124895704,0.005013816481493371,0.004241389124895704,35130,35103,35130,35279,35279,35279,306,316,302,False,False,False,0.7694870879218884,0.0,0.0,0.004241,0.005014,0.004241,1.12729,0.656903,5.145747,0.735871,0.268617,4.6124849999999995
40,2,71,25851,35783,699878,0.00035464691762706853,0.00041725778177057957,0.00035464691762706853,47935,47932,47935,47952,47952,47952,347,427,366,False,False,False,0.9046071718345671,0.0,0.0,0.00035499999999999996,0.000417,0.00035499999999999996,0.986456,0.720616,5.496992,0.6843090000000001,0.415588,5.056759
40,2,76,32792,39624,774839,0.0,0.0,0.0,0,0,0,0,0,0,0,0,0,True,True,True,0.9999999999695047,0.9999999999747627,0.9999999999987094,1.0,1.0,1.0,0.016232,0.001189,0.198292,0.0,0.0,0.0
40,2,81,32407,37379,731000,0.33924611221183787,0.33924611221183787,0.33924611221183787,451,451,451,604,604,604,247,213,217,False,False,False,0.5793809979146671,0.0,0.0,0.339246,0.339246,0.339246,1.001255,0.521515,3.565872,0.578533,0.140336,3.007534
40,2,86,34935,38858,759779,0.008839226136025308,0.011369336212390342,0.008839226136025308,5996,5981,5996,6049,6049,6049,330,311,335,False,False,False,0.8885358522716893,0.0,0.0,0.008839,0.011369,0.008839,1.318403,0.789741,5.34578,0.798692,0.248731,4.712015
40,2,91,35049,41178,805060,0.0,0.000921269816543983,0.0,26075,26051,26075,26075,26075,26075,432,347,414,True,False,True,0.9945790179179269,0.0,0.0,0.0,0.000921,0.0,1.541051,0.815552,6.769977000000001,1.05531,0.311382,6.108164
40,2,96,33080,41828,817817,9.075645503913774e-05,0.0004539470697029753,0.00010588413249041232,66111,66087,66110,66117,66117,66117,366,384,392,False,False,False,0.932527206743273,0.0,0.0,9.1e-05,0.000454,0.000106,1.152279,0.645939,6.603280000000001,0.878502,0.354369,6.162993
40,2,101,38134,44217,864300,0.0,0.0,0.0,0,0,0,0,0,0,0,0,0,True,True,True,0.9999999999737766,0.9999999999773842,0.999999999998843,1.0,1.0,1.0,0.022897999999999998,0.001222,0.203756,0.0,0.0,0.0
40,2,106,39047,43072,841870,0.0,0.0,0.0,0,0,0,0,0,0,0,0,0,True,True,True,0.9999999999743898,0.999999999976783,0.9999999999988122,1.0,1.0,1.0,0.023256,0.0,0.181241,0.0,0.0,0.0
40,2,111,38341,43460,849600,0.0030172654617995945,0.0046451757305545245,0.0030172654617995945,17897,17868,17897,17951,17951,17951,353,345,347,False,False,False,0.8965076549673585,0.0,0.0,0.003017,0.004645000000000001,0.003017,1.326075,0.725136,6.077783,0.9050159999999999,0.285482,5.531618
40,2,116,32304,38559,754051,0.003490266034479847,0.005557066799223928,0.003490266034479847,25786,25733,25786,25876,25876,25876,338,345,303,False,False,False,0.7376176324684987,0.0,0.0,0.00349,0.005557,0.00349,1.165015,0.6846399999999999,4.7957410000000005,0.7793140000000001,0.275059,4.261419
40,2,121,32942,43576,851903,0.0003255460647176979,0.0006823398051171856,0.0003255460647176979,64507,64484,64507,64528,64528,64528,333,345,368,False,False,False,0.9102968854073736,0.0,0.0,0.00032599999999999996,0.000682,0.00032599999999999996,1.094075,0.627425,6.427682,0.781506,0.301516,5.963227
40,4,1,15666,21495,401008,0.002283104970705366,0.002283104970705366,0.002283104970705366,438,438,438,439,439,439,47,56,43,False,False,False,0.6493680581737924,0.0,0.0,0.002283,0.002283,0.002283,0.416784,0.336964,0.731114,0.13075799999999999,0.02333,0.349952
40,4,6,15231,20611,385123,0.0008431703168500407,0.0008431703168500407,0.0008431703168500407,2372,2372,2372,2374,2374,2374,86,93,89,False,False,False,0.8330378832097014,0.0,0.0,0.000843,0.000843,0.000843,0.517862,0.34312600000000004,1.042737,0.153731,0.04395,0.661767
40,4,11,14804,20936,391112,0.00034873583199871697,0.00034873583199871697,0.00034873583199871697,5735,5735,5735,5737,5737,5737,130,167,132,False,False,False,0.8626722506847695,0.0,0.0,0.000349,0.000349,0.000349,0.44033500000000003,0.33699,1.4043430000000001,0.19345199999999999,0.08075700000000001,1.067949
40,4,16,16202,21364,398884,0.0006982590072161536,0.0008380278407570056,0.0006982590072161536,21482,21479,21482,21497,21497,21497,92,80,78,False,False,False,0.8842735464211656,0.0,0.0,0.000698,0.0008380000000000001,0.000698,0.7146779999999999,0.553607,1.1895790000000002,0.174746,0.036167000000000005,0.626944
40,4,21,13709,19352,362028,0.0,4.387504385579368e-05,0.0,22793,22792,22793,22793,22793,22793,119,152,133,True,False,True,0.9999999999270552,0.0,0.0,0.0,4.4e-05,0.0,0.40410999999999997,0.317697,1.262283,0.170002,0.082945,0.9661
40,4,26,16882,22049,411483,0.0,0.0,0.0,88,88,88,88,88,88,70,51,59,True,True,True,0.9999999999407653,0.0,0.0,0.0,0.0,0.0,0.386087,0.185871,0.725687,0.179201,0.018598,0.476149
40,4,31,17945,23635,440647,0.013621794817220373,0.016881028871056955,0.013621794817220373,2496,2488,2496,2530,2530,2530,90,94,100,False,False,False,0.7495681247840865,0.0,0.0,0.013622,0.016881,0.013622,0.483149,0.32037899999999997,1.227067,0.187031,0.036578,0.847642
40,4,36,17609,21075,393556,0.011644374489938042,0.012122166227767371,0.011644374489938042,6355,6352,6355,6429,6429,6429,144,138,150,False,False,False,0.7569424725562529,0.0,0.0,0.011644,0.012121999999999999,0.011644,0.72814,0.482542,1.5962969999999999,0.24876700000000002,0.064451,1.134131
40,4,41,17196,21542,402109,0.0036293523853752115,0.004141843969281223,0.0036293523853752115,17634,17625,17634,17698,17698,17698,223,244,227,False,False,False,0.7611072341962604,0.0,0.0,0.003629,0.004142,0.003629,0.620757,0.47169700000000003,2.223599,0.320243,0.143921,1.8260060000000002
40,4,46,11471,16177,303580,0.0,0.0,0.0,19124,19124,19124,19124,19124,19124,109,107,79,True,True,True,0.9999999999128236,0.0,0.0,0.0,0.0,0.0,0.528418,0.366342,0.8356,0.17285799999999998,0.062925,0.464175
40,4,51,19300,25173,468670,0.0,0.0,0.0,0,0,0,0,0,0,0,0,0,True,True,True,0.9999999999481866,0.9999999999602749,0.9999999999978663,1.0,1.0,1.0,0.08139600000000001,0.075518,0.169153,0.0,0.0,0.0
40,4,56,16610,20424,381538,0.03508771885854989,0.03508771885854989,0.03508771885854989,798,798,798,826,826,826,72,69,77,False,False,False,0.534738109540353,0.0,0.0,0.035088,0.035088,0.035088,0.465383,0.28480900000000003,0.9123959999999999,0.16911700000000002,0.021681,0.5752689999999999
40,4,61,17602,20719,387106,0.007518796982202602,0.008898015045998612,0.007381082548686328,7315,7305,7316,7370,7370,7370,139,146,141,False,False,False,0.8010453357117915,0.0,0.0,0.007519,0.008898,0.007381,0.77036,0.624578,1.657974,0.24394200000000002,0.072168,1.070096
40,4,66,17775,21581,402890,0.00029634019840157053,0.00029634019840157053,0.00029634019840157053,20247,20247,20247,20253,20253,20253,138,145,126,False,False,False,0.9435161743491692,0.0,0.0,0.000296,0.000296,0.000296,0.731047,0.524041,1.502365,0.227419,0.078409,1.010351
40,4,71,14630,18983,355058,7.479431560404102e-05,7.479431560404102e-05,7.479431560404102e-05,26740,26740,26740,26742,26742,26742,107,144,119,False,False,False,0.9573479151772147,0.0,0.0,7.5e-05,7.5e-05,7.5e-05,0.514243,0.399862,1.244177,0.17866300000000002,0.087758,0.856978
40,4,76,17075,20864,389790,0.0,0.0,0.0,0,0,0,0,0,0,0,0,0,True,True,True,0.9999999999414348,0.9999999999520706,0.9999999999974345,1.0,1.0,1.0,0.011549,0.001072,0.076837,0.0,0.0,0.0
40,4,81,17650,19739,368939,0.09999999814814818,0.10614524942001398,0.09191176301632789,540,537,544,594,594,594,141,158,126,False,False,False,0.720566572197135,0.0,0.0,0.1,0.106145,0.091912,0.835241,0.6106689999999999,1.512748,0.292097,0.07895,0.9170209999999999
40,4,86,18292,20378,380477,0.004026276745017426,0.004451982182633068,0.004026276745017426,4719,4717,4719,4738,4738,4738,115,127,125,False,False,False,0.9253772140320699,0.0,0.0,0.004026,0.004452,0.004026,1.0411290000000002,0.868474,1.7829830000000002,0.196138,0.067696,0.942629
40,4,91,18681,21538,401949,0.0019926721077375637,0.003088803086815442,0.0019926721077375637,15557,15540,15557,15588,15588,15588,209,229,221,False,False,False,0.8624270648861181,0.0,0.0,0.001993,0.003089,0.001993,0.669985,0.46362600000000004,2.161433,0.330841,0.116155,1.752737
40,4,96,18138,21908,408959,0.00011029614511931391,0.00022061662340173827,0.00011029614511931391,36266,36262,36266,36270,36270,36270,129,143,118,False,False,False,0.9428823464029726,0.0,0.0,0.00011,0.000221,0.00011,0.5197609999999999,0.348601,1.2595969999999999,0.229465,0.080907,0.9267700000000001
40,4,101,19369,22937,427528,0.0,0.0,0.0,0,0,0,0,0,0,0,0,0,True,True,True,0.9999999999483711,0.9999999999564023,0.999999999997661,1.0,1.0,1.0,0.011934,0.001008,0.11086300000000002,0.0,0.0,0.0
40,4,106,20441,22272,414950,0.0,0.0,0.0,0,0,0,0,0,0,0,0,0,True,True,True,0.9999999999510787,0.9999999999551006,0.99999999999759,1.0,1.0,1.0,0.018282,0.000103,0.06538300000000001,0.0,0.0,0.0
40,4,111,19881,22660,422680,0.005262219046323386,0.008049369458859342,0.005262219046323386,11212,11181,11212,11271,11271,11271,122,143,131,False,False,False,0.8309944167380416,0.0,0.0,0.005261999999999999,0.008048999999999999,0.005261999999999999,0.804028,0.6712199999999999,1.7621759999999997,0.214901,0.069868,1.098328
40,4,116,17378,20319,379675,0.005405753262497102,0.0063123993518116595,0.005405753262497102,15539,15525,15539,15623,15623,15623,198,194,205,False,False,False,0.7409943606432849,0.0,0.0,0.005406,0.006312,0.005406,0.674407,0.461866,1.944567,0.286267,0.094545,1.5271700000000001
40,4,121,18123,22736,424162,0.0006995159347772696,0.0008115293127713643,0.0006995159347772696,35739,35735,35739,35764,35764,35764,104,121,120,False,False,False,0.8431826959751044,0.0,0.0,0.0007,0.0008119999999999999,0.0007,0.568596,0.428382,1.3846129999999999,0.18406,0.054635,0.975663
50,2,1,54757,69175,1697463,0.029220778983597574,0.029220778983597574,0.029220778983597574,1232,1232,1232,1268,1268,1268,156,141,155,False,False,False,0.519002136703636,0.0,0.0,0.029220999999999997,0.029220999999999997,0.029220999999999997,1.028039,0.427951,5.876354,0.685058,0.078058,5.022132
50,2,6,53351,68504,1681049,0.0007713344079858816,0.0012628034227144638,0.0007713344079858816,14261,14254,14261,14272,14272,14272,401,419,395,False,False,False,0.7347566118585451,0.0,0.0,0.000771,0.001263,0.000771,2.114423,1.0199639999999999,13.91646,1.3773030000000002,0.368958,12.810429
50,2,11,46395,64182,1575109,0.0013043478255198488,0.0013043478255198488,0.0013043478255198488,23000,23000,23000,23030,23030,23030,415,414,410,False,False,False,0.8085354025043963,0.0,0.0,0.0013039999999999998,0.0013039999999999998,0.0013039999999999998,2.022761,1.043909,13.53602,1.257142,0.382797,12.516191000000001
50,2,16,40723,59860,1469169,0.0013257699242951097,0.0013475331446756067,0.0013257699242951097,46011,46010,46011,46072,46072,46072,416,458,420,False,False,False,0.8352282493717254,0.0,0.0,0.001326,0.001348,0.001326,1.963293,1.158651,12.994836,1.22702,0.502475,12.056425
50,2,21,43363,67299,1651399,3.601429767293487e-05,9.904556094912249e-05,3.601429767293487e-05,111067,111060,111067,111071,111071,111071,508,551,515,False,False,False,0.9432465465732711,0.0,0.0,3.6e-05,9.9e-05,3.6e-05,1.973179,1.2095209999999998,16.360633,1.37478,0.689793,15.551582999999999
50,2,26,50875,61640,1512881,0.0,0.0,0.0,26,26,26,26,26,26,186,144,84,True,True,True,0.999999999980344,0.0,0.0,0.0,0.0,0.0,1.223462,0.435025,3.084506,0.78979,0.08530499999999999,2.380536
50,2,31,54095,66291,1626703,0.01682737754428554,0.01682737754428554,0.01682737754428554,5289,5289,5289,5378,5378,5378,301,299,309,False,False,False,0.5960994546520733,0.0,0.0,0.016827,0.016827,0.016827,1.8403490000000002,0.842492,10.18,1.137628,0.225633,9.206858
50,2,36,52232,66679,1636311,0.0033345683568863768,0.0036533065051870036,0.0033345683568863768,18893,18887,18893,18956,18956,18956,346,384,378,False,False,False,0.8217184867356847,0.0,0.0,0.0033350000000000003,0.003653,0.0033350000000000003,3.170162,2.069587,13.791039999999999,1.356221,0.391936,11.788934
50,2,41,50349,63990,1570405,0.0025552540758791245,0.0048582140769767605,0.002344017487333346,37961,37874,37969,38058,38058,38058,416,490,437,False,False,False,0.8038689944029898,0.0,0.0,0.002555,0.0048579999999999995,0.002344,2.20648,1.101799,13.783392000000001,1.483286,0.46851499999999996,12.803872
50,2,46,42503,64808,1590497,0.0002802007699088494,0.00036551043527839584,0.000268014862609732,82084,82077,82085,82107,82107,82107,557,583,526,False,False,False,0.8483871726502038,0.0,0.0,0.00028,0.000366,0.000268,2.298834,1.340986,16.105157000000002,1.535108,0.691136,15.181082
50,2,51,51687,61639,1512831,0.0,0.0,0.0,0,0,0,0,0,0,0,0,0,True,True,True,0.9999999999806528,0.9999999999837765,0.999999999999339,1.0,1.0,1.0,0.026430000000000002,0.0017809999999999998,0.398952,0.0,0.0,0.0
50,2,56,49972,58037,1424531,0.04246575284293489,0.04246575284293489,0.04246575284293489,730,730,730,761,761,761,201,176,178,False,False,False,0.49687825181107664,0.0,0.0,0.042466000000000004,0.042466000000000004,0.042466000000000004,1.342554,0.50647,5.286262000000001,0.8373299999999999,0.10236,4.556682
50,2,61,60421,70276,1724361,0.013469748260363795,0.014515178297586813,0.013469748260363795,13586,13572,13586,13769,13769,13769,385,363,391,False,False,False,0.6960659373281464,0.0,0.0,0.01347,0.014515,0.01347,2.448341,1.028846,13.548748000000002,1.6284299999999998,0.325423,12.476137
50,2,66,41454,50737,1245579,0.0010512419320723543,0.0014919532354615386,0.0010512419320723543,40904,40886,40904,40947,40947,40947,501,501,486,False,False,False,0.8682877406072204,0.0,0.0,0.001051,0.001492,0.001051,2.498842,1.458373,12.897305000000001,1.475054,0.554688,11.747698
50,2,71,47306,63943,1569279,0.0,0.00015282535880174405,1.2733662709120656e-05,78533,78521,78532,78533,78533,78533,590,504,586,True,False,False,0.9400710269111725,0.0,0.0,0.0,0.000153,1.3000000000000001e-05,2.750938,1.4565270000000001,17.708092999999998,1.88955,0.698604,16.631505999999998
50,2,76,61796,73255,1797423,0.0,0.0,0.0,0,0,0,0,0,0,0,0,0,True,True,True,0.9999999999838177,0.9999999999863491,0.9999999999994437,1.0,1.0,1.0,0.041763,0.001551,0.45777299999999993,0.0,0.0,0.0
50,2,81,60060,67975,1668063,0.007434944099722229,0.007434944099722229,0.007434944099722229,538,538,538,542,542,542,301,305,266,False,False,False,0.563769563760177,0.0,0.0,0.007435,0.007435,0.007435,1.894764,0.8200360000000001,8.955644,1.289493,0.281521,8.068631
50,2,86,54475,59575,1462263,0.02607561927471022,0.028758169911145288,0.025908424290444498,12272,12240,12274,12592,12592,12592,429,406,404,False,False,False,0.6980816888352808,0.0,0.0,0.026076,0.028758,0.025907999999999997,2.999089,1.7084,12.350416000000001,1.605626,0.395254,10.804053999999999
50,2,91,56736,67063,1645719,0.001162938216018324,0.0013534947654957185,0.001162938216018324,47294,47285,47294,47349,47349,47349,449,477,514,False,False,False,0.8684785673845798,0.0,0.0,0.001163,0.001353,0.001163,2.656708,1.4042649999999999,16.674438000000002,1.7367849999999998,0.545668,15.528974
50,2,96,52285,67495,1656303,0.00033404452486648516,0.00037716330089256625,0.00032326541164366825,92802,92798,92803,92833,92833,92833,496,507,474,False,False,False,0.8992445251812328,0.0,0.0,0.000334,0.000377,0.000323,2.4708810000000003,1.2822149999999999,15.367014000000001,1.656716,0.575936,14.353954000000002
50,2,101,51939,59283,1455007,0.0,0.0,0.0,0,0,0,0,0,0,0,0,0,True,True,True,0.9999999999807466,0.9999999999831317,0.9999999999993127,1.0,1.0,1.0,0.036427999999999995,0.0016649999999999998,0.351031,0.0,0.0,0.0
50,2,106,56000,61879,1518711,0.0,0.0,0.0,0,0,0,0,0,0,0,0,0,True,True,True,0.9999999999821428,0.9999999999838394,0.9999999999993415,1.0,1.0,1.0,0.032224,0.001704,0.34375700000000003,0.0,0.0,0.0
50,2,111,60723,66200,1624601,0.004503635073985952,0.006121922924267352,0.004503635073985952,15543,15518,15543,15613,15613,15613,506,516,518,False,False,False,0.857088747248043,0.0,0.0,0.004504,0.006122,0.004504,2.855563,1.373046,16.565787,2.009227,0.589059,15.469261
50,2,116,47638,54584,1340009,0.006659153771816846,0.008208495788934693,0.006556033596314263,19522,19492,19524,19652,19652,19652,430,417,440,False,False,False,0.7761450942361949,0.0,0.0,0.006659,0.008208,0.006556,2.303397,1.215838,11.927417,1.412556,0.40018899999999996,10.868757
50,2,121,47783,60152,1476425,0.00021584804292597656,0.00021584804292597656,0.00021584804292597656,41696,41696,41696,41705,41705,41705,548,500,517,False,False,False,0.8885377644583108,0.0,0.0,0.00021600000000000002,0.00021600000000000002,0.00021600000000000002,3.184431,1.9707240000000001,15.880913,1.8310400000000002,0.687887,14.382045999999999
50,4,1,27330,35725,843819,0.010296010163500513,0.010296010163500513,0.010296010163500513,777,777,777,785,785,785,97,89,95,False,False,False,0.5297109403391983,0.0,0.0,0.010296,0.010296,0.010296,0.61545,0.42662100000000003,2.148127,0.255544,0.041053,1.550222
50,4,6,27169,35404,836337,0.002771752226112615,0.002771752226112615,0.002771752226112615,8298,8298,8298,8321,8321,8321,164,152,154,False,False,False,0.7341087268307958,0.0,0.0,0.0027719999999999997,0.0027719999999999997,0.0027719999999999997,1.265308,0.9101290000000001,3.479618,0.402009,0.11355499999999999,2.511406
50,4,11,24303,33282,786541,0.0010100225304871242,0.0010878010869558655,0.0010100225304871242,12871,12870,12871,12884,12884,12884,192,194,183,False,False,False,0.8239312018753269,0.0,0.0,0.00101,0.001088,0.00101,1.144087,0.926391,3.7445169999999997,0.41785600000000006,0.150319,2.844479
50,4,16,23414,31210,738021,0.00011823592002591893,0.00011823592002591893,0.00011823592002591893,25373,25373,25373,25376,25376,25376,368,379,368,False,False,False,0.9456308191276317,0.0,0.0,0.000118,0.000118,0.000118,1.365084,0.908423,6.276404,0.7399399999999999,0.352296,5.56726
50,4,21,26416,34749,820723,3.36473754990499e-05,3.36473754990499e-05,3.36473754990499e-05,59440,59440,59440,59442,59442,59442,182,253,204,False,False,False,0.9158843125031843,0.0,0.0,3.4e-05,3.4e-05,3.4e-05,1.025404,0.870957,3.933654,0.43354799999999993,0.264712,3.2059990000000003
50,4,26,25574,32140,760041,0.0,0.0,0.0,54,54,54,54,54,54,56,77,57,True,True,True,0.9999999999608977,0.0,0.0,0.0,0.0,0.0,0.638818,0.361052,1.338515,0.246182,0.04195,0.8441790000000001
50,4,31,27075,34241,808787,0.0,0.0,0.0,3061,3061,3061,3061,3061,3061,108,144,132,True,True,True,0.9999999999630655,0.0,0.0,0.0,0.0,0.0,1.01187,0.7900560000000001,3.019879,0.315684,0.105028,2.163691
50,4,36,28133,34529,815843,0.001482304982877242,0.001482304982877242,0.001482304982877242,10794,10794,10794,10810,10810,10810,279,283,294,False,False,False,0.8791810329193764,0.0,0.0,0.001482,0.001482,0.001482,1.508694,1.006337,5.605257,0.661933,0.246074,4.69648
50,4,41,27060,33240,785665,0.0012394986910712487,0.0013774104676871394,0.0012394986910712487,21783,21780,21783,21810,21810,21810,217,228,202,False,False,False,0.8589430893991521,0.0,0.0,0.001239,0.001377,0.001239,1.706276,1.4080190000000001,4.42261,0.519482,0.225334,3.0994490000000003
50,4,46,24596,33658,795549,8.998470258031478e-05,0.00011248340867191212,8.998470258031478e-05,44452,44451,44452,44456,44456,44456,337,381,356,False,False,False,0.9305578142409108,0.0,0.0,9e-05,0.00011200000000000001,9e-05,1.343075,0.951903,6.030094999999999,0.722827,0.39327399999999996,5.357926
50,4,51,26383,32139,759991,0.0,0.0,0.0,0,0,0,0,0,0,0,0,0,True,True,True,0.9999999999620968,0.9999999999688851,0.9999999999986842,1.0,1.0,1.0,0.017985,0.001818,0.171053,0.0,0.0,0.0
50,4,56,25637,30337,717627,0.0650557608725695,0.0650557608725695,0.0650557608725695,538,538,538,573,573,573,130,111,114,False,False,False,0.5408589148285345,0.0,0.0,0.06505599999999999,0.06505599999999999,0.06505599999999999,0.752768,0.486191,2.104593,0.288921,0.052879999999999996,1.5556379999999999
50,4,61,32269,36176,854129,0.010445859859304638,0.012121985438149822,0.010445859859304638,7850,7837,7850,7932,7932,7932,272,267,245,False,False,False,0.7383556973956938,0.0,0.0,0.010445999999999999,0.012121999999999999,0.010445999999999999,1.67095,1.20177,5.206331,0.7466119999999999,0.23921900000000001,4.109521
50,4,66,22483,26737,633099,0.0009940357848586586,0.0013835444673857304,0.0009940357848586586,23138,23129,23138,23161,23161,23161,296,295,303,False,False,False,0.855579771344768,0.0,0.0,0.0009939999999999999,0.001384,0.0009939999999999999,1.489575,1.104179,4.880688,0.5671649999999999,0.238592,3.903928
50,4,71,26462,33243,785815,0.0008211143693088295,0.0009620122478326539,0.0008211143693088295,42625,42619,42625,42660,42660,42660,221,220,226,False,False,False,0.8181165444479587,0.0,0.0,0.0008210000000000001,0.000962,0.0008210000000000001,1.188552,0.872705,4.341366000000001,0.511872,0.194635,3.51559
50,4,76,30958,37655,888911,0.0,0.0,0.0,0,0,0,0,0,0,0,0,0,True,True,True,0.9999999999676982,0.9999999999734431,0.999999999998875,1.0,1.0,1.0,0.031664,0.0,0.20751399999999998,0.0,0.0,0.0
50,4,81,30726,35125,829731,0.03974895314332734,0.03974895314332734,0.03974895314332734,478,478,478,497,497,497,142,118,121,False,False,False,0.5807134023113742,0.0,0.0,0.039749,0.039749,0.039749,1.193537,0.8432440000000001,2.856482,0.413959,0.08922999999999999,1.936447
50,4,86,28952,31125,736219,0.013925570211373866,0.01771297744582121,0.013925570211373866,8330,8299,8330,8446,8446,8446,295,308,307,False,False,False,0.7322119369738805,0.0,0.0,0.013926,0.017713,0.013926,1.5422770000000001,1.0610190000000002,5.270125,0.6962079999999999,0.25998699999999997,4.37995
50,4,91,30339,34713,820147,0.0014691478936679169,0.001771045292873975,0.0014691478936679169,26546,26538,26546,26585,26585,26585,131,150,137,False,False,False,0.8394146148245026,0.0,0.0,0.001469,0.001771,0.001469,1.7507099999999998,1.426099,3.6528650000000003,0.43175600000000003,0.113318,2.171776
50,4,96,28841,34945,825627,0.00041739545229420506,0.0004969388565442993,0.00041739545229420506,50312,50308,50312,50333,50333,50333,283,308,272,False,False,False,0.8816961963565169,0.0,0.0,0.000417,0.0004969999999999999,0.000417,1.437646,0.950118,5.174012,0.706549,0.273608,4.376237000000001
50,4,101,26774,30883,730239,0.0,0.0,0.0,0,0,0,0,0,0,0,0,0,True,True,True,0.9999999999626503,0.9999999999676197,0.9999999999986305,1.0,1.0,1.0,0.022606,0.000154,0.173691,0.0,0.0,0.0
50,4,106,30089,32229,762043,0.0,0.0,0.0,0,0,0,0,0,0,0,0,0,True,True,True,0.9999999999667653,0.999999999968972,0.9999999999986877,1.0,1.0,1.0,0.026525999999999997,0.00055,0.158212,0.0,0.0,0.0
50,4,111,31822,34300,810513,0.007365382693972944,0.008067729075629752,0.007164892021927663,10047,10040,10049,10121,10121,10121,237,263,232,False,False,False,0.812016843667525,0.0,0.0,0.007365000000000001,0.008068,0.007165,2.113038,1.457458,4.906579,0.717417,0.24074,3.5718010000000002
50,4,116,25465,28734,680317,0.00694504730710561,0.007557331473629837,0.006857638882936078,11519,11512,11520,11599,11599,11599,171,201,168,False,False,False,0.7316316512573481,0.0,0.0,0.006945000000000001,0.0075569999999999995,0.0068579999999999995,2.000514,1.579067,3.7448629999999996,0.42678299999999997,0.149265,2.23678
50,4,121,26270,31402,742725,0.0012621481756648794,0.001472816023618576,0.0013042746544495647,23769,23764,23768,23799,23799,23799,227,249,226,False,False,False,0.8635706128335147,0.0,0.0,0.0012619999999999999,0.0014730000000000001,0.0013039999999999998,1.4407379999999999,1.091623,4.214807,0.518289,0.22146300000000002,3.248614
100,2,1,222939,264900,13117901,0.007543753749113597,0.007543753749113597,0.007543753749113597,3314,3314,3314,3339,3339,3339,480,475,488,False,False,False,0.5632616993860955,0.0,0.0,0.0075439999999999995,0.0075439999999999995,0.0075439999999999995,8.373887,3.4229160000000003,122.47800900000001,5.7360430000000004,0.737364,115.02496299999999
100,2,6,217611,256862,12719919,0.0006852891265222265,0.0006852891265222265,0.0006852891265222265,30644,30644,30644,30665,30665,30665,835,837,880,False,False,False,0.6954611669414897,0.0,0.0,0.000685,0.000685,0.000685,15.057001999999999,6.019424,217.389025,9.619882,1.419814,208.031527
100,2,11,191272,248532,12307584,0.00010650648090802032,0.00011715837681146465,0.00010650648090802032,93891,93890,93891,93901,93901,93901,1231,1146,1229,False,False,False,0.8458530260527111,0.0,0.0,0.00010700000000000001,0.000117,0.00010700000000000001,21.340061,11.576065,299.887086,12.77052,3.234104,287.224115
100,2,16,192589,262351,12991675,0.00028700306613569493,0.0003013575439694358,0.0002678644031996468,209057,209054,209061,209117,209117,209117,1375,1319,1413,False,False,False,0.8889500438712026,0.0,0.0,0.00028700000000000004,0.000301,0.000268,24.801264,14.682257,349.947592,15.277163,5.985583999999999,336.758124
100,2,21,188505,284792,14102454,6.771308872014151e-05,7.426645493283764e-05,6.771308872014151e-05,457814,457811,457814,457845,457845,457845,1367,1404,1344,False,False,False,0.8933715286019289,0.0,0.0,6.8e-05,7.4e-05,6.8e-05,21.569074,14.462929,363.915378,14.407035,7.5279940000000005,352.315886
100,2,26,246057,281658,13947422,0.2105262880886463,0.35294112456748167,0.2105262880886463,76,68,76,92,92,92,321,259,256,False,False,False,0.40576776925506786,0.0,0.0,0.21052600000000002,0.352941,0.21052600000000002,6.845072999999999,1.796734,67.68101999999999,4.832281,0.305035,60.853944999999996
100,2,31,229232,264018,13074242,0.0003143418465113227,0.0003143418465113227,0.0003143418465113227,12725,12725,12725,12729,12729,12729,818,794,795,False,False,False,0.6407177008417642,0.0,0.0,0.000314,0.000314,0.000314,14.330537,4.688178,200.113522,10.174563000000001,1.207243,192.009326
100,2,36,211826,252748,12516377,0.0017145382232939392,0.002068782600642068,0.0017145382232939392,56575,56555,56575,56672,56672,56672,1052,919,1054,False,False,False,0.7840444515744807,0.0,0.0,0.001715,0.002069,0.001715,20.951184,10.512754,252.854436,12.13766,2.64175,240.57722900000002
100,2,41,243409,294397,14577952,0.0010598432945540103,0.0012114328979236785,0.0010598432945540103,237771,237735,237771,238023,238023,238023,1268,1211,1146,False,False,False,0.8264608128671229,0.0,0.0,0.00106,0.0012109999999999998,0.00106,30.519849,18.763128,323.275581,16.207945000000002,5.237042,305.039577
100,2,46,192749,270876,13413612,8.514583589357845e-05,9.933821824844634e-05,8.514583589357845e-05,422804,422798,422804,422840,422840,422840,1256,1361,1257,False,False,False,0.8957815604703745,0.0,0.0,8.499999999999999e-05,9.9e-05,8.499999999999999e-05,22.789285,14.538765,328.037171,13.867435999999998,6.306326,315.583866
100,2,51,233876,264899,13117801,0.0,0.0,0.0,0,0,0,0,0,0,0,0,0,True,True,True,0.9999999999957242,0.9999999999962249,0.9999999999999237,1.0,1.0,1.0,0.148134,0.00599,4.774697,0.0,0.0,0.0
100,2,56,231394,255198,12637652,0.03190848879809655,0.03439951713055821,0.03190848879809655,4983,4971,4983,5142,5142,5142,568,492,571,False,False,False,0.5199789104275825,0.0,0.0,0.031908,0.0344,0.031908,11.82055,4.685308,130.93268500000002,7.161583,0.8324729999999999,122.68366
100,2,61,210064,243141,12040679,0.004865483685248231,0.006017191975751114,0.00484336129167088,45422,45370,45423,45643,45643,45643,1047,1007,1076,False,False,False,0.7821283037513228,0.0,0.0,0.0048649999999999995,0.006017,0.004843,28.079947999999998,18.478355,248.81300499999998,12.103238000000001,3.4180260000000002,229.55212799999998
100,2,66,191876,229227,11352037,0.0015268262581264475,0.0017804295185892328,0.0015268262581264475,126406,126374,126406,126599,126599,126599,1219,1106,1186,False,False,False,0.814666763947473,0.0,0.0,0.001527,0.0017800000000000001,0.001527,23.717514,13.941279999999999,255.947465,13.244364000000001,4.208975,242.48817000000003
100,2,71,199291,263233,13035334,0.0,0.0001069368400436627,9.471432935854829e-05,327331,327296,327300,327331,327331,327331,296,1459,1323,True,False,False,0.03891796418283355,0.0,0.0,0.0,0.00010700000000000001,9.499999999999999e-05,10.726719000000001,12.996796,333.678668,3.8883699999999997,6.9754830000000005,323.573266
100,2,76,225719,249021,12331739,0.0,0.0,0.0,0,0,0,0,0,0,0,0,0,True,True,True,0.9999999999955697,0.9999999999959842,0.9999999999999188,1.0,1.0,1.0,0.146596,0.006261,4.3863199999999996,0.0,0.0,0.0
100,2,81,218142,239419,11856541,0.1464646446153454,0.1596423989828557,0.1464646446153454,792,783,792,908,908,908,942,767,865,False,False,False,0.6138982864344605,0.0,0.0,0.146465,0.159642,0.146465,22.27444,12.463163,188.779654,10.844794,2.068054,174.540662
100,2,86,243170,259902,12870500,0.017262332205363107,0.0184719188069375,0.017234236468850157,36206,36163,36207,36831,36831,36831,1186,1091,1077,False,False,False,0.6737673232690143,0.0,0.0,0.017262,0.018472,0.017234,26.2057,14.752397,258.306952,14.825307,4.173255999999999,243.47889700000002
100,2,91,213112,244515,12108793,0.003171173951377557,0.0035738269276995647,0.003163433791401368,129605,129553,129606,130016,130016,130016,1144,1112,1130,False,False,False,0.7624816997599267,0.0,0.0,0.003171,0.0035740000000000004,0.003163,30.119484999999997,20.164678,262.336187,13.181991,4.128579,242.433556
100,2,96,193059,247454,12254223,0.00029117809080462826,0.0004250194800427767,0.00029117809080462826,254140,254106,254140,254214,254214,254214,1288,1220,1294,False,False,False,0.8852371554763816,0.0,0.0,0.000291,0.000425,0.000291,21.863619,12.332032,297.480364,14.026653,5.221122,286.655341
100,2,101,221843,242850,12026426,0.0,0.0,0.0,0,0,0,0,0,0,0,0,0,True,True,True,0.9999999999954923,0.9999999999958822,0.9999999999999168,1.0,1.0,1.0,0.133642,0.006539,4.093486,0.0,0.0,0.0
100,2,106,238983,255687,12661807,0.0,0.0,0.0,0,0,0,0,0,0,0,0,0,True,True,True,0.9999999999958156,0.9999999999960889,0.999999999999921,1.0,1.0,1.0,0.157003,0.005370000000000001,4.176085,0.0,0.0,0.0
100,2,111,256596,267056,13224623,0.006523576538156544,0.007243010136968775,0.006523576538156544,84003,83943,84003,84551,84551,84551,1202,1099,1199,False,False,False,0.7145551762275539,0.0,0.0,0.006523999999999999,0.007243,0.006523999999999999,29.075574,16.933418,281.323645,15.563199,4.1725699999999994,264.258576
100,2,116,224961,250003,12380449,0.001371117565409576,0.0014444892212086351,0.001371117565409576,191085,191071,191085,191347,191347,191347,1148,1119,1111,False,False,False,0.8177817488328297,0.0,0.0,0.001371,0.001444,0.001371,28.958909999999996,18.728614,259.52652,13.878206,4.320145,241.325027
100,2,121,209589,256961,12724870,0.00042156773599851346,0.0004959989418484228,0.00042156773599851346,241954,241936,241954,242056,242056,242056,1328,1324,1350,False,False,False,0.8806139635148762,0.0,0.0,0.00042199999999999996,0.000496,0.00042199999999999996,24.986501,14.491313,317.399951,15.366793,5.720139,304.703725
100,4,1,112536,134900,6551601,0.0055276381631776976,0.0055276381631776976,0.0055276381631776976,1990,1990,1990,2001,2001,2001,279,227,286,False,False,False,0.5009952370752382,0.0,0.0,0.005528,0.005528,0.005528,5.512599,3.906969,39.718715,2.049789,0.251758,33.925397
100,4,6,110413,130862,6355659,0.0,0.0,0.0,16893,16893,16893,16893,16893,16893,486,518,521,True,True,True,0.9999999999909431,0.0,0.0,0.0,0.0,0.0,11.304888,8.081091,72.681461,3.541898,0.802784,63.221429
100,4,11,100517,126832,6160517,0.001673440114416798,0.0017133521931479154,0.001633531216057705,50196,50194,50198,50280,50280,50280,529,487,546,False,False,False,0.7245341583938585,0.0,0.0,0.001673,0.001713,0.001634,18.113322,15.756189000000001,80.39299799999999,3.335095,0.931132,63.915116000000005
100,4,16,107113,133551,6485987,0.0014077599359325946,0.0014259504821505559,0.0013531922621602768,110104,110102,110110,110259,110259,110259,850,832,816,False,False,False,0.7822859970238694,0.0,0.0,0.001408,0.001426,0.001353,18.418454999999998,14.343024,120.973175,5.711021,2.315976,107.06647
100,4,21,110615,144592,7020952,4.2124951027969916e-05,4.633764132785408e-05,4.2124951027969916e-05,237389,237388,237389,237399,237399,237399,973,987,957,False,False,False,0.9258418840037442,0.0,0.0,4.2e-05,4.6e-05,4.2e-05,14.663960999999999,11.073006,132.943356,6.756844,3.4346059999999996,123.578015
100,4,26,123229,143058,6946736,0.0,0.0,0.0,141,141,141,141,141,141,180,174,194,True,True,True,0.999999999991885,0.0,0.0,0.0,0.0,0.0,4.500290000000001,2.533318,28.913675,1.743844,0.204483,24.13405
100,4,31,114954,134418,6528146,0.007062146882680584,0.007062146882680584,0.007062146882680584,7080,7080,7080,7130,7130,7130,373,370,391,False,False,False,0.581267289519449,0.0,0.0,0.007062000000000001,0.007062000000000001,0.007062000000000001,7.799347999999999,4.920478,53.524879000000006,2.855506,0.4785,46.903108
100,4,36,109320,128948,6263239,0.00224222532666876,0.00224222532666876,0.00224222532666876,30773,30773,30773,30842,30842,30842,546,536,539,False,False,False,0.7800219538896815,0.0,0.0,0.002242,0.002242,0.002242,16.724816,13.260132999999998,73.88236500000001,3.9631480000000003,1.13849,59.867664000000005
100,4,41,130517,149297,7248951,0.0009117577102266108,0.0009673096896706144,0.0009117577102266108,126130,126123,126130,126245,126245,126245,696,724,686,False,False,False,0.8289801328499048,0.0,0.0,0.0009119999999999999,0.000967,0.0009119999999999999,16.972607999999997,13.211905999999999,99.74248100000001,5.418938,2.034072,86.755705
100,4,46,109781,137776,6690731,0.0001639896868633333,0.00016854572371399404,0.0001639896868633333,219526,219525,219526,219562,219562,219562,934,982,926,False,False,False,0.866169920105791,0.0,0.0,0.000164,0.000169,0.000164,13.164001999999998,9.591509,125.055278,6.261225,3.227725,116.920975
100,4,51,117088,134899,6551501,0.0,0.0,0.0,0,0,0,0,0,0,0,0,0,True,True,True,0.9999999999914595,0.999999999992587,0.9999999999998473,1.0,1.0,1.0,0.08416900000000001,0.00645,2.261293,0.0,0.0,0.0
100,4,56,116036,130098,6318851,0.019198940684545047,0.019198940684545047,0.019198940684545047,3021,3021,3021,3079,3079,3079,424,356,415,False,False,False,0.5503550622173261,0.0,0.0,0.019199,0.019199,0.019199,7.443183,4.127991000000001,53.440222,3.357303,0.515496,47.903803
100,4,61,109904,124141,6029989,0.00798226163758022,0.008388788058726039,0.00798226163758022,24805,24795,24805,25003,25003,25003,694,719,703,False,False,False,0.7274985441773958,0.0,0.0,0.007982,0.008389,0.007982,20.582689000000002,17.156522,93.019367,4.970836,1.808083,76.078727
100,4,66,103097,117427,5705019,0.0017660823874834676,0.001913537541852961,0.0017660823874834676,67947,67937,67947,68067,68067,68067,612,633,600,False,False,False,0.7810702542190261,0.0,0.0,0.001766,0.0019140000000000001,0.001766,20.877138000000002,17.836894,81.253618,4.327105,1.576649,63.347787
100,4,71,110391,134033,6509442,0.0003925612571104819,0.0004101458361168479,0.0003925612571104819,170674,170671,170674,170741,170741,170741,882,901,910,False,False,False,0.8248136170446431,0.0,0.0,0.000393,0.00041,0.000393,13.582089000000002,9.395882,118.27953799999999,6.354582,2.691188,109.81470900000001
100,4,76,113047,127021,6169519,0.0,0.0,0.0,0,0,0,0,0,0,0,0,0,True,True,True,0.9999999999911542,0.9999999999921273,0.9999999999998379,1.0,1.0,1.0,0.10626500000000001,0.005613,2.047315,0.0,0.0,0.0
100,4,81,110587,122319,5941820,0.09151193512583641,0.09151193512583641,0.09151193512583641,754,754,754,823,823,823,691,595,602,False,False,False,0.6352645428428725,0.0,0.0,0.091512,0.091512,0.091512,16.46023,12.319158,74.058904,5.168933999999999,1.417297,61.553509
100,4,86,125225,132402,6430475,0.01556456937290606,0.016619452305656538,0.01527725385926195,21202,21180,21208,21532,21532,21532,792,774,774,False,False,False,0.6653703333945669,0.0,0.0,0.015565,0.016619,0.015277,17.809623000000002,13.129575,97.61470600000001,6.237483,2.0203029999999997,84.596357
100,4,91,112708,124915,6067797,0.0019551727066454373,0.0020687505310640246,0.0019551727066454373,70582,70574,70582,70720,70720,70720,822,854,891,False,False,False,0.8078131099761525,0.0,0.0,0.001955,0.002069,0.001955,19.099507,15.193294,112.614099,5.987707,2.456384,98.251233
100,4,96,104698,126254,6132411,0.0006064190579836628,0.0006813366176742211,0.0005989279189801061,133571,133561,133572,133652,133652,133652,881,871,896,False,False,False,0.8173413054612568,0.0,0.0,0.000606,0.000681,0.000599,12.783737,8.832431,106.96875700000001,6.104456,2.672804,99.284872
100,4,101,112075,124050,6025838,0.0,0.0,0.0,0,0,0,0,0,0,0,0,0,True,True,True,0.9999999999910775,0.9999999999919388,0.999999999999834,1.0,1.0,1.0,0.07774199999999999,0.006876,1.940765,0.0,0.0,0.0
100,4,106,123001,130287,6327853,0.0,0.0,0.0,0,0,0,0,0,0,0,0,0,True,True,True,0.9999999999918701,0.9999999999923247,0.9999999999998419,1.0,1.0,1.0,0.094341,0.005657,1.829609,0.0,0.0,0.0
100,4,111,131890,135956,6602762,0.005427321090306478,0.005621473168060275,0.005427321090306478,46616,46607,46616,46869,46869,46869,927,915,965,False,False,False,0.726522101745951,0.0,0.0,0.005427,0.005621,0.005427,17.171115,11.773447,120.231254,7.285796,2.465998,108.954103
100,4,116,118051,127603,6198025,0.002068680181840073,0.002118038794380987,0.002068680181840073,101514,101509,101514,101724,101724,101724,801,807,822,False,False,False,0.7546992401525214,0.0,0.0,0.002069,0.002118,0.002069,16.040072,11.996727,102.527288,5.944851,2.174627,91.04243100000001
100,4,121,112883,130961,6360610,0.0007210426903732146,0.000736729079579537,0.0007210426903732146,127593,127591,127593,127685,127685,127685,895,916,874,False,False,False,0.8305945093518902,0.0,0.0,0.000721,0.000737,0.000721,17.231247,12.985413000000001,114.358246,6.317202,2.70273,102.40914599999999
