NameInstance,tot_real_time,tot_cputime,tot_lb,tot_lb_root,tot_heuristic,tot_build_dd,tot_pricing,rel_error,global_lower_bound,global_upper_bound,first_rel_error,nb_generated_col,date,nb_iterations_rvnd,stabilization,alpha,pricing_solver,n,m,first_size_graph,size_after_reduced_cost
wt040_001,0.730524,0.545976,0.392272,0.392273,0.115951,0.01777,0.153306,0.037671,584,606,0.037671,150,27/2/2019,3,2,0.8,4,40,2,31374,14577
wt040_011,0.859074,0.712255,0.48864,0.488642,0.192622,0.018911,0.202434,0.002606,9592,9617,0.002606,236,27/2/2019,3,2,0.8,4,40,2,26940,5966
wt040_021,1.093553,0.945993,0.638326,0.638328,0.282961,0.01205,0.216846,0,41048,41048,0,358,27/2/2019,3,2,0.8,4,40,2,21396,2165
wt040_031,1.063479,0.843497,0.549474,0.549476,0.253926,0.021597,0.233663,0.014369,3758,3812,0.014369,217,27/2/2019,3,2,0.8,4,40,2,34887,10546
wt040_041,1.668937,1.417621,1.074944,1.074948,0.30895,0.017719,0.461835,0.000227,30798,30805,0.000227,453,27/2/2019,3,2,0.8,4,40,2,30972,2341
wt040_051,0.045515,0.019911,0,0,0,0.019875,0,1,0,0,-nan,0,27/2/2019,3,2,0.8,4,40,2,38575,0
wt040_061,1.364229,1.193653,0.723772,0.723774,0.43002,0.018817,0.31155,0.017247,11306,11501,0.017247,279,27/2/2019,3,2,0.8,4,40,2,33101,10346
wt040_071,1.15955,0.986456,0.684309,0.684311,0.275968,0.018791,0.277563,0.000355,47935,47952,0.000355,347,27/2/2019,3,2,0.8,4,40,2,25851,2466
wt040_081,1.192894,1.001255,0.578533,0.578538,0.373878,0.024126,0.25076,0.339246,451,604,0.339246,247,27/2/2019,3,2,0.8,4,40,2,32407,13631
wt040_091,1.794844,1.541051,1.05531,1.055313,0.457829,0.014006,0.489626,0,26075,26075,0,432,27/2/2019,3,2,0.8,4,40,2,35049,190
wt040_101,0.044793,0.022898,0,0,0.000551,0.021835,0,1,0,0,4.27255705194724E+180,0,27/2/2019,3,2,0.8,4,40,2,38134,0
wt040_111,1.538969,1.326075,0.905016,0.905035,0.389597,0.018234,0.433381,0.003017,17897,17951,0.003017,353,27/2/2019,3,2,0.8,4,40,2,38341,3968
wt040_121,1.292313,1.094075,0.781506,0.781508,0.272516,0.024567,0.331475,0.000326,64507,64528,0.000326,333,27/2/2019,3,2,0.8,4,40,2,32942,2955
wt040_006,0.902145,0.763899,0.555764,0.555766,0.173671,0.014319,0.2087,0.002839,3875,3886,0.002839,219,27/2/2019,3,2,0.8,4,40,2,29994,7897
wt040_016,1.191081,1.03703,0.731887,0.731889,0.279851,0.014464,0.292185,0.002169,38273,38356,0.002169,337,27/2/2019,3,2,0.8,4,40,2,28275,5485
wt040_026,0.668646,0.512618,0.365465,0.365466,0.099493,0.020645,0.128892,0.060976,82,87,0.060976,112,27/2/2019,3,2,0.8,4,40,2,34062,18101
wt040_036,1.203325,1.041797,0.654651,0.654655,0.355294,0.013241,0.271477,0.004783,10662,10713,0.004783,271,27/2/2019,3,2,0.8,4,40,2,31710,5392
wt040_046,0.98956,0.874416,0.658145,0.658146,0.198886,0.012467,0.200254,0,34146,34146,0,394,27/2/2019,3,2,0.8,4,40,2,18000,2751
wt040_056,0.809754,0.663822,0.430439,0.43044,0.194398,0.017763,0.158272,0.008675,1268,1279,0.008675,155,27/2/2019,3,2,0.8,4,40,2,32266,14256
wt040_066,1.298884,1.12729,0.735871,0.735873,0.355238,0.01888,0.326862,0.004241,35130,35279,0.004241,306,27/2/2019,3,2,0.8,4,40,2,33612,7748
wt040_076,0.028352,0.016232,0,0,0.000559,0.015091,0,1,0,0,-nan,0,27/2/2019,3,2,0.8,4,40,2,32792,0
wt040_086,1.542983,1.318403,0.798692,0.79871,0.492502,0.01325,0.365419,0.008839,5996,6049,0.008839,330,27/2/2019,3,2,0.8,4,40,2,34935,3894
wt040_096,1.331108,1.152279,0.878502,0.878503,0.247494,0.013047,0.368818,9.1E-05,66111,66117,9.1E-05,366,27/2/2019,3,2,0.8,4,40,2,33080,2232
wt040_106,0.046996,0.023256,0,0,0.000546,0.021999,0,1,0,0,-nan,0,27/2/2019,3,2,0.8,4,40,2,39047,0
wt040_116,1.323865,1.165015,0.779314,0.779315,0.357304,0.01257,0.336454,0.00349,25786,25876,0.00349,338,27/2/2019,3,2,0.8,4,40,2,32304,8476
wt040_001,0.215393,0.188491,0.060754,0.060757,0.119095,0,0.021614,0.037671,584,606,0.037671,137,27/2/2019,3,2,0.8,7,40,2,41215,41215
wt040_011,0.353547,0.338059,0.146044,0.146046,0.188849,0,0.032959,0.002606,9592,9617,0.002606,255,27/2/2019,3,2,0.8,7,40,2,39776,39776
wt040_021,0.77534,0.752119,0.472354,0.472356,0.279581,0,0.044142,4.9E-05,41046,41048,4.9E-05,443,27/2/2019,3,2,0.8,7,40,2,36432,36432
wt040_031,0.384053,0.373123,0.11488,0.114882,0.257492,0,0.029611,0.016262,3751,3812,0.016262,205,27/2/2019,3,2,0.8,7,40,2,45475,45475
wt040_041,0.805682,0.779379,0.445477,0.445479,0.33055,0,0.057896,0.000227,30798,30805,0.000227,488,27/2/2019,3,2,0.8,7,40,2,41142,41142
wt040_051,0.001298,0,0,0,0,0,0,1,0,0,0,0,27/2/2019,3,2,0.8,7,40,2,48893,0
wt040_061,0.69295,0.688136,0.24541,0.245412,0.442015,0,0.039943,0.01887,11288,11501,0.01887,334,27/2/2019,3,2,0.8,7,40,2,39319,39319
wt040_071,0.732714,0.720616,0.415588,0.41559,0.301166,0,0.044326,0.000417,47932,47952,0.000417,427,27/2/2019,3,2,0.8,7,40,2,35783,35783
wt040_081,0.529283,0.521515,0.140336,0.140337,0.376941,0,0.025982,0.339246,451,604,0.339246,213,27/2/2019,3,2,0.8,7,40,2,37379,37379
wt040_091,0.833627,0.815552,0.311382,0.311384,0.500159,0,0.041585,0.000921,26051,26075,0.000921,347,27/2/2019,3,2,0.8,7,40,2,41178,41178
wt040_101,0.001223,0.001222,0,0,0.000535,0,0,1,0,0,0,0,27/2/2019,3,2,0.8,7,40,2,44217,0
wt040_111,0.736524,0.725136,0.285482,0.285484,0.435841,0,0.044805,0.004645,17868,17951,0.004645,345,27/2/2019,3,2,0.8,7,40,2,43460,43460
wt040_121,0.645336,0.627425,0.301516,0.301519,0.320692,0,0.043102,0.000682,64484,64528,0.000682,345,27/2/2019,3,2,0.8,7,40,2,43576,43576
wt040_006,0.325247,0.316695,0.112977,0.112979,0.203454,0,0.02819,0.002839,3875,3886,0.002839,223,27/2/2019,3,2,0.8,7,40,2,39091,39091
wt040_016,0.606351,0.598536,0.283735,0.283737,0.310972,0,0.040266,0.002273,38269,38356,0.002273,335,27/2/2019,3,2,0.8,7,40,2,40724,40724
wt040_026,0.151392,0.147906,0.04351,0.043513,0.101217,0,0.016296,0.060976,82,87,0.060976,109,27/2/2019,3,2,0.8,7,40,2,42169,42169
wt040_036,0.630225,0.606003,0.206564,0.206565,0.395553,0,0.037102,0.00516,10658,10713,0.00516,271,27/2/2019,3,2,0.8,7,40,2,40155,40155
wt040_046,0.663283,0.644337,0.419552,0.419554,0.221537,0,0.035312,0,34146,34146,0,416,27/2/2019,3,2,0.8,7,40,2,29817,29817
wt040_056,0.301818,0.29798,0.078023,0.078025,0.215852,0,0.020816,0.008675,1268,1279,0.008675,159,27/2/2019,3,2,0.8,7,40,2,38824,38824
wt040_066,0.681434,0.656903,0.268617,0.268619,0.387633,0,0.038706,0.005014,35103,35279,0.005014,316,27/2/2019,3,2,0.8,7,40,2,41181,41181
wt040_076,0.001208,0.001189,0,0,0.000654,0,0,1,0,0,0,0,27/2/2019,3,2,0.8,7,40,2,39624,0
wt040_086,0.798673,0.789741,0.248731,0.248733,0.5391,0,0.039463,0.011369,5981,6049,0.011369,311,27/2/2019,3,2,0.8,7,40,2,38858,38858
wt040_096,0.651244,0.645939,0.354369,0.354372,0.288164,0,0.046737,0.000454,66087,66117,0.000454,384,27/2/2019,3,2,0.8,7,40,2,41828,41828
wt040_106,0.001073,0,0,0,0,0,0,1,0,0,4.27255705194724E+180,0,27/2/2019,3,2,0.8,7,40,2,43072,0
wt040_116,0.685859,0.68464,0.275059,0.275062,0.405869,0,0.039437,0.005557,25733,25876,0.005557,345,27/2/2019,3,2,0.8,7,40,2,38559,38559
wt040_001,2.702338,2.671078,2.331945,2.331946,0.12826,0,2.259518,0.037671,584,606,0.037671,147,27/2/2019,3,2,0.8,8,40,2,805761,805761
wt040_011,3.95235,3.881852,3.516659,3.516661,0.195108,0,3.362777,0.002606,9592,9617,0.002606,234,27/2/2019,3,2,0.8,8,40,2,777803,777803
wt040_021,5.246705,5.174829,4.756688,4.75669,0.283061,0,4.463105,0,41048,41048,0,354,27/2/2019,3,2,0.8,8,40,2,712595,712595
wt040_031,4.35427,4.294758,3.824727,3.824731,0.258042,0,3.685189,0.014369,3758,3812,0.014369,224,27/2/2019,3,2,0.8,8,40,2,888913,888913
wt040_041,7.092107,7.032794,6.51538,6.515383,0.322591,0,6.13319,0.000227,30798,30805,0.000227,419,27/2/2019,3,2,0.8,8,40,2,804399,804399
wt040_051,0.268371,0.233518,0,0,0.000615,0,0,1,0,0,0,0,27/2/2019,3,2,0.8,8,40,2,955523,0
wt040_061,5.346803,5.280572,4.676718,4.676719,0.438625,0,4.452943,0.017247,11306,11501,0.017247,320,27/2/2019,3,2,0.8,8,40,2,768871,768871
wt040_071,5.548588,5.496992,5.056759,5.056762,0.29114,0,4.753689,0.000355,47935,47952,0.000355,366,27/2/2019,3,2,0.8,8,40,2,699878,699878
wt040_081,3.607053,3.565872,3.007534,3.007537,0.374384,0,2.865577,0.339246,451,604,0.339246,217,27/2/2019,3,2,0.8,8,40,2,731000,731000
wt040_091,6.845659,6.769977,6.108164,6.108166,0.470305,0,5.762219,0,26075,26075,0,414,27/2/2019,3,2,0.8,8,40,2,805060,805060
wt040_101,0.229052,0.203756,0,0,0,0,0,1,0,0,-nan,0,27/2/2019,3,2,0.8,8,40,2,864300,0
wt040_111,6.172522,6.077783,5.531618,5.531621,0.37513,0,5.261839,0.003017,17897,17951,0.003017,347,27/2/2019,3,2,0.8,8,40,2,849600,849600
wt040_121,6.50515,6.427682,5.963227,5.96323,0.288344,0,5.665227,0.000326,64507,64528,0.000326,368,27/2/2019,3,2,0.8,8,40,2,851903,851903
wt040_006,3.483559,3.429522,3.053893,3.053896,0.186711,0,2.928008,0.002839,3875,3886,0.002839,203,27/2/2019,3,2,0.8,8,40,2,764425,764425
wt040_016,4.97439,4.905078,4.428692,4.428694,0.28352,0,4.200182,0.002038,38278,38356,0.002038,287,27/2/2019,3,2,0.8,8,40,2,796248,796248
wt040_026,1.835543,1.798249,1.494257,1.49426,0.094897,0,1.453599,0.060976,82,87,0.060976,98,27/2/2019,3,2,0.8,8,40,2,824446,824446
wt040_036,4.808222,4.734829,4.186771,4.186773,0.376387,0,3.974504,0.004783,10662,10713,0.004783,282,27/2/2019,3,2,0.8,8,40,2,785173,785173
wt040_046,5.585853,5.528002,5.205209,5.205211,0.202205,0,4.824981,0,34146,34146,0,461,27/2/2019,3,2,0.8,8,40,2,583541,583541
wt040_056,2.795051,2.73817,2.366465,2.366467,0.197465,0,2.276849,0.008675,1268,1279,0.008675,164,27/2/2019,3,2,0.8,8,40,2,759198,759198
wt040_066,5.201557,5.145747,4.612485,4.612488,0.36488,0,4.386646,0.004241,35130,35279,0.004241,302,27/2/2019,3,2,0.8,8,40,2,805180,805180
wt040_076,0.202181,0.198292,0,0,0.000716,0,0,1,0,0,4.27255705194724E+180,0,27/2/2019,3,2,0.8,8,40,2,774839,0
wt040_086,5.448075,5.34578,4.712015,4.712017,0.489679,0,4.450768,0.008839,5996,6049,0.008839,335,27/2/2019,3,2,0.8,8,40,2,759779,759779
wt040_096,6.663278,6.60328,6.162993,6.162995,0.252623,0,5.842737,0.000106,66110,66117,0.000106,392,27/2/2019,3,2,0.8,8,40,2,817817,817817
wt040_106,0.19851,0.181241,0,0,0.000551,0,0,1,0,0,-nan,0,27/2/2019,3,2,0.8,8,40,2,841870,0
wt040_116,4.844864,4.795741,4.261419,4.261422,0.363565,0,4.034876,0.00349,25786,25876,0.00349,303,27/2/2019,3,2,0.8,8,40,2,754051,754051
wt040_001,0.519453,0.416784,0.130758,0.130759,0.268645,0.009383,0.021491,0.002283,438,439,0.002283,47,27/2/2019,3,2,0.8,4,40,4,15666,5493
wt040_011,0.538196,0.440335,0.193452,0.193455,0.233805,0.003776,0.049102,0.000349,5735,5737,0.000349,130,27/2/2019,3,2,0.8,4,40,4,14804,2033
wt040_021,0.48986,0.40411,0.170002,0.170005,0.226003,0.002759,0.040932,0,22793,22793,0,119,27/2/2019,3,2,0.8,4,40,4,13709,0
wt040_031,0.574667,0.483149,0.187031,0.187035,0.278541,0.006858,0.050029,0.013622,2496,2530,0.013622,90,27/2/2019,3,2,0.8,4,40,4,17945,4494
wt040_041,0.739432,0.620757,0.320243,0.320245,0.281877,0.008067,0.117356,0.003629,17634,17698,0.003629,223,27/2/2019,3,2,0.8,4,40,4,17196,4108
wt040_051,0.088344,0.081396,0,0,0.069688,0.01103,0,1,0,0,-nan,0,27/2/2019,3,2,0.8,4,40,4,19300,0
wt040_061,0.854008,0.77036,0.243942,0.243944,0.511032,0.006066,0.072268,0.007519,7315,7370,0.007519,139,27/2/2019,3,2,0.8,4,40,4,17602,3502
wt040_071,0.586073,0.514243,0.178663,0.178665,0.317586,0.010082,0.040402,7.5E-05,26740,26742,7.5E-05,107,27/2/2019,3,2,0.8,4,40,4,14630,624
wt040_081,0.907787,0.835241,0.292097,0.2921,0.521791,0.013194,0.074182,0.1,540,594,0.1,141,27/2/2019,3,2,0.8,4,40,4,17650,4932
wt040_091,0.799309,0.669985,0.330841,0.330858,0.319754,0.009602,0.120029,0.001993,15557,15588,0.001993,209,27/2/2019,3,2,0.8,4,40,4,18681,2570
wt040_101,0.01548,0.011934,0,0,0.000655,0.010676,0,1,0,0,0,0,27/2/2019,3,2,0.8,4,40,4,19369,0
wt040_111,0.935707,0.804028,0.214901,0.214902,0.573626,0.010995,0.070067,0.005262,11212,11271,0.005262,122,27/2/2019,3,2,0.8,4,40,4,19881,3360
wt040_121,0.69302,0.568596,0.18406,0.184063,0.369486,0.007301,0.049056,0.0007,35739,35764,0.0007,104,27/2/2019,3,2,0.8,4,40,4,18123,2842
wt040_006,0.638851,0.517862,0.153731,0.153734,0.344475,0.010042,0.037356,0.000843,2372,2374,0.000843,86,27/2/2019,3,2,0.8,4,40,4,15231,2543
wt040_016,0.822389,0.714678,0.174746,0.174748,0.527562,0.008199,0.044787,0.000698,21482,21497,0.000698,92,27/2/2019,3,2,0.8,4,40,4,16202,1875
wt040_026,0.500688,0.386087,0.179201,0.179205,0.190102,0.012082,0.036993,0,88,88,0,70,27/2/2019,3,2,0.8,4,40,4,16882,0
wt040_036,0.829118,0.72814,0.248767,0.248771,0.458726,0.009704,0.076757,0.011644,6355,6429,0.011644,144,27/2/2019,3,2,0.8,4,40,4,17609,4280
wt040_046,0.603701,0.528418,0.172858,0.172862,0.34502,0.006215,0.035048,0,19124,19124,0,109,27/2/2019,3,2,0.8,4,40,4,11471,0
wt040_056,0.570384,0.465383,0.169117,0.169121,0.277,0.007151,0.034902,0.035088,798,826,0.035088,72,27/2/2019,3,2,0.8,4,40,4,16610,7728
wt040_066,0.885557,0.731047,0.227419,0.227423,0.483111,0.010451,0.071998,0.000296,20247,20253,0.000296,138,27/2/2019,3,2,0.8,4,40,4,17775,1004
wt040_076,0.018821,0.011549,0,0,0.000663,0.010347,0,1,0,0,4.27255705194724E+180,0,27/2/2019,3,2,0.8,4,40,4,17075,0
wt040_086,1.201573,1.041129,0.196138,0.19614,0.827473,0.010452,0.05886,0.004026,4719,4738,0.004026,115,27/2/2019,3,2,0.8,4,40,4,18292,1365
wt040_096,0.644366,0.519761,0.229465,0.229466,0.271916,0.010406,0.061825,0.00011,36266,36270,0.00011,129,27/2/2019,3,2,0.8,4,40,4,18138,1036
wt040_106,0.021743,0.018282,0,0,0.00161,0.01611,0,1,0,0,-nan,0,27/2/2019,3,2,0.8,4,40,4,20441,0
wt040_116,0.792282,0.674407,0.286267,0.28627,0.37138,0.009834,0.091782,0.005406,15539,15623,0.005406,198,27/2/2019,3,2,0.8,4,40,4,17378,4501
wt040_001,0.347445,0.336964,0.02333,0.023331,0.312645,0,0.004461,0.002283,438,439,0.002283,56,27/2/2019,3,2,0.8,7,40,4,21495,21495
wt040_011,0.354193,0.33699,0.080757,0.080759,0.252613,0,0.012123,0.000349,5735,5737,0.000349,167,27/2/2019,3,2,0.8,7,40,4,20936,20936
wt040_021,0.34505,0.317697,0.082945,0.082947,0.230566,0,0.00898,4.4E-05,22792,22793,4.4E-05,152,27/2/2019,3,2,0.8,7,40,4,19352,19352
wt040_031,0.334198,0.320379,0.036578,0.036581,0.280083,0,0.007743,0.016881,2488,2530,0.016881,94,27/2/2019,3,2,0.8,7,40,4,23635,23635
wt040_041,0.48246,0.471697,0.143921,0.143923,0.327211,0,0.019351,0.004142,17625,17698,0.004142,244,27/2/2019,3,2,0.8,7,40,4,21542,21542
wt040_051,0.080009,0.075518,0,0,0.075392,0,0,1,0,0,-nan,0,27/2/2019,3,2,0.8,7,40,4,25173,0
wt040_061,0.645498,0.624578,0.072168,0.07217,0.548455,0,0.01112,0.008898,7305,7370,0.008898,146,27/2/2019,3,2,0.8,7,40,4,20719,20719
wt040_071,0.423835,0.399862,0.087758,0.08776,0.311145,0,0.008887,7.5E-05,26740,26742,7.5E-05,144,27/2/2019,3,2,0.8,7,40,4,18983,18983
wt040_081,0.628024,0.610669,0.07895,0.078952,0.530662,0,0.011025,0.106145,537,594,0.106145,158,27/2/2019,3,2,0.8,7,40,4,19739,19739
wt040_091,0.488857,0.463626,0.116155,0.116157,0.347553,0,0.016346,0.003089,15540,15588,0.003089,229,27/2/2019,3,2,0.8,7,40,4,21538,21538
wt040_101,0.001009,0.001008,0,0,0.000558,0,0,1,0,0,4.27255705194724E+180,0,27/2/2019,3,2,0.8,7,40,4,22937,0
wt040_111,0.696806,0.67122,0.069868,0.06987,0.600949,0,0.011915,0.008049,11181,11271,0.008049,143,27/2/2019,3,2,0.8,7,40,4,22660,22660
wt040_121,0.433372,0.428382,0.054635,0.054638,0.370015,0,0.008167,0.000812,35735,35764,0.000812,121,27/2/2019,3,2,0.8,7,40,4,22736,22736
wt040_006,0.367031,0.343126,0.04395,0.043952,0.298571,0,0.006513,0.000843,2372,2374,0.000843,93,27/2/2019,3,2,0.8,7,40,4,20611,20611
wt040_016,0.56085,0.553607,0.036167,0.036169,0.513241,0,0.00561,0.000838,21479,21497,0.000838,80,27/2/2019,3,2,0.8,7,40,4,21364,21364
wt040_026,0.194057,0.185871,0.018598,0.0186,0.163841,0,0.004363,0,88,88,0,51,27/2/2019,3,2,0.8,7,40,4,22049,22049
wt040_036,0.48645,0.482542,0.064451,0.064453,0.417529,0,0.010937,0.012122,6352,6429,0.012122,138,27/2/2019,3,2,0.8,7,40,4,21075,21075
wt040_046,0.401129,0.366342,0.062925,0.062927,0.29951,0,0.005191,0,19124,19124,0,107,27/2/2019,3,2,0.8,7,40,4,16177,16177
wt040_056,0.299946,0.284809,0.021681,0.021683,0.262981,0,0.004344,0.035088,798,826,0.035088,69,27/2/2019,3,2,0.8,7,40,4,20424,20424
wt040_066,0.551431,0.524041,0.078409,0.07841,0.445196,0,0.009972,0.000296,20247,20253,0.000296,145,27/2/2019,3,2,0.8,7,40,4,21581,21581
wt040_076,0.001073,0.001072,0,0,0.000582,0,0,1,0,0,-nan,0,27/2/2019,3,2,0.8,7,40,4,20864,0
wt040_086,0.897492,0.868474,0.067696,0.067697,0.796936,0,0.010944,0.004452,4717,4738,0.004452,127,27/2/2019,3,2,0.8,7,40,4,20378,20378
wt040_096,0.353517,0.348601,0.080907,0.080909,0.264371,0,0.009909,0.000221,36262,36270,0.000221,143,27/2/2019,3,2,0.8,7,40,4,21908,21908
wt040_106,0.001949,0.000103,0,0,0,0,0,1,0,0,-nan,0,27/2/2019,3,2,0.8,7,40,4,22272,0
wt040_116,0.469253,0.461866,0.094545,0.094547,0.366675,0,0.013889,0.006312,15525,15623,0.006312,194,27/2/2019,3,2,0.8,7,40,4,20319,20319
wt040_001,0.746336,0.731114,0.349952,0.349954,0.286999,0,0.330164,0.002283,438,439,0.002283,43,27/2/2019,3,2,0.8,8,40,4,401008,401008
wt040_011,1.427701,1.404343,1.067949,1.067968,0.249013,0,0.999445,0.000349,5735,5737,0.000349,132,27/2/2019,3,2,0.8,8,40,4,391112,391112
wt040_021,1.310843,1.262283,0.9661,0.966103,0.234686,0,0.903696,0,22793,22793,0,133,27/2/2019,3,2,0.8,8,40,4,362028,362028
wt040_031,1.255482,1.227067,0.847642,0.847645,0.27349,0,0.80416,0.013622,2496,2530,0.013622,100,27/2/2019,3,2,0.8,8,40,4,440647,440647
wt040_041,2.269177,2.223599,1.826006,1.826009,0.310311,0,1.714543,0.003629,17634,17698,0.003629,227,27/2/2019,3,2,0.8,8,40,4,402109,402109
wt040_051,0.194197,0.169153,0,0,0.073827,0,0,1,0,0,0,0,27/2/2019,3,2,0.8,8,40,4,468670,0
wt040_061,1.701958,1.657974,1.070096,1.070098,0.514291,0,1.008456,0.007381,7316,7370,0.007381,141,27/2/2019,3,2,0.8,8,40,4,387106,387106
wt040_071,1.283505,1.244177,0.856978,0.856981,0.31411,0,0.799984,7.5E-05,26740,26742,7.5E-05,119,27/2/2019,3,2,0.8,8,40,4,355058,355058
wt040_081,1.545026,1.512748,0.917021,0.917023,0.518601,0,0.856846,0.091912,544,594,0.091912,126,27/2/2019,3,2,0.8,8,40,4,368939,368939
wt040_091,2.201239,2.161433,1.752737,1.752741,0.317359,0,1.641812,0.001993,15557,15588,0.001993,221,27/2/2019,3,2,0.8,8,40,4,401949,401949
wt040_101,0.114647,0.110863,0,0,0.000141,0,0,1,0,0,-nan,0,27/2/2019,3,2,0.8,8,40,4,427528,0
wt040_111,1.807717,1.762176,1.098328,1.09833,0.575375,0,1.042521,0.005262,11212,11271,0.005262,131,27/2/2019,3,2,0.8,8,40,4,422680,422680
wt040_121,1.425024,1.384613,0.975663,0.975667,0.320518,0,0.929038,0.0007,35739,35764,0.0007,120,27/2/2019,3,2,0.8,8,40,4,424162,424162
wt040_006,1.08069,1.042737,0.661767,0.66177,0.298024,0,0.619962,0.000843,2372,2374,0.000843,89,27/2/2019,3,2,0.8,8,40,4,385123,385123
wt040_016,1.230621,1.189579,0.626944,0.626946,0.467196,0,0.594121,0.000698,21482,21497,0.000698,78,27/2/2019,3,2,0.8,8,40,4,398884,398884
wt040_026,0.743859,0.725687,0.476149,0.476151,0.162516,0,0.455641,0,88,88,0,59,27/2/2019,3,2,0.8,8,40,4,411483,411483
wt040_036,1.627737,1.596297,1.134131,1.134133,0.37741,0,1.06936,0.011644,6355,6429,0.011644,150,27/2/2019,3,2,0.8,8,40,4,393556,393556
wt040_046,0.86776,0.8356,0.464175,0.464177,0.304063,0,0.421206,0,19124,19124,0,79,27/2/2019,3,2,0.8,8,40,4,303580,303580
wt040_056,0.930964,0.912396,0.575269,0.575272,0.258106,0,0.547216,0.035088,798,826,0.035088,77,27/2/2019,3,2,0.8,8,40,4,381538,381538
wt040_066,1.565808,1.502365,1.010351,1.010353,0.419062,0,0.9507,0.000296,20247,20253,0.000296,126,27/2/2019,3,2,0.8,8,40,4,402890,402890
wt040_076,0.09373,0.076837,0,0,0.000728,0,0,1,0,0,0,0,27/2/2019,3,2,0.8,8,40,4,389790,0
wt040_086,1.811415,1.782983,0.942629,0.942631,0.752991,0,0.882553,0.004026,4719,4738,0.004026,125,27/2/2019,3,2,0.8,8,40,4,380477,380477
wt040_096,1.286136,1.259597,0.92677,0.926772,0.246852,0,0.866886,0.00011,36266,36270,0.00011,118,27/2/2019,3,2,0.8,8,40,4,408959,408959
wt040_106,0.086749,0.065383,0,0,0.000537,0,0,1,0,0,0,0,27/2/2019,3,2,0.8,8,40,4,414950,0
wt040_116,1.994374,1.944567,1.52717,1.527172,0.340136,0,1.430731,0.005406,15539,15623,0.005406,205,27/2/2019,3,2,0.8,8,40,4,379675,379675
wt050_001,1.412253,1.028039,0.685058,0.685061,0.270518,0.025018,0.267674,0.029221,1232,1268,0.029221,156,27/2/2019,3,2,0.8,4,50,2,54757,26338
wt050_011,2.349023,2.022761,1.257142,1.257145,0.710316,0.025536,0.605525,0.001304,23000,23030,0.001304,415,27/2/2019,3,2,0.8,4,50,2,46395,8883
wt050_021,2.270707,1.973179,1.37478,1.374782,0.55632,0.02201,0.673619,3.6E-05,111067,111071,3.6E-05,508,27/2/2019,3,2,0.8,4,50,2,43363,2461
wt050_031,2.258645,1.840349,1.137628,1.137631,0.635585,0.023919,0.534408,0.016827,5289,5378,0.016827,301,27/2/2019,3,2,0.8,4,50,2,54095,21849
wt050_041,2.611644,2.20648,1.483286,1.483289,0.673388,0.02237,0.724469,0.002555,37961,38058,0.002555,416,27/2/2019,3,2,0.8,4,50,2,50349,9875
wt050_051,0.066791,0.02643,0,0,0.00099,0.024497,0,1,0,0,-nan,0,27/2/2019,3,2,0.8,4,50,2,51687,0
wt050_061,2.860509,2.448341,1.62843,1.628432,0.753546,0.032054,0.842818,0.01347,13586,13769,0.01347,385,27/2/2019,3,2,0.8,4,50,2,60421,18364
wt050_071,3.132855,2.750938,1.88955,1.889553,0.808961,0.025207,0.932607,0,78533,78533,0,590,27/2/2019,3,2,0.8,4,50,2,47306,2835
wt050_081,2.270818,1.894764,1.289493,1.289494,0.52181,0.035638,0.586328,0.007435,538,542,0.007435,301,27/2/2019,3,2,0.8,4,50,2,60060,26200
wt050_091,3.088982,2.656708,1.736785,1.736788,0.859401,0.034229,0.886422,0.001163,47294,47349,0.001163,449,27/2/2019,3,2,0.8,4,50,2,56736,7462
wt050_101,0.064082,0.036428,0,0,0.001133,0.034268,0,1,0,0,-nan,0,27/2/2019,3,2,0.8,4,50,2,51939,0
wt050_111,3.265082,2.855563,2.009227,2.00923,0.789934,0.025915,1.071439,0.004504,15543,15613,0.004504,506,27/2/2019,3,2,0.8,4,50,2,60723,8678
wt050_121,3.566387,3.184431,1.83104,1.831042,1.297399,0.030383,0.891515,0.000216,41696,41705,0.000216,548,27/2/2019,3,2,0.8,4,50,2,47783,5326
wt050_006,2.477718,2.114423,1.377303,1.377305,0.679501,0.022284,0.701607,0.000771,14261,14272,0.000771,401,27/2/2019,3,2,0.8,4,50,2,53351,14151
wt050_016,2.228832,1.963293,1.22702,1.227024,0.679353,0.024126,0.561446,0.001326,46011,46072,0.001326,416,27/2/2019,3,2,0.8,4,50,2,40723,6710
wt050_026,1.500837,1.223462,0.78979,0.789791,0.387421,0.033257,0.324202,0,26,26,0,186,27/2/2019,3,2,0.8,4,50,2,50875,0
wt050_036,3.57906,3.170162,1.356221,1.356224,1.752153,0.032916,0.586499,0.003335,18893,18956,0.003335,346,27/2/2019,3,2,0.8,4,50,2,52232,9312
wt050_046,2.631646,2.298834,1.535108,1.535112,0.717077,0.020443,0.753978,0.00028,82084,82107,0.00028,557,27/2/2019,3,2,0.8,4,50,2,42503,6444
wt050_056,1.673828,1.342554,0.83733,0.837332,0.432302,0.032807,0.33214,0.042466,730,761,0.042466,201,27/2/2019,3,2,0.8,4,50,2,49972,25142
wt050_066,2.810803,2.498842,1.475054,1.475057,0.978211,0.02264,0.673841,0.001051,40904,40947,0.001051,501,27/2/2019,3,2,0.8,4,50,2,41454,5460
wt050_076,0.07291,0.041763,0,0,0.000925,0.039933,0,1,0,0,0,0,27/2/2019,3,2,0.8,4,50,2,61796,0
wt050_086,3.394593,2.999089,1.605626,1.60563,1.328238,0.026992,0.780103,0.026076,12272,12592,0.026076,429,27/2/2019,3,2,0.8,4,50,2,54475,16447
wt050_096,2.842345,2.470881,1.656716,1.656717,0.747594,0.03295,0.856948,0.000334,92802,92833,0.000334,496,27/2/2019,3,2,0.8,4,50,2,52285,5268
wt050_106,0.068143,0.032224,0,0,0.000975,0.030239,0,1,0,0,0,0,27/2/2019,3,2,0.8,4,50,2,56000,0
wt050_116,2.64522,2.303397,1.412556,1.41256,0.833311,0.02546,0.716765,0.006659,19522,19652,0.006659,430,27/2/2019,3,2,0.8,4,50,2,47638,10664
wt050_001,0.442612,0.427951,0.078058,0.078061,0.34497,0,0.03045,0.029221,1232,1268,0.029221,141,27/2/2019,3,2,0.8,7,50,2,69175,69175
wt050_011,1.055571,1.043909,0.382797,0.382799,0.657017,0,0.07494,0.001304,23000,23030,0.001304,414,27/2/2019,3,2,0.8,7,50,2,64182,64182
wt050_021,1.239537,1.209521,0.689793,0.689794,0.516017,0,0.092699,9.9E-05,111060,111071,9.9E-05,551,27/2/2019,3,2,0.8,7,50,2,67299,67299
wt050_031,0.866618,0.842492,0.225633,0.225635,0.612516,0,0.058298,0.016827,5289,5378,0.016827,299,27/2/2019,3,2,0.8,7,50,2,66291,66291
wt050_041,1.116755,1.101799,0.468515,0.468516,0.629528,0,0.0821,0.004858,37874,38058,0.004858,490,27/2/2019,3,2,0.8,7,50,2,63990,63990
wt050_051,0.001788,0.001781,0,0,0.000806,0,0,1,0,0,4.27255705194724E+180,0,27/2/2019,3,2,0.8,7,50,2,61639,0
wt050_061,1.059992,1.028846,0.325423,0.325425,0.698828,0,0.069458,0.014515,13572,13769,0.014515,363,27/2/2019,3,2,0.8,7,50,2,70276,70276
wt050_071,1.507781,1.456527,0.698604,0.698606,0.75308,0,0.092041,0.000153,78521,78533,0.000153,504,27/2/2019,3,2,0.8,7,50,2,63943,63943
wt050_081,0.848692,0.820036,0.281521,0.281524,0.533903,0,0.067612,0.007435,538,542,0.007435,305,27/2/2019,3,2,0.8,7,50,2,67975,67975
wt050_091,1.44852,1.404265,0.545668,0.54567,0.854184,0,0.090994,0.001353,47285,47349,0.001353,477,27/2/2019,3,2,0.8,7,50,2,67063,67063
wt050_101,0.001665,0.001665,0,0,0.000793,0,0,1,0,0,-nan,0,27/2/2019,3,2,0.8,7,50,2,59283,0
wt050_111,1.419037,1.373046,0.589059,0.589062,0.780414,0,0.10383,0.006122,15518,15613,0.006122,516,27/2/2019,3,2,0.8,7,50,2,66200,66200
wt050_121,2.029432,1.970724,0.687887,0.687889,1.278743,0,0.083612,0.000216,41696,41705,0.000216,500,27/2/2019,3,2,0.8,7,50,2,60152,60152
wt050_006,1.04513,1.019964,0.368958,0.36896,0.645183,0,0.09199,0.001263,14254,14272,0.001263,419,27/2/2019,3,2,0.8,7,50,2,68504,68504
wt050_016,1.206138,1.158651,0.502475,0.502478,0.651729,0,0.081112,0.001348,46010,46072,0.001348,458,27/2/2019,3,2,0.8,7,50,2,59860,59860
wt050_026,0.445624,0.435025,0.085305,0.085307,0.348444,0,0.028407,0,26,26,0,144,27/2/2019,3,2,0.8,7,50,2,61640,61640
wt050_036,2.127234,2.069587,0.391936,0.391938,1.673015,0,0.070982,0.003653,18887,18956,0.003653,384,27/2/2019,3,2,0.8,7,50,2,66679,66679
wt050_046,1.379981,1.340986,0.691136,0.691138,0.645388,0,0.098315,0.000366,82077,82107,0.000366,583,27/2/2019,3,2,0.8,7,50,2,64808,64808
wt050_056,0.529965,0.50647,0.10236,0.102361,0.399631,0,0.029548,0.042466,730,761,0.042466,176,27/2/2019,3,2,0.8,7,50,2,58037,58037
wt050_066,1.517321,1.458373,0.554688,0.55469,0.89957,0,0.073886,0.001492,40886,40947,0.001492,501,27/2/2019,3,2,0.8,7,50,2,50737,50737
wt050_076,0.00157,0.001551,0,0,0.000739,0,0,1,0,0,0,0,27/2/2019,3,2,0.8,7,50,2,73255,0
wt050_086,1.737777,1.7084,0.395254,0.395255,1.309195,0,0.070488,0.028758,12240,12592,0.028758,406,27/2/2019,3,2,0.8,7,50,2,59575,59575
wt050_096,1.327072,1.282215,0.575936,0.575939,0.702355,0,0.090047,0.000377,92798,92833,0.000377,507,27/2/2019,3,2,0.8,7,50,2,67495,67495
wt050_106,0.001705,0.001704,0,0,0.000778,0,0,1,0,0,0,0,27/2/2019,3,2,0.8,7,50,2,61879,0
wt050_116,1.243489,1.215838,0.400189,0.400192,0.81142,0,0.064609,0.008208,19492,19652,0.008208,417,27/2/2019,3,2,0.8,7,50,2,54584,54584
wt050_001,5.928223,5.876354,5.022132,5.022135,0.313441,0,4.93546,0.029221,1232,1268,0.029221,155,27/2/2019,3,2,0.8,8,50,2,1697463,1697463
wt050_011,13.631928,13.53602,12.516191,12.516194,0.603991,0,12.176012,0.001304,23000,23030,0.001304,410,27/2/2019,3,2,0.8,8,50,2,1575109,1575109
wt050_021,16.522363,16.360633,15.551583,15.551585,0.448941,0,15.132184,3.6E-05,111067,111071,3.6E-05,515,27/2/2019,3,2,0.8,8,50,2,1651399,1651399
wt050_031,10.259787,10.18,9.206858,9.20686,0.536424,0,8.974465,0.016827,5289,5378,0.016827,309,27/2/2019,3,2,0.8,8,50,2,1626703,1626703
wt050_041,13.899799,13.783392,12.803872,12.803874,0.583311,0,12.414901,0.002344,37969,38058,0.002344,437,27/2/2019,3,2,0.8,8,50,2,1570405,1570405
wt050_051,0.426398,0.398952,0,0,0.000877,0,0,1,0,0,0,0,27/2/2019,3,2,0.8,8,50,2,1512831,0
wt050_061,13.643265,13.548748,12.476137,12.476139,0.626497,0,12.137357,0.01347,13586,13769,0.01347,391,27/2/2019,3,2,0.8,8,50,2,1724361,1724361
wt050_071,17.850692,17.708093,16.631506,16.631507,0.683451,0,16.088997,1.3E-05,78532,78533,1.3E-05,586,27/2/2019,3,2,0.8,8,50,2,1569279,1569279
wt050_081,9.014313,8.955644,8.068631,8.068634,0.444746,0,7.845147,0.007435,538,542,0.007435,266,27/2/2019,3,2,0.8,8,50,2,1668063,1668063
wt050_091,16.818264,16.674438,15.528974,15.528975,0.767007,0,14.990362,0.001163,47294,47349,0.001163,514,27/2/2019,3,2,0.8,8,50,2,1645719,1645719
wt050_101,0.38634,0.351031,0,0,0,0,0,1,0,0,4.27255705194724E+180,0,27/2/2019,3,2,0.8,8,50,2,1455007,0
wt050_111,16.668862,16.565787,15.469261,15.469264,0.704404,0,14.91779,0.004504,15543,15613,0.004504,518,27/2/2019,3,2,0.8,8,50,2,1624601,1624601
wt050_121,15.998458,15.880913,14.382046,14.382048,1.157707,0,13.800924,0.000216,41696,41705,0.000216,517,27/2/2019,3,2,0.8,8,50,2,1476425,1476425
wt050_006,14.000389,13.91646,12.810429,12.810431,0.607539,0,12.464647,0.000771,14261,14272,0.000771,395,27/2/2019,3,2,0.8,8,50,2,1681049,1681049
wt050_016,13.10337,12.994836,12.056425,12.056427,0.585255,0,11.664312,0.001326,46011,46072,0.001326,420,27/2/2019,3,2,0.8,8,50,2,1469169,1469169
wt050_026,3.157183,3.084506,2.380536,2.380538,0.293891,0,2.345147,0,26,26,0,84,27/2/2019,3,2,0.8,8,50,2,1512881,1512881
wt050_036,13.894676,13.79104,11.788934,11.788937,1.578293,0,11.43067,0.003335,18893,18956,0.003335,378,27/2/2019,3,2,0.8,8,50,2,1636311,1636311
wt050_046,16.223446,16.105157,15.181082,15.181085,0.572348,0,14.726685,0.000268,82085,82107,0.000268,526,27/2/2019,3,2,0.8,8,50,2,1590497,1590497
wt050_056,5.33528,5.286262,4.556682,4.556685,0.354042,0,4.418088,0.042466,730,761,0.042466,178,27/2/2019,3,2,0.8,8,50,2,1424531,1424531
wt050_066,12.99982,12.897305,11.747698,11.7477,0.854977,0,11.302124,0.001051,40904,40947,0.001051,486,27/2/2019,3,2,0.8,8,50,2,1245579,1245579
wt050_076,0.49559,0.457773,0,0,0.000798,0,0,1,0,0,-nan,0,27/2/2019,3,2,0.8,8,50,2,1797423,0
wt050_086,12.42676,12.350416,10.804054,10.804056,1.187787,0,10.394423,0.025908,12274,12592,0.025908,404,27/2/2019,3,2,0.8,8,50,2,1462263,1462263
wt050_096,15.486452,15.367014,14.353954,14.353956,0.627741,0,13.945464,0.000323,92803,92833,0.000323,474,27/2/2019,3,2,0.8,8,50,2,1656303,1656303
wt050_106,0.384645,0.343757,0,0,0.000857,0,0,1,0,0,0,0,27/2/2019,3,2,0.8,8,50,2,1518711,0
wt050_116,12.031265,11.927417,10.868757,10.86876,0.747248,0,10.469485,0.006556,19524,19652,0.006556,440,27/2/2019,3,2,0.8,8,50,2,1340009,1340009
wt050_001,0.788619,0.61545,0.255544,0.255546,0.320194,0.018473,0.081019,0.010296,777,785,0.010296,97,27/2/2019,3,2,0.8,4,50,4,27330,12853
wt050_011,1.325789,1.144087,0.417856,0.417857,0.700849,0.013069,0.131995,0.00101,12871,12884,0.00101,192,27/2/2019,3,2,0.8,4,50,4,24303,4279
wt050_021,1.217665,1.025404,0.433548,0.433551,0.567873,0.010879,0.135042,3.4E-05,59440,59442,3.4E-05,182,27/2/2019,3,2,0.8,4,50,4,26416,2222
wt050_031,1.165209,1.01187,0.315684,0.315687,0.671013,0.014994,0.087662,0,3061,3061,0,108,27/2/2019,3,2,0.8,4,50,4,27075,0
wt050_041,1.892291,1.706276,0.519482,0.519487,1.150885,0.021402,0.191452,0.001239,21783,21810,0.001239,217,27/2/2019,3,2,0.8,4,50,4,27060,3817
wt050_051,0.025465,0.017985,0,0,0,0.017909,0,1,0,0,0,0,27/2/2019,3,2,0.8,4,50,4,26383,0
wt050_061,1.842555,1.67095,0.746612,0.746615,0.888389,0.015156,0.30041,0.010446,7850,7932,0.010446,272,27/2/2019,3,2,0.8,4,50,4,32269,8443
wt050_071,1.387577,1.188552,0.511872,0.511873,0.65278,0.008868,0.173789,0.000821,42625,42660,0.000821,221,27/2/2019,3,2,0.8,4,50,4,26462,4813
wt050_081,1.385887,1.193537,0.413959,0.413961,0.741231,0.019079,0.137649,0.039749,478,497,0.039749,142,27/2/2019,3,2,0.8,4,50,4,30726,12883
wt050_091,1.979375,1.75071,0.431756,0.43176,1.285206,0.014882,0.13656,0.001469,26546,26585,0.001469,131,27/2/2019,3,2,0.8,4,50,4,30339,4872
wt050_101,0.038968,0.022606,0,0,0.001467,0.019984,0,1,0,0,4.27255705194724E+180,0,27/2/2019,3,2,0.8,4,50,4,26774,0
wt050_111,2.322529,2.113038,0.717417,0.717421,1.349813,0.027264,0.270389,0.007365,10047,10121,0.007365,237,27/2/2019,3,2,0.8,4,50,4,31822,5982
wt050_121,1.622353,1.440738,0.518289,0.518292,0.890022,0.016898,0.187187,0.001262,23769,23799,0.001262,227,27/2/2019,3,2,0.8,4,50,4,26270,3584
wt050_006,1.441579,1.265308,0.402009,0.402013,0.827343,0.02038,0.138394,0.002772,8298,8321,0.002772,164,27/2/2019,3,2,0.8,4,50,4,27169,7224
wt050_016,1.515926,1.365084,0.73994,0.739943,0.597008,0.014214,0.259081,0.000118,25373,25376,0.000118,368,27/2/2019,3,2,0.8,4,50,4,23414,1273
wt050_026,0.817418,0.638818,0.246182,0.246185,0.369972,0.015638,0.047465,0,54,54,0,56,27/2/2019,3,2,0.8,4,50,4,25574,0
wt050_036,1.689373,1.508694,0.661933,0.661937,0.817323,0.017387,0.240609,0.001482,10794,10810,0.001482,279,27/2/2019,3,2,0.8,4,50,4,28133,3399
wt050_046,1.506324,1.343075,0.722827,0.72283,0.589983,0.014743,0.242526,9E-05,44452,44456,9E-05,337,27/2/2019,3,2,0.8,4,50,4,24596,1708
wt050_056,0.963354,0.752768,0.288921,0.288924,0.43166,0.013548,0.104396,0.065056,538,573,0.065056,130,27/2/2019,3,2,0.8,4,50,4,25637,11771
wt050_066,1.680664,1.489575,0.567165,0.567168,0.902253,0.006977,0.197658,0.000994,23138,23161,0.000994,296,27/2/2019,3,2,0.8,4,50,4,22483,3247
wt050_076,0.03617,0.031664,0,0,0.000986,0.029905,0,1,0,0,4.27255705194724E+180,0,27/2/2019,3,2,0.8,4,50,4,30958,0
wt050_086,1.765557,1.542277,0.696208,0.69621,0.818236,0.013416,0.291357,0.013926,8330,8446,0.013926,295,27/2/2019,3,2,0.8,4,50,4,28952,7753
wt050_096,1.662605,1.437646,0.706549,0.706553,0.703571,0.014024,0.26702,0.000417,50312,50333,0.000417,283,27/2/2019,3,2,0.8,4,50,4,28841,3412
wt050_106,0.032982,0.026526,0,0,0.001413,0.024261,0,1,0,0,-nan,0,27/2/2019,3,2,0.8,4,50,4,30089,0
wt050_116,2.203956,2.000514,0.426783,0.426786,1.549951,0.008639,0.143455,0.006945,11519,11599,0.006945,171,27/2/2019,3,2,0.8,4,50,4,25465,6834
wt050_001,0.433872,0.426621,0.041053,0.041056,0.381354,0,0.010254,0.010296,777,785,0.010296,89,27/2/2019,3,2,0.8,7,50,4,35725,35725
wt050_011,0.944174,0.926391,0.150319,0.150321,0.774855,0,0.020852,0.001088,12870,12884,0.001088,194,27/2/2019,3,2,0.8,7,50,4,33282,33282
wt050_021,0.898763,0.870957,0.264712,0.264714,0.601892,0,0.023783,3.4E-05,59440,59442,3.4E-05,253,27/2/2019,3,2,0.8,7,50,4,34749,34749
wt050_031,0.812449,0.790056,0.105028,0.105029,0.684323,0,0.016496,0,3061,3061,0,144,27/2/2019,3,2,0.8,7,50,4,34241,34241
wt050_041,1.456196,1.408019,0.225334,0.225335,1.17861,0,0.024953,0.001377,21780,21810,0.001377,228,27/2/2019,3,2,0.8,7,50,4,33240,33240
wt050_051,0.001838,0.001818,0,0,0.000973,0,0,1,0,0,4.27255705194724E+180,0,27/2/2019,3,2,0.8,7,50,4,32139,0
wt050_061,1.229416,1.20177,0.239219,0.239221,0.957965,0,0.032,0.012122,7837,7932,0.012122,267,27/2/2019,3,2,0.8,7,50,4,36176,36176
wt050_071,0.897607,0.872705,0.194635,0.194636,0.673675,0,0.020767,0.000962,42619,42660,0.000962,220,27/2/2019,3,2,0.8,7,50,4,33243,33243
wt050_081,0.854275,0.843244,0.08923,0.089232,0.749565,0,0.013331,0.039749,478,497,0.039749,118,27/2/2019,3,2,0.8,7,50,4,35125,35125
wt050_091,1.45465,1.426099,0.113318,0.11332,1.306651,0,0.015603,0.001771,26538,26585,0.001771,150,27/2/2019,3,2,0.8,7,50,4,34713,34713
wt050_101,0.001859,0.000154,0,0,0,0,0,1,0,0,0,0,27/2/2019,3,2,0.8,7,50,4,30883,0
wt050_111,1.485647,1.457458,0.24074,0.240742,1.211828,0,0.030073,0.008068,10040,10121,0.008068,263,27/2/2019,3,2,0.8,7,50,4,34300,34300
wt050_121,1.114919,1.091623,0.221463,0.221465,0.865726,0,0.022517,0.001473,23764,23799,0.001473,249,27/2/2019,3,2,0.8,7,50,4,31402,31402
wt050_006,0.93479,0.910129,0.113555,0.113557,0.792002,0,0.018615,0.002772,8298,8321,0.002772,152,27/2/2019,3,2,0.8,7,50,4,35404,35404
wt050_016,0.923295,0.908423,0.352296,0.3523,0.547029,0,0.035229,0.000118,25373,25376,0.000118,379,27/2/2019,3,2,0.8,7,50,4,31210,31210
wt050_026,0.374856,0.361052,0.04195,0.041952,0.317934,0,0.007695,0,54,54,0,77,27/2/2019,3,2,0.8,7,50,4,32140,32140
wt050_036,1.022358,1.006337,0.246074,0.246077,0.756717,0,0.031333,0.001482,10794,10810,0.001482,283,27/2/2019,3,2,0.8,7,50,4,34529,34529
wt050_046,0.973297,0.951903,0.393274,0.393275,0.557521,0,0.035679,0.000112,44451,44456,0.000112,381,27/2/2019,3,2,0.8,7,50,4,33658,33658
wt050_056,0.496789,0.486191,0.05288,0.052882,0.429339,0,0.01112,0.065056,538,573,0.065056,111,27/2/2019,3,2,0.8,7,50,4,30337,30337
wt050_066,1.132281,1.104179,0.238592,0.238594,0.864917,0,0.023883,0.001384,23129,23161,0.001384,295,27/2/2019,3,2,0.8,7,50,4,26737,26737
wt050_076,0.001602,0,0,0,0,0,0,1,0,0,-nan,0,27/2/2019,3,2,0.8,7,50,4,37655,0
wt050_086,1.098724,1.061019,0.259987,0.259988,0.796562,0,0.032041,0.017713,8299,8446,0.017713,308,27/2/2019,3,2,0.8,7,50,4,31125,31125
wt050_096,0.981622,0.950118,0.273608,0.273609,0.67239,0,0.032063,0.000497,50308,50333,0.000497,308,27/2/2019,3,2,0.8,7,50,4,34945,34945
wt050_106,0.002012,0.00055,0,0,0.000396,0,0,1,0,0,-nan,0,27/2/2019,3,2,0.8,7,50,4,32229,0
wt050_116,1.627889,1.579067,0.149265,0.149266,1.424918,0,0.018083,0.007557,11512,11599,0.007557,201,27/2/2019,3,2,0.8,7,50,4,28734,28734
wt050_001,2.1786,2.148127,1.550222,1.550224,0.356982,0,1.490058,0.010296,777,785,0.010296,95,27/2/2019,3,2,0.8,8,50,4,843819,843819
wt050_011,3.802217,3.744517,2.844479,2.844481,0.7143,0,2.69435,0.00101,12871,12884,0.00101,183,27/2/2019,3,2,0.8,8,50,4,786541,786541
wt050_021,4.013231,3.933654,3.205999,3.206001,0.558418,0,3.024237,3.4E-05,59440,59442,3.4E-05,204,27/2/2019,3,2,0.8,8,50,4,820723,820723
wt050_031,3.075381,3.019879,2.163691,2.163693,0.662131,0,2.057265,0,3061,3061,0,132,27/2/2019,3,2,0.8,8,50,4,808787,808787
wt050_041,4.515576,4.42261,3.099449,3.099451,1.146635,0,2.934737,0.001239,21783,21810,0.001239,202,27/2/2019,3,2,0.8,8,50,4,785665,785665
wt050_051,0.20861,0.171053,0,0,0.001264,0,0,1,0,0,-nan,0,27/2/2019,3,2,0.8,8,50,4,759991,0
wt050_061,5.249847,5.206331,4.109521,4.109524,0.883537,0,3.911748,0.010446,7850,7932,0.010446,245,27/2/2019,3,2,0.8,8,50,4,854129,854129
wt050_071,4.405541,4.341366,3.51559,3.515593,0.648471,0,3.335462,0.000821,42625,42660,0.000821,226,27/2/2019,3,2,0.8,8,50,4,785815,785815
wt050_081,2.917771,2.856482,1.936447,1.93645,0.715886,0,1.840613,0.039749,478,497,0.039749,121,27/2/2019,3,2,0.8,8,50,4,829731,829731
wt050_091,3.744378,3.652865,2.171776,2.171778,1.289378,0,2.071826,0.001469,26546,26585,0.001469,137,27/2/2019,3,2,0.8,8,50,4,820147,820147
wt050_101,0.194239,0.173691,0,0,0.000929,0,0,1,0,0,0,0,27/2/2019,3,2,0.8,8,50,4,730239,0
wt050_111,4.978085,4.906579,3.571801,3.571803,1.170511,0,3.381595,0.007165,10049,10121,0.007165,232,27/2/2019,3,2,0.8,8,50,4,810513,810513
wt050_121,4.269951,4.214807,3.248614,3.248616,0.80393,0,3.061057,0.001304,23768,23799,0.001304,226,27/2/2019,3,2,0.8,8,50,4,742725,742725
wt050_006,3.530515,3.479618,2.511406,2.511409,0.742796,0,2.395803,0.002772,8298,8321,0.002772,154,27/2/2019,3,2,0.8,8,50,4,836337,836337
wt050_016,6.341171,6.276404,5.56726,5.567263,0.524287,0,5.226121,0.000118,25373,25376,0.000118,368,27/2/2019,3,2,0.8,8,50,4,738021,738021
wt050_026,1.393604,1.338515,0.844179,0.844182,0.307305,0,0.806513,0,54,54,0,57,27/2/2019,3,2,0.8,8,50,4,760041,760041
wt050_036,5.676607,5.605257,4.69648,4.696482,0.717451,0,4.438966,0.001482,10794,10810,0.001482,294,27/2/2019,3,2,0.8,8,50,4,815843,815843
wt050_046,6.094591,6.030095,5.357926,5.357928,0.501959,0,5.027488,9E-05,44452,44456,9E-05,356,27/2/2019,3,2,0.8,8,50,4,795549,795549
wt050_056,2.16989,2.104593,1.555638,1.555641,0.390503,0,1.480758,0.065056,538,573,0.065056,114,27/2/2019,3,2,0.8,8,50,4,717627,717627
wt050_066,4.932811,4.880688,3.903928,3.90393,0.835389,0,3.635476,0.000994,23138,23161,0.000994,303,27/2/2019,3,2,0.8,8,50,4,633099,633099
wt050_076,0.235552,0.207514,0,0,0,0,0,1,0,0,4.27255705194724E+180,0,27/2/2019,3,2,0.8,8,50,4,888911,0
wt050_086,5.329678,5.270125,4.37995,4.379952,0.718763,0,4.148983,0.013926,8330,8446,0.013926,307,27/2/2019,3,2,0.8,8,50,4,736219,736219
wt050_096,5.23306,5.174012,4.376237,4.37624,0.618271,0,4.162291,0.000417,50312,50333,0.000417,272,27/2/2019,3,2,0.8,8,50,4,825627,825627
wt050_106,0.178839,0.158212,0,0,0.001194,0,0,1,0,0,0,0,27/2/2019,3,2,0.8,8,50,4,762043,0
wt050_116,3.821081,3.744863,2.23678,2.236783,1.350695,0,2.121919,0.006858,11520,11599,0.006858,168,27/2/2019,3,2,0.8,8,50,4,680317,680317
wt100_001,9.363877,8.373887,5.736043,5.736047,2.299534,0.166367,3.231894,0.007544,3314,3339,0.007544,480,27/2/2019,3,2,0.8,4,100,2,222939,97366
wt100_011,22.390738,21.340061,12.77052,12.770523,8.373027,0.094204,7.118451,0.000107,93891,93901,0.000107,1231,27/2/2019,3,2,0.8,4,100,2,191272,29484
wt100_021,22.511422,21.569074,14.407035,14.407038,6.991152,0.074283,7.503908,6.8E-05,457814,457845,6.8E-05,1367,27/2/2019,3,2,0.8,4,100,2,188505,20100
wt100_031,15.525184,14.330537,10.174563,10.174566,3.816903,0.157218,6.065166,0.000314,12725,12729,0.000314,818,27/2/2019,3,2,0.8,4,100,2,229232,82359
wt100_041,32.009688,30.519849,16.207945,16.207949,14.061703,0.122719,9.627762,0.00106,237771,238023,0.00106,1268,27/2/2019,3,2,0.8,4,100,2,243409,42241
wt100_051,0.2209,0.148134,0,0,0.001345,0.144176,0,1,0,0,4.27255705194724E+180,0,27/2/2019,3,2,0.8,4,100,2,233876,0
wt100_061,29.189034,28.079948,12.103238,12.103241,15.763879,0.101186,6.92634,0.004865,45422,45643,0.004865,1047,27/2/2019,3,2,0.8,4,100,2,210064,45767
wt100_071,11.813693,10.726719,3.88837,3.888373,6.527627,0.084241,1.843525,0,327331,327331,0,296,27/2/2019,3,2,0.8,4,100,2,199291,191535
wt100_081,23.464669,22.27444,10.844794,10.844797,11.152171,0.1147,6.486985,0.146465,792,908,0.146465,942,27/2/2019,3,2,0.8,4,100,2,218142,84225
wt100_091,31.380428,30.119485,13.181991,13.181994,16.741072,0.080915,7.640112,0.003171,129605,130016,0.003171,1144,27/2/2019,3,2,0.8,4,100,2,213112,50618
wt100_101,0.200515,0.133642,0,0,0.002524,0.128175,0,1,0,0,-nan,0,27/2/2019,3,2,0.8,4,100,2,221843,0
wt100_111,30.462313,29.075574,15.563199,15.563202,13.240235,0.112896,9.642803,0.006524,84003,84551,0.006524,1202,27/2/2019,3,2,0.8,4,100,2,256596,73244
wt100_121,26.214236,24.986501,15.366793,15.366797,9.413884,0.103467,8.55844,0.000422,241954,242056,0.000422,1328,27/2/2019,3,2,0.8,4,100,2,209589,25022
wt100_006,16.200666,15.057002,9.619882,9.619885,5.153446,0.12439,5.497261,0.000685,30644,30665,0.000685,835,27/2/2019,3,2,0.8,4,100,2,217611,66271
wt100_016,25.885053,24.801264,15.277163,15.277166,9.337477,0.086804,8.12089,0.000287,209057,209117,0.000287,1375,27/2/2019,3,2,0.8,4,100,2,192589,21387
wt100_026,8.159605,6.845073,4.832281,4.832285,1.615753,0.164424,2.683468,0.210526,76,92,0.210526,321,27/2/2019,3,2,0.8,4,100,2,246057,146215
wt100_036,22.14627,20.951184,12.13766,12.137664,8.589385,0.099261,6.981631,0.001715,56575,56672,0.001715,1052,27/2/2019,3,2,0.8,4,100,2,211826,45745
wt100_046,23.90503,22.789285,13.867436,13.867439,8.719331,0.099798,7.427647,8.5E-05,422804,422840,8.5E-05,1256,27/2/2019,3,2,0.8,4,100,2,192749,20088
wt100_056,13.013677,11.82055,7.161583,7.161585,4.336559,0.142666,4.16629,0.031908,4983,5142,0.031908,568,27/2/2019,3,2,0.8,4,100,2,231394,111074
wt100_066,24.799104,23.717514,13.244364,13.244366,10.273459,0.099409,7.444385,0.001527,126406,126599,0.001527,1219,27/2/2019,3,2,0.8,4,100,2,191876,35561
wt100_076,0.210593,0.146596,0,0,0.002062,0.141924,0,1,0,0,-5.48745822257705E+303,0,27/2/2019,3,2,0.8,4,100,2,225719,0
wt100_086,27.582293,26.2057,14.825307,14.825311,11.098874,0.120062,9.051168,0.017262,36206,36831,0.017262,1186,27/2/2019,3,2,0.8,4,100,2,243170,79330
wt100_096,22.936748,21.863619,14.026653,14.026656,7.646606,0.084405,7.531575,0.000291,254140,254214,0.000291,1288,27/2/2019,3,2,0.8,4,100,2,193059,22156
wt100_106,0.209566,0.157003,0,0,0.002652,0.150836,0,1,0,0,-5.48745822257705E+303,0,27/2/2019,3,2,0.8,4,100,2,238983,0
wt100_116,30.197182,28.95891,13.878206,13.878209,14.870595,0.094729,8.024711,0.001371,191085,191347,0.001371,1148,27/2/2019,3,2,0.8,4,100,2,224961,40992
wt100_001,3.467767,3.422916,0.737364,0.737367,2.678648,0,0.344159,0.007544,3314,3339,0.007544,475,27/2/2019,3,2,0.8,7,100,2,264900,264900
wt100_011,11.711617,11.576065,3.234104,3.234106,8.3342,0,0.633256,0.000117,93890,93901,0.000117,1146,27/2/2019,3,2,0.8,7,100,2,248532,248532
wt100_021,14.655878,14.462929,7.527994,7.527997,6.929027,0,0.839906,7.4E-05,457811,457845,7.4E-05,1404,27/2/2019,3,2,0.8,7,100,2,284792,284792
wt100_031,4.734427,4.688178,1.207243,1.207246,3.472958,0,0.478637,0.000314,12725,12729,0.000314,794,27/2/2019,3,2,0.8,7,100,2,264018,264018
wt100_041,18.979588,18.763128,5.237042,5.237045,13.516844,0,0.782612,0.001211,237735,238023,0.001211,1211,27/2/2019,3,2,0.8,7,100,2,294397,294397
wt100_051,0.006053,0.00599,0,0,0.002685,0,0,1,0,0,-5.48745822257705E+303,0,27/2/2019,3,2,0.8,7,100,2,264899,0
wt100_061,18.586404,18.478355,3.418026,3.418028,15.05091,0,0.552393,0.006017,45370,45643,0.006017,1007,27/2/2019,3,2,0.8,7,100,2,243141,243141
wt100_071,13.213358,12.996796,6.975483,6.975486,6.013577,0,0.824674,0.000107,327296,327331,0.000107,1459,27/2/2019,3,2,0.8,7,100,2,263233,263233
wt100_081,12.571232,12.463163,2.068054,2.068055,10.385791,0,0.4066,0.159642,783,908,0.159642,767,27/2/2019,3,2,0.8,7,100,2,239419,239419
wt100_091,20.314899,20.164678,4.128579,4.128582,16.027343,0,0.595379,0.003574,129553,130016,0.003574,1112,27/2/2019,3,2,0.8,7,100,2,244515,244515
wt100_101,0.006549,0.006539,0,0,0.002705,0,0,1,0,0,0,0,27/2/2019,3,2,0.8,7,100,2,242850,0
wt100_111,17.118372,16.933418,4.17257,4.172573,12.754646,0,0.651363,0.007243,83943,84551,0.007243,1099,27/2/2019,3,2,0.8,7,100,2,267056,267056
wt100_121,14.694643,14.491313,5.720139,5.720141,8.763421,0,0.726304,0.000496,241936,242056,0.000496,1324,27/2/2019,3,2,0.8,7,100,2,256961,256961
wt100_006,6.081375,6.019424,1.419814,1.419816,4.595642,0,0.47925,0.000685,30644,30665,0.000685,837,27/2/2019,3,2,0.8,7,100,2,256862,256862
wt100_016,14.860126,14.682257,5.985584,5.985587,8.689025,0,0.755406,0.000301,209054,209117,0.000301,1319,27/2/2019,3,2,0.8,7,100,2,262351,262351
wt100_026,1.829468,1.796734,0.305035,0.305038,1.484188,0,0.170036,0.352941,68,92,0.352941,259,27/2/2019,3,2,0.8,7,100,2,281658,281658
wt100_036,10.570673,10.512754,2.64175,2.641752,7.862268,0,0.512332,0.002069,56555,56672,0.002069,919,27/2/2019,3,2,0.8,7,100,2,252748,252748
wt100_046,14.776052,14.538765,6.306326,6.306329,8.213361,0,0.794048,9.9E-05,422798,422840,9.9E-05,1361,27/2/2019,3,2,0.8,7,100,2,270876,270876
wt100_056,4.726104,4.685308,0.832473,0.832476,3.843972,0,0.287371,0.0344,4971,5142,0.0344,492,27/2/2019,3,2,0.8,7,100,2,255198,255198
wt100_066,14.119993,13.94128,4.208975,4.208977,9.723833,0,0.557938,0.00178,126374,126599,0.00178,1106,27/2/2019,3,2,0.8,7,100,2,229227,229227
wt100_076,0.006288,0.006261,0,0,0.003054,0,0,1,0,0,-5.48745822257705E+303,0,27/2/2019,3,2,0.8,7,100,2,249021,0
wt100_086,14.878498,14.752397,4.173256,4.173258,10.570578,0,0.63679,0.018472,36163,36831,0.018472,1091,27/2/2019,3,2,0.8,7,100,2,259902,259902
wt100_096,12.504327,12.332032,5.221122,5.221124,7.105996,0,0.647232,0.000425,254106,254214,0.000425,1220,27/2/2019,3,2,0.8,7,100,2,247454,247454
wt100_106,0.006775,0.00537,0,0,0.001925,0,0,1,0,0,-nan,0,27/2/2019,3,2,0.8,7,100,2,255687,0
wt100_116,18.861855,18.728614,4.320145,4.320147,14.400052,0,0.60628,0.001444,191071,191347,0.001444,1119,27/2/2019,3,2,0.8,7,100,2,250003,250003
wt100_001,122.994253,122.478009,115.024963,115.024966,2.291123,0,113.787445,0.007544,3314,3339,0.007544,488,27/2/2019,3,2,0.8,8,100,2,13117901,13117901
wt100_011,300.908901,299.887086,287.224115,287.224117,8.212277,0,282.475308,0.000107,93891,93901,0.000107,1229,27/2/2019,3,2,0.8,8,100,2,12307584,12307584
wt100_021,367.693318,363.915378,352.315886,352.315889,6.761628,0,346.481658,6.8E-05,457814,457845,6.8E-05,1344,27/2/2019,3,2,0.8,8,100,2,14102454,14102454
wt100_031,200.866225,200.113522,192.009326,192.009328,3.432717,0,189.471986,0.000314,12725,12729,0.000314,795,27/2/2019,3,2,0.8,8,100,2,13074242,13074242
wt100_041,324.445434,323.275581,305.039577,305.039579,13.395906,0,300.41464,0.00106,237771,238023,0.00106,1146,27/2/2019,3,2,0.8,8,100,2,14577952,14577952
wt100_051,5.044452,4.774697,0,0,0.002417,0,0,1,0,0,-5.48745822257705E+303,0,27/2/2019,3,2,0.8,8,100,2,13117801,0
wt100_061,249.667871,248.813005,229.552128,229.55213,15.198185,0,225.515281,0.004843,45423,45643,0.004843,1076,27/2/2019,3,2,0.8,8,100,2,12040679,12040679
wt100_071,334.833135,333.678668,323.573266,323.573268,5.815956,0,317.661237,9.5E-05,327300,327331,9.5E-05,1323,27/2/2019,3,2,0.8,8,100,2,13035334,13035334
wt100_081,189.424114,188.779654,174.540662,174.540664,10.331855,0,171.376736,0.146465,792,908,0.146465,865,27/2/2019,3,2,0.8,8,100,2,11856541,11856541
wt100_091,263.317555,262.336187,242.433556,242.433558,16.050937,0,238.217524,0.003163,129606,130016,0.003163,1130,27/2/2019,3,2,0.8,8,100,2,12108793,12108793
wt100_101,4.341582,4.093486,0,0,0.002303,0,0,1,0,0,0,0,27/2/2019,3,2,0.8,8,100,2,12026426,0
wt100_111,282.284946,281.323645,264.258576,264.258578,12.654483,0,259.750682,0.006524,84003,84551,0.006524,1199,27/2/2019,3,2,0.8,8,100,2,13224623,13224623
wt100_121,318.490106,317.399951,304.703725,304.703726,8.563949,0,299.172404,0.000422,241954,242056,0.000422,1350,27/2/2019,3,2,0.8,8,100,2,12724870,12724870
wt100_006,218.139012,217.389025,208.031527,208.031529,4.557733,0,205.105614,0.000685,30644,30665,0.000685,880,27/2/2019,3,2,0.8,8,100,2,12719919,12719919
wt100_016,351.324373,349.947592,336.758124,336.758126,8.673497,0,330.982761,0.000268,209061,209117,0.000268,1413,27/2/2019,3,2,0.8,8,100,2,12991675,12991675
wt100_026,68.05532,67.68102,60.853945,60.853947,1.445182,0,60.471302,0.210526,76,92,0.210526,256,27/2/2019,3,2,0.8,8,100,2,13947422,13947422
wt100_036,253.727476,252.854436,240.577229,240.577231,7.849869,0,236.539697,0.001715,56575,56672,0.001715,1054,27/2/2019,3,2,0.8,8,100,2,12516377,12516377
wt100_046,329.166926,328.037171,315.583866,315.583868,8.00829,0,310.353979,8.5E-05,422804,422840,8.5E-05,1257,27/2/2019,3,2,0.8,8,100,2,13413612,13413612
wt100_056,131.438689,130.932685,122.68366,122.683663,3.790728,0,121.175758,0.031908,4983,5142,0.031908,571,27/2/2019,3,2,0.8,8,100,2,12637652,12637652
wt100_066,256.909836,255.947465,242.48817,242.488173,9.750488,0,237.89632,0.001527,126406,126599,0.001527,1186,27/2/2019,3,2,0.8,8,100,2,11352037,11352037
wt100_076,4.618199,4.38632,0,0,0.002216,0,0,1,0,0,-5.48745822257705E+303,0,27/2/2019,3,2,0.8,8,100,2,12331739,0
wt100_086,259.180167,258.306952,243.478897,243.478917,10.469643,0,239.26606,0.017234,36207,36831,0.017234,1077,27/2/2019,3,2,0.8,8,100,2,12870500,12870500
wt100_096,298.607447,297.480364,286.655341,286.655343,6.950871,0,281.459394,0.000291,254140,254214,0.000291,1294,27/2/2019,3,2,0.8,8,100,2,12254223,12254223
wt100_106,4.418456,4.176085,0,0,0.00232,0,0,1,0,0,-5.48745822257705E+303,0,27/2/2019,3,2,0.8,8,100,2,12661807,0
wt100_116,260.428441,259.52652,241.325027,241.325028,14.261358,0,237.113336,0.001371,191085,191347,0.001371,1111,27/2/2019,3,2,0.8,8,100,2,12380449,12380449
wt100_001,6.051584,5.512599,2.049789,2.049809,3.282115,0.078437,0.942839,0.005528,1990,2001,0.005528,279,27/2/2019,3,2,0.8,4,100,4,112536,56156
wt100_011,18.730853,18.113322,3.335095,3.335097,14.652245,0.054155,1.610118,0.001673,50196,50280,0.001673,529,27/2/2019,3,2,0.8,4,100,4,100517,27689
wt100_021,15.261261,14.663961,6.756844,6.756847,7.784498,0.05306,3.172116,4.2E-05,237389,237399,4.2E-05,973,27/2/2019,3,2,0.8,4,100,4,110615,8203
wt100_031,8.405114,7.799348,2.855506,2.85551,4.77353,0.072108,1.428902,0.007062,7080,7130,0.007062,373,27/2/2019,3,2,0.8,4,100,4,114954,48135
wt100_041,17.795761,16.972608,5.418938,5.418942,11.407975,0.07011,2.942112,0.000912,126130,126245,0.000912,696,27/2/2019,3,2,0.8,4,100,4,130517,22321
wt100_051,0.13226,0.084169,0,0,0.001797,0.079773,0,1,0,0,4.27255705194724E+180,0,27/2/2019,3,2,0.8,4,100,4,117088,0
wt100_061,21.283534,20.582689,4.970836,4.970839,15.484212,0.054728,2.562597,0.007982,24805,25003,0.007982,694,27/2/2019,3,2,0.8,4,100,4,109904,29949
wt100_071,14.237386,13.582089,6.354582,6.354586,7.101067,0.053361,3.062993,0.000393,170674,170741,0.000393,882,27/2/2019,3,2,0.8,4,100,4,110391,19339
wt100_081,17.080058,16.46023,5.168934,5.168937,11.149713,0.059784,2.651934,0.091512,754,823,0.091512,691,27/2/2019,3,2,0.8,4,100,4,110587,40335
wt100_091,19.851671,19.099507,5.987707,5.98771,12.989809,0.052526,3.061146,0.001955,70582,70720,0.001955,822,27/2/2019,3,2,0.8,4,100,4,112708,21661
wt100_101,0.116804,0.077742,0,0,0,0.077702,0,1,0,0,0,0,27/2/2019,3,2,0.8,4,100,4,112075,0
wt100_111,17.942316,17.171115,7.285796,7.2858,9.733469,0.067919,4.070633,0.005427,46616,46869,0.005427,927,27/2/2019,3,2,0.8,4,100,4,131890,36069
wt100_121,17.938672,17.231247,6.317202,6.317205,10.797818,0.054039,3.212891,0.000721,127593,127685,0.000721,895,27/2/2019,3,2,0.8,4,100,4,112883,19123
wt100_006,11.930323,11.304888,3.541898,3.5419,7.661679,0.068778,1.644196,0,16893,16893,0,486,27/2/2019,3,2,0.8,4,100,4,110413,0
wt100_016,19.083163,18.418455,5.711021,5.711025,12.556923,0.060681,2.830753,0.001408,110104,110259,0.001408,850,27/2/2019,3,2,0.8,4,100,4,107113,23320
wt100_026,5.087183,4.50029,1.743844,1.743846,2.626768,0.092495,0.741277,0,141,141,0,180,27/2/2019,3,2,0.8,4,100,4,123229,0
wt100_036,17.384031,16.724816,3.963148,3.963169,12.623731,0.059559,1.987988,0.002242,30773,30842,0.002242,546,27/2/2019,3,2,0.8,4,100,4,109320,24048
wt100_046,13.861265,13.164002,6.261225,6.261228,6.80454,0.037037,3.15743,0.000164,219526,219562,0.000164,934,27/2/2019,3,2,0.8,4,100,4,109781,14692
wt100_056,8.047465,7.443183,3.357303,3.357306,3.912936,0.072551,1.686438,0.019199,3021,3079,0.019199,424,27/2/2019,3,2,0.8,4,100,4,116036,52175
wt100_066,21.477514,20.877138,4.327105,4.327109,16.428693,0.049183,2.125979,0.001766,67947,68067,0.001766,612,27/2/2019,3,2,0.8,4,100,4,103097,22571
wt100_076,0.139352,0.106265,0,0,0.002353,0.101344,0,1,0,0,0,0,27/2/2019,3,2,0.8,4,100,4,113047,0
wt100_086,18.511719,17.809623,6.237483,6.237486,11.421401,0.065561,3.399662,0.015565,21202,21532,0.015565,792,27/2/2019,3,2,0.8,4,100,4,125225,41904
wt100_096,13.430288,12.783737,6.104456,6.104459,6.560165,0.050622,2.881386,0.000606,133571,133652,0.000606,881,27/2/2019,3,2,0.8,4,100,4,104698,19124
wt100_106,0.126553,0.094341,0,0,0.00328,0.087795,0,1,0,0,4.27255705194724E+180,0,27/2/2019,3,2,0.8,4,100,4,123001,0
wt100_116,16.725588,16.040072,5.944851,5.944855,9.976971,0.043734,3.114307,0.002069,101514,101724,0.002069,801,27/2/2019,3,2,0.8,4,100,4,118051,28958
wt100_001,3.93829,3.906969,0.251758,0.25176,3.646943,0,0.078892,0.005528,1990,2001,0.005528,227,27/2/2019,3,2,0.8,7,100,4,134900,134900
wt100_011,15.822537,15.756189,0.931132,0.931133,14.814128,0,0.148993,0.001713,50194,50280,0.001713,487,27/2/2019,3,2,0.8,7,100,4,126832,126832
wt100_021,11.219429,11.073006,3.434606,3.434607,7.631152,0,0.314368,4.6E-05,237388,237399,4.6E-05,987,27/2/2019,3,2,0.8,7,100,4,144592,144592
wt100_031,4.967878,4.920478,0.4785,0.478502,4.436849,0,0.121567,0.007062,7080,7130,0.007062,370,27/2/2019,3,2,0.8,7,100,4,134418,134418
wt100_041,13.309252,13.211906,2.034072,2.034075,11.167685,0,0.250483,0.000967,126123,126245,0.000967,724,27/2/2019,3,2,0.8,7,100,4,149297,149297
wt100_051,0.006503,0.00645,0,0,0.003153,0,0,1,0,0,-5.48745822257705E+303,0,27/2/2019,3,2,0.8,7,100,4,134899,0
wt100_061,17.279545,17.156522,1.808083,1.808085,15.339391,0,0.213463,0.008389,24795,25003,0.008389,719,27/2/2019,3,2,0.8,7,100,4,124141,124141
wt100_071,9.532692,9.395882,2.691188,2.69119,6.697792,0,0.274055,0.00041,170671,170741,0.00041,901,27/2/2019,3,2,0.8,7,100,4,134033,134033
wt100_081,12.428689,12.319158,1.417297,1.4173,10.893361,0,0.176401,0.091512,754,823,0.091512,595,27/2/2019,3,2,0.8,7,100,4,122319,122319
wt100_091,15.335407,15.193294,2.456384,2.456386,12.729503,0,0.249089,0.002069,70574,70720,0.002069,854,27/2/2019,3,2,0.8,7,100,4,124915,124915
wt100_101,0.006903,0.006876,0,0,0.003397,0,0,1,0,0,0,0,27/2/2019,3,2,0.8,7,100,4,124050,0
wt100_111,11.8759,11.773447,2.465998,2.466,9.303661,0,0.294736,0.005621,46607,46869,0.005621,915,27/2/2019,3,2,0.8,7,100,4,135956,135956
wt100_121,13.111021,12.985413,2.70273,2.702732,10.277687,0,0.27251,0.000737,127591,127685,0.000737,916,27/2/2019,3,2,0.8,7,100,4,130961,130961
wt100_006,8.142096,8.081091,0.802784,0.802786,7.269326,0,0.166185,0,16893,16893,0,518,27/2/2019,3,2,0.8,7,100,4,130862,130862
wt100_016,14.484024,14.343024,2.315976,2.315978,12.019296,0,0.263093,0.001426,110102,110259,0.001426,832,27/2/2019,3,2,0.8,7,100,4,133551,133551
wt100_026,2.563141,2.533318,0.204483,0.204485,2.320156,0,0.059263,0,141,141,0,174,27/2/2019,3,2,0.8,7,100,4,143058,143058
wt100_036,13.373007,13.260133,1.13849,1.138492,12.113376,0,0.163642,0.002242,30773,30842,0.002242,536,27/2/2019,3,2,0.8,7,100,4,128948,128948
wt100_046,9.712857,9.591509,3.227725,3.227727,6.359684,0,0.30083,0.000169,219525,219562,0.000169,982,27/2/2019,3,2,0.8,7,100,4,137776,137776
wt100_056,4.171779,4.127991,0.515496,0.515498,3.604343,0,0.112275,0.019199,3021,3079,0.019199,356,27/2/2019,3,2,0.8,7,100,4,130098,130098
wt100_066,17.944615,17.836894,1.576649,1.57665,16.250332,0,0.176232,0.001914,67937,68067,0.001914,633,27/2/2019,3,2,0.8,7,100,4,117427,117427
wt100_076,0.005649,0.005613,0,0,0.002694,0,0,1,0,0,-nan,0,27/2/2019,3,2,0.8,7,100,4,127021,0
wt100_086,13.225018,13.129575,2.020303,2.020305,11.100688,0,0.246808,0.016619,21180,21532,0.016619,774,27/2/2019,3,2,0.8,7,100,4,132402,132402
wt100_096,8.938664,8.832431,2.672804,2.672806,6.152071,0,0.245547,0.000681,133561,133652,0.000681,871,27/2/2019,3,2,0.8,7,100,4,126254,126254
wt100_106,0.00695,0.005657,0,0,0.00237,0,0,1,0,0,0,0,27/2/2019,3,2,0.8,7,100,4,130287,0
wt100_116,12.107678,11.996727,2.174627,2.17463,9.814105,0,0.234436,0.002118,101509,101724,0.002118,807,27/2/2019,3,2,0.8,7,100,4,127603,127603
wt100_001,39.93924,39.718715,33.925397,33.925398,3.306115,0,33.375033,0.005528,1990,2001,0.005528,286,27/2/2019,3,2,0.8,8,100,4,6551601,6551601
wt100_011,80.738176,80.392998,63.915116,63.915119,14.358939,0,62.679418,0.001634,50198,50280,0.001634,546,27/2/2019,3,2,0.8,8,100,4,6160517,6160517
wt100_021,133.549046,132.943356,123.578015,123.578018,7.392947,0,120.803,4.2E-05,237389,237399,4.2E-05,957,27/2/2019,3,2,0.8,8,100,4,7020952,7020952
wt100_031,53.773686,53.524879,46.903108,46.903109,4.36381,0,46.008608,0.007062,7080,7130,0.007062,391,27/2/2019,3,2,0.8,8,100,4,6528146,6528146
wt100_041,100.257718,99.742481,86.755705,86.755707,10.875022,0,85.079866,0.000912,126130,126245,0.000912,686,27/2/2019,3,2,0.8,8,100,4,7248951,7248951
wt100_051,2.404303,2.261293,0,0,0.002727,0,0,1,0,0,-5.48745822257705E+303,0,27/2/2019,3,2,0.8,8,100,4,6551501,0
wt100_061,93.423005,93.019367,76.078727,76.078728,15.07402,0,74.317211,0.007982,24805,25003,0.007982,703,27/2/2019,3,2,0.8,8,100,4,6029989,6029989
wt100_071,118.746746,118.279538,109.814709,109.814712,6.602794,0,107.222702,0.000393,170674,170741,0.000393,910,27/2/2019,3,2,0.8,8,100,4,6509442,6509442
wt100_081,74.395699,74.058904,61.553509,61.553511,10.734756,0,59.87687,0.091512,754,823,0.091512,602,27/2/2019,3,2,0.8,8,100,4,5941820,5941820
wt100_091,113.13166,112.614099,98.251233,98.251235,12.698356,0,95.947827,0.001955,70582,70720,0.001955,891,27/2/2019,3,2,0.8,8,100,4,6067797,6067797
wt100_101,2.05337,1.940765,0,0,0.003474,0,0,1,0,0,-5.48745822257705E+303,0,27/2/2019,3,2,0.8,8,100,4,6025838,0
wt100_111,120.736435,120.231254,108.954103,108.954106,9.355986,0,106.337983,0.005427,46616,46869,0.005427,965,27/2/2019,3,2,0.8,8,100,4,6602762,6602762
wt100_121,114.82126,114.358246,102.409146,102.409149,10.166198,0,100.116986,0.000721,127593,127685,0.000721,874,27/2/2019,3,2,0.8,8,100,4,6360610,6360610
wt100_006,73.029763,72.681461,63.221429,63.221432,7.180134,0,61.96545,0,16893,16893,0,521,27/2/2019,3,2,0.8,8,100,4,6355659,6355659
wt100_016,121.455046,120.973175,107.06647,107.066473,11.92821,0,104.873354,0.001353,110110,110259,0.001353,816,27/2/2019,3,2,0.8,8,100,4,6485987,6485987
wt100_026,29.154852,28.913675,24.13405,24.134053,2.248635,0,23.831859,0,141,141,0,194,27/2/2019,3,2,0.8,8,100,4,6946736,6946736
wt100_036,74.230597,73.882365,59.867664,59.867666,12.000182,0,58.52465,0.002242,30773,30842,0.002242,539,27/2/2019,3,2,0.8,8,100,4,6263239,6263239
wt100_046,125.591979,125.055278,116.920975,116.920978,6.251101,0,114.405323,0.000164,219526,219562,0.000164,926,27/2/2019,3,2,0.8,8,100,4,6690731,6690731
wt100_056,53.724773,53.440222,47.903803,47.903806,3.499415,0,46.843643,0.019199,3021,3079,0.019199,415,27/2/2019,3,2,0.8,8,100,4,6318851,6318851
wt100_066,81.60338,81.253618,63.347787,63.34779,16.216414,0,62.004996,0.001766,67947,68067,0.001766,600,27/2/2019,3,2,0.8,8,100,4,5705019,5705019
wt100_076,2.183247,2.047315,0,0,0,0,0,1,0,0,0,0,27/2/2019,3,2,0.8,8,100,4,6169519,0
wt100_086,97.995567,97.614706,84.596357,84.59636,11.126425,0,82.596744,0.015277,21208,21532,0.015277,774,27/2/2019,3,2,0.8,8,100,4,6430475,6430475
wt100_096,107.422144,106.968757,99.284872,99.284874,6.035933,0,96.776818,0.000599,133572,133652,0.000599,896,27/2/2019,3,2,0.8,8,100,4,6132411,6132411
wt100_106,1.955623,1.829609,0,0,0.002821,0,0,1,0,0,-5.48745822257705E+303,0,27/2/2019,3,2,0.8,8,100,4,6327853,0
wt100_116,102.960769,102.527288,91.042431,91.042433,9.779071,0,88.913081,0.002069,101514,101724,0.002069,822,27/2/2019,3,2,0.8,8,100,4,6198025,6198025
