NameInstance,tot_real_time,tot_cputime,tot_lb,tot_lb_root,tot_heuristic,tot_build_dd,tot_pricing,rel_error,global_lower_bound,global_upper_bound,first_rel_error,nb_generated_col,date,nb_iterations_rvnd,stabilization,alpha,pricing_solver,n,m,first_size_graph,size_after_reduced_cost,mip_nb_vars,mip_nb_constr,mip_obj_bound,mip_obj_bound_lp,mip_rel_gap,mip_run_time,mip_status,mip_nb_iter_simplex,mip_nb_nodes
wt040_021,0.9383,0.855001,0.207185,0.214851,0.582839,0.019017,0.103103,0,22793,22793,0,125,10/10/2019,4,1,0.8,4,40,4,27796,1434,1434,758,16120,16120,0,0.023808,2,50,0
wt040_021,1.47907,1.386616,0.214457,0.240966,1.046769,0.020755,0.053563,4.4E-05,22792,22793,4.4E-05,127,10/10/2019,4,1,0.8,3,40,4,27796,1542,1542,812,16120,16120,0,0.058536,2,73,0
wt040_046,1.549937,1.445499,0.156292,0.162603,1.229233,0.018027,0.029768,0,19124,19124,0,96,10/10/2019,4,1,0.8,3,40,4,23302,1104,1104,593,13577,13577,0,0.018987,2,6,0
wt040_046,1.713519,1.600793,0.281206,0.294554,1.229903,0.030808,0.144868,0,19124,19124,0,88,10/10/2019,4,1,0.8,4,40,4,23302,1056,1056,569,13577,13577,0,0.023076,2,6,0
wt040_011,2.052888,1.966057,0.264297,0.312393,0.627553,0.025269,0.106364,0.000349,5735,5737,0.000349,106,10/10/2019,4,1,0.8,4,40,4,30040,4166,4166,2124,5737,5737,0,0.961654,2,0,0
wt040_021,2.267578,2.152938,1.390188,1.401414,0.696428,0.030545,0.526244,0,41048,41048,0,427,10/10/2019,4,1,0.8,3,40,2,43044,2100,2100,1091,35895,35895,0,0.00879,2,0,0
wt040_006,2.830003,2.681687,0.123774,0.141735,0.689657,0.025946,0.051228,0.000843,2372,2374,0.000843,71,10/10/2019,4,1,0.8,4,40,4,31002,5392,5392,2737,2374,2374,0,1.809137,2,8021,0
wt040_046,2.908806,2.811775,2.029591,2.048028,0.714156,0.02561,0.439368,0,34146,34146,0,628,10/10/2019,4,1,0.8,3,40,2,36270,1518,1518,800,29167,29167,0,0.008195,2,0,0
wt040_011,3.253286,3.038371,0.266341,0.290707,0.845194,0.03907,0.096099,0.000349,5735,5737,0.000349,103,10/10/2019,4,1,0.8,3,40,4,30040,4210,4210,2146,5737,5737,0,1.816374,2,7753,0
wt040_046,3.160777,3.090567,2.222324,2.244824,0.749272,0.048897,0.856082,0,34146,34146,0,482,10/10/2019,4,1,0.8,4,40,2,36270,1712,1712,897,29167,29167,0,0.024207,2,0,0
wt040_021,3.415003,3.270706,2.078448,2.091799,1.018006,0.030321,0.909293,0,41048,41048,0,436,10/10/2019,4,1,0.8,4,40,2,43044,1588,1588,835,35895,35895,0,0.109817,2,0,0
wt040_006,3.8824,3.609537,0.20777,0.240451,0.900556,0.058935,0.07018,0.000843,2372,2374,0.000843,70,10/10/2019,4,1,0.8,3,40,4,31002,5726,5726,2904,2374,2374,0,2.366621,2,11262,1
wt040_026,4.289612,4.046213,0.19992,0.280812,0.318086,0.03628,0.052502,0,88,88,0,58,10/10/2019,4,1,0.8,4,40,4,34326,15208,15208,7645,88,88,0,3.373418,2,1442,0
wt040_016,5.101004,4.927801,0.238919,0.265221,1.528797,0.043259,0.114072,0.000698,21482,21497,0.000698,81,10/10/2019,4,1,0.8,4,40,4,32854,3938,3938,2010,20923,20923,0,3.051452,2,18597,1
wt040_066,2.213325,2.145387,0.226356,0.253456,1.336494,0.049661,0.070805,0.000296,20247,20253,0.000296,113,10/10/2019,4,1,0.8,3,40,4,36038,2414,2414,1248,17549,17549,0,0.46923,2,1268,0
wt040_066,1.80807,1.755615,0.226792,0.235446,1.147172,0.034323,0.106409,0.000296,20247,20253,0.000296,125,10/10/2019,4,1,0.8,4,40,4,36038,2308,2308,1195,17549,17549,0,0.320494,2,1104,0
wt040_026,6.13893,5.773629,0.227356,0.361717,0.476783,0.045289,0.02726,0,88,88,0,55,10/10/2019,4,1,0.8,3,40,4,34326,16102,16102,8092,88,88,0,4.796632,2,1845,0
wt040_041,6.570234,6.397272,2.144496,2.193388,1.057833,0.074315,0.822293,0.000227,30798,30805,0.000227,450,10/10/2019,4,1,0.8,3,40,2,62304,5236,5236,2659,29724,29724,0,3.026604,2,4067,1
wt040_071,1.082519,1.018224,0.186096,0.20016,0.58692,0.015268,0.057651,7.5E-05,26740,26742,7.5E-05,142,10/10/2019,4,1,0.8,3,40,4,29674,1800,1800,941,21316,21316,0,0.20072,2,1786,0
wt040_041,6.813698,6.698411,2.530418,2.552465,1.089882,0.07397,1.195732,0.000227,30798,30805,0.000227,468,10/10/2019,4,1,0.8,4,40,2,62304,4626,4626,2354,29724,29724,0,2.955607,2,3279,1
wt040_071,1.88899,1.810928,0.355965,0.364778,1.005285,0.025814,0.161106,7.5E-05,26740,26742,7.5E-05,140,10/10/2019,4,1,0.8,4,40,4,29674,1790,1790,936,21316,21316,0,0.392411,2,2411,0
wt040_016,7.773823,7.642682,0.119153,0.135938,1.042623,0.023456,0.032286,0.000838,21479,21497,0.000838,74,10/10/2019,4,1,0.8,3,40,4,32854,4270,4270,2176,20923,20923,0,6.422366,2,25941,1
wt040_001,15.090046,14.632199,0.233587,0.344297,0.901498,0.051156,0.048883,0.002283,438,439,0.002283,39,10/10/2019,4,1,0.8,3,40,4,31944,11464,11464,5773,439,439,0,13.276839,2,36922,1
wt040_086,4.419949,4.294397,0.310134,0.341044,1.494035,0.047293,0.114658,0.004239,4718,4738,0.004239,111,10/10/2019,4,1,0.8,3,40,4,37124,3074,3074,1578,4311.999999,4312,0,2.382941,2,11040,1
wt040_071,15.143648,15.01082,1.571361,1.629293,0.928787,0.046877,0.418667,0.000396,47933,47952,0.000396,419,10/10/2019,4,1,0.8,3,40,2,52008,6090,6090,3086,42842,42842,0,12.368491,2,38475,1
wt040_001,22.060156,21.554615,0.196548,0.278711,0.896006,0.038664,0.052518,0.002283,438,439,0.002283,42,10/10/2019,4,1,0.8,4,40,4,31944,11392,11392,5737,439,439,0,20.300653,2,38932,1
wt040_086,3.712141,3.584852,0.418516,0.438494,2.043819,0.042739,0.226404,0.004026,4719,4738,0.004026,115,10/10/2019,4,1,0.8,4,40,4,37124,2844,2844,1463,4312,4312,0,1.027182,2,4463,1
wt040_091,4.158948,3.993815,1.870977,1.899615,1.43501,0.075728,0.719498,0.000345,26066,26075,0.000345,401,10/10/2019,4,1,0.8,3,40,2,70494,2896,2896,1489,23368,23368,0,0.552792,2,308,0
wt040_091,3.068733,2.960362,0.483435,0.50422,0.97892,0.043285,0.202244,0.000964,15554,15569,0.000964,171,10/10/2019,4,1,0.8,3,40,4,37848,2996,2996,1539,12519,12519,0,1.403873,2,7525,1
wt040_091,2.675549,2.530341,0.639199,0.668383,0.942346,0.048438,0.351243,0.000771,15557,15569,0.000771,192,10/10/2019,4,1,0.8,4,40,4,37848,2624,2624,1353,12519,12519,0,0.846874,2,4055,0
wt040_091,4.541342,4.372988,2.432759,2.451949,1.415678,0.073861,1.278943,0,26075,26075,0,436,10/10/2019,4,1,0.8,4,40,2,70494,2162,2162,1122,23372,23372,0,0.409125,2,7,0
wt040_011,26.90648,26.489642,1.421216,1.506235,0.723383,0.059246,0.773773,0.002606,9592,9617,0.002606,257,10/10/2019,4,1,0.8,4,40,2,54204,11696,11696,5889,9617,9617,0,24.151899,2,42716,1
wt040_071,22.278055,22.114948,1.684163,1.724125,0.933052,0.054479,0.754612,0.000355,47935,47952,0.000355,382,10/10/2019,4,1,0.8,4,40,2,52008,5568,5568,2825,42842,42842,0,19.366827,2,43665,1
wt040_096,2.182605,2.107197,0.303104,0.326012,0.98645,0.035819,0.122521,8.3E-05,36265,36268,8.3E-05,98,10/10/2019,4,1,0.8,3,40,4,36762,2128,2128,1105,29106,29106,0,0.737017,2,4076,0
wt040_096,2.064459,1.962436,0.309378,0.331404,1.005146,0.027696,0.174855,5.5E-05,36266,36268,5.5E-05,79,10/10/2019,4,1,0.8,4,40,4,36762,1846,1846,964,29106,29106,0,0.574762,2,2343,1
wt040_011,33.165129,32.831269,1.000548,1.100114,0.641237,0.062523,0.429504,0.002606,9592,9617,0.002606,266,10/10/2019,4,1,0.8,3,40,2,54204,11688,11688,5885,9617,9617,0,30.950899,2,67599,1
wt040_096,10.546847,10.428408,1.714806,1.774624,0.852975,0.065881,0.558052,0.000242,66101,66117,0.000242,403,10/10/2019,4,1,0.8,3,40,2,66556,5900,5900,2991,59611,59611,0,7.676077,2,16727,0
wt040_096,11.069681,10.906557,1.876874,1.91213,0.571487,0.037205,0.970296,0.000106,66110,66117,0.000106,424,10/10/2019,4,1,0.8,4,40,2,66556,5288,5288,2685,59611,59611,0,8.352985,2,23882,1
wt040_006,38.463631,37.913928,1.136813,1.26256,0.60974,0.070205,0.46376,0.002839,3875,3886,0.002839,263,10/10/2019,4,1,0.8,3,40,2,60474,15912,15912,7997,3886,3886,0,35.889211,2,49509,1
wt040_081,35.020296,34.878823,0.283377,0.349804,1.182539,0.017216,0.117179,0.1,540,594,0.1,117,10/10/2019,4,1,0.8,4,40,4,35818,9868,9868,4975,564,564,0,33.320147,2,43368,97
wt040_081,51.67959,51.469175,0.212809,0.269213,0.860866,0.036242,0.043838,0.104089,538,594,0.104089,124,10/10/2019,4,1,0.8,3,40,4,35818,10198,10198,5140,564,564,0,50.311325,2,61219,218
wt040_056,62.372616,61.964815,0.303402,0.420471,0.631744,0.043877,0.055109,0.035088,798,826,0.035088,81,10/10/2019,4,1,0.8,3,40,4,33796,15550,15550,7816,826,826,0,60.830941,2,111876,1
wt040_121,5.503978,5.336016,2.062722,2.111137,0.894364,0.06629,0.987532,0.000186,64507,64519,0.000186,405,10/10/2019,4,1,0.8,4,40,2,66244,4108,4108,2095,55747,55747,0,2.220388,2,4436,1
wt040_056,69.458242,68.88239,0.984737,1.2542,0.523676,0.077345,0.429969,0.011867,1264,1279,0.011867,179,10/10/2019,4,1,0.8,4,40,2,65080,30278,30278,15180,1279,1279,0,66.924912,2,69274,1
wt040_111,39.231692,39.014976,0.418571,0.489929,1.475473,0.054898,0.201421,0.005262,11212,11271,0.005262,125,10/10/2019,4,1,0.8,4,40,4,40338,6728,6728,3405,8899,8899,0,36.988307,2,62893,417
wt040_061,70.815092,70.566325,0.37163,0.416767,1.53652,0.044461,0.179137,0.006152,7315,7360,0.006152,114,10/10/2019,4,1,0.8,4,40,4,35688,6180,6180,3131,7146,7146,0,68.575805,2,143077,1378
wt040_006,76.222998,75.653883,1.272444,1.426366,0.689994,0.053201,0.692327,0.002839,3875,3886,0.002839,214,10/10/2019,4,1,0.8,4,40,2,60474,15094,15094,7588,3886,3886,0,73.502026,2,137226,6
wt040_121,23.963861,23.753171,1.6666,1.740151,0.914314,0.057169,0.601606,0.000434,64491,64519,0.000434,408,10/10/2019,4,1,0.8,3,40,2,66244,7440,7440,3761,55747,55747,0,20.993408,2,55874,1
wt040_121,18.057714,17.835155,0.268227,0.320701,1.137926,0.032046,0.087804,0.000784,35736,35764,0.000784,106,10/10/2019,4,1,0.8,3,40,4,36678,6262,6262,3172,26338,26338,0,16.342579,2,49650,87
wt040_111,66.647923,66.428917,0.42758,0.497681,1.501887,0.047775,0.174548,0.007329,11189,11271,0.007329,136,10/10/2019,4,1,0.8,3,40,4,40338,8550,8550,4316,8899,8899,0,64.338539,2,118584,940
wt040_111,67.859986,67.57998,2.373417,2.447794,1.150397,0.067886,1.331205,0.003017,17897,17951,0.003017,385,10/10/2019,4,1,0.8,4,40,2,77258,8104,8104,4093,16538,16538,0,63.910552,2,90570,461
wt040_121,27.559089,27.414701,0.437021,0.490753,1.164196,0.04508,0.228757,0.0007,35739,35764,0.0007,128,10/10/2019,4,1,0.8,4,40,4,36678,5712,5712,2897,26338,26338,0,25.684591,2,58029,204
wt040_056,114.134494,113.828405,0.31545,0.442974,0.653228,0.039418,0.091928,0.035088,798,826,0.035088,79,10/10/2019,4,1,0.8,4,40,4,33796,15546,15546,7814,826,826,0,112.647044,2,147543,179
wt040_061,117.770208,117.519583,0.278549,0.344957,1.557178,0.043597,0.070383,0.00684,7310,7360,0.00684,139,10/10/2019,4,1,0.8,3,40,4,35688,6682,6682,3382,7146,7146,0,115.60887,2,200629,1927
wt040_111,95.003749,94.685456,1.782549,1.86017,1.212115,0.085282,0.804985,0.003578,17887,17951,0.003578,350,10/10/2019,4,1,0.8,3,40,2,77258,9246,9246,4664,16538,16538,0,91.518,2,103320,517
wt040_026,131.880631,130.827692,0.934433,1.33259,0.307415,0.077852,0.351308,0.060976,82,87,0.060976,123,10/10/2019,4,1,0.8,4,40,2,68770,37970,37970,19026,87,87,0,128.868429,2,49260,0
wt040_116,105.121415,104.820793,0.479586,0.56722,0.992255,0.038735,0.167498,0.003992,15533,15595,0.003992,178,10/10/2019,4,1,0.8,3,40,4,35244,7826,7826,3954,11895,11895,0,103.294534,2,151839,906
wt040_116,109.297212,109.047185,0.334565,0.369323,0.626553,0.01297,0.150964,0.003604,15539,15595,0.003604,177,10/10/2019,4,1,0.8,4,40,4,35244,7334,7334,3708,11895,11894.006061,0,108.118664,2,143912,1143
wt040_041,156.244427,155.859628,0.382321,0.408478,1.008379,0.03963,0.089056,0.003629,17634,17698,0.003629,234,10/10/2019,4,1,0.8,3,40,4,34842,8354,8354,4218,15815,15815,0,154.526166,2,193918,1207
wt050_016,4.175786,4.01028,1.253143,1.269618,1.806308,0.064383,0.366282,0.000118,25373,25376,0.000118,342,10/10/2019,4,1,0.8,3,50,4,47350,2590,2590,1346,25316,25316,0,0.841684,2,4853,0
wt050_016,3.006643,2.871025,1.132803,1.144806,1.178143,0.035753,0.471024,0.000118,25373,25376,0.000118,344,10/10/2019,4,1,0.8,4,50,4,47350,2526,2526,1314,25316,25316,0,0.498958,2,4339,0
wt040_026,168.48462,167.726836,0.392784,0.596134,0.322788,0.039766,0.077875,0.060976,82,87,0.060976,119,10/10/2019,4,1,0.8,3,40,2,68770,38052,38052,19067,87,87,0,166.480749,2,68757,0
wt050_021,15.051229,14.806471,2.612116,2.672751,1.913417,0.077987,0.996234,6.3E-05,111064,111071,6.3E-05,509,10/10/2019,4,1,0.8,3,50,2,87068,6926,6926,3514,101720,101720,0,10.071645,2,18021,0
wt050_021,10.892449,10.658731,3.259039,3.306314,1.994485,0.07142,1.770845,3.6E-05,111067,111071,3.6E-05,488,10/10/2019,4,1,0.8,4,50,2,87068,5548,5548,2825,101720,101720,0,5.22673,2,5782,0
wt050_021,2.629064,2.515282,0.568119,0.585176,1.292457,0.035981,0.272853,3.4E-05,59440,59442,3.4E-05,175,10/10/2019,4,1,0.8,4,50,4,53390,3034,3034,1568,47766,47766,0,0.581935,2,3809,0
wt050_021,4.45215,4.261273,0.763521,0.76841,2.297171,0.048868,0.278439,3.4E-05,59440,59442,3.4E-05,188,10/10/2019,4,1,0.8,3,50,4,53390,3000,3000,1551,47766,47766,0,1.107705,2,5762,0
wt050_001,150.518218,150.062345,0.389897,0.528655,0.743784,0.038533,0.116079,0.010296,777,785,0.010296,85,10/10/2019,4,1,0.8,3,50,4,55434,25928,25928,13015,785,785,0,148.694442,2,111967,1
wt050_011,104.105158,103.733379,0.651742,0.731092,2.077266,0.062222,0.228164,0.00101,12871,12884,0.00101,151,10/10/2019,4,1,0.8,3,50,4,49200,8704,8704,4403,12879,12879,0,100.903118,2,109660,153
wt040_086,231.185696,230.91447,2.472566,2.539648,1.469946,0.073849,1.461389,0.008839,5996,6049,0.008839,347,10/10/2019,4,1,0.8,4,40,2,70374,8738,8738,4410,5989,5989,0,226.835833,2,320899,1469
wt050_026,16.000848,15.774572,0.339522,0.464131,0.603194,0.054948,0.081117,0,54,54,0,54,10/10/2019,4,1,0.8,3,50,4,51932,24370,24370,12236,54,54,0,14.563311,2,10601,0
wt050_011,117.20422,116.949931,0.831864,0.92855,2.102976,0.075139,0.389734,0.00101,12871,12884,0.00101,148,10/10/2019,4,1,0.8,4,50,4,49200,8730,8730,4416,12879,12879,0,113.836125,2,109023,79
wt050_031,7.32579,7.078563,0.515254,0.629362,1.989932,0.097917,0.147277,0,3061,3061,0,96,10/10/2019,4,1,0.8,3,50,4,54852,12422,12422,6262,3061,3061,0,4.267154,2,2165,0
wt050_026,28.767875,28.348722,0.532617,0.766007,0.899542,0.07366,0.151949,0,54,54,0,47,10/10/2019,4,1,0.8,4,50,4,51932,24370,24370,12236,54,54,0,26.507652,2,10601,0
wt050_031,9.294368,8.99042,0.655844,0.759328,1.973733,0.082539,0.283931,0,3061,3061,0,100,10/10/2019,4,1,0.8,4,50,4,54852,11342,11342,5722,3061,3061,0,6.126277,2,2000,0
wt050_001,195.844173,195.331923,0.684492,0.898609,1.125126,0.075875,0.241052,0.010296,777,785,0.010296,82,10/10/2019,4,1,0.8,4,50,4,55434,25918,25918,13010,785,785,0,193.132278,2,124417,1
wt050_036,37.162377,36.902672,1.041611,1.096887,2.167835,0.073714,0.402563,0.001482,10794,10810,0.001482,258,10/10/2019,4,1,0.8,3,50,4,56874,7050,7050,3576,10796,10795.456208,0,33.519283,2,56722,164
wt050_036,4.9711,4.776828,0.962983,0.989788,1.446855,0.041825,0.48216,0.001482,10794,10810,0.001482,253,10/10/2019,4,1,0.8,4,50,4,56874,6752,6752,3427,10796,10796,0,2.263203,2,10462,1
wt040_041,374.964011,374.567332,0.757802,0.840234,0.957904,0.055305,0.374511,0.003629,17634,17698,0.003629,215,10/10/2019,4,1,0.8,4,40,4,34842,8284,8284,4183,15815,15815,0,372.810775,2,576356,2766
wt040_086,377.694091,377.261006,1.302013,1.387879,1.476746,0.07284,0.451726,0.009513,5992,6049,0.009513,342,10/10/2019,4,1,0.8,3,40,2,70374,9054,9054,4568,5989,5988.001181,0,374.525081,2,530669,2790
wt050_026,285.268794,284.451333,1.445842,1.903147,0.919152,0.131727,0.635142,0,26,26,0,140,10/10/2019,4,1,0.8,4,50,2,102546,51870,51870,25986,26,26,0,281.207735,2,60602,0
wt040_031,514.892028,514.160337,0.256354,0.311499,0.880252,0.048906,0.058558,0.014853,2491,2528,0.014853,95,10/10/2019,4,1,0.8,3,40,4,36434,9232,9232,4657,2525,2525,0,513.248738,2,1169158,883
wt050_041,131.466283,131.138967,0.975152,1.037895,3.653774,0.08747,0.470361,0.001239,21783,21810,0.001239,162,10/10/2019,4,1,0.8,3,50,4,54714,7772,7772,3937,20117,20117,0,126.35032,2,178617,563
wt040_036,563.248476,562.787803,1.147039,1.240244,1.594911,0.103929,0.46393,0.004783,10662,10713,0.004783,290,10/10/2019,4,1,0.8,3,40,2,63816,10814,10814,5448,10713,10713,0,559.978365,2,687833,2134
wt050_026,382.599438,381.797758,1.046489,1.463209,0.571764,0.124269,0.320851,0,26,26,0,127,10/10/2019,4,1,0.8,3,50,2,102546,51878,51878,25990,26,26,0,379.338395,2,86586,0
wt050_046,4.310766,4.129987,1.63759,1.674266,1.120771,0.039044,0.588661,9E-05,44452,44456,9E-05,356,10/10/2019,4,1,0.8,3,50,4,49678,3624,3624,1863,36078,36078,0,1.264185,2,8205,0
wt050_046,3.284513,3.155204,1.190784,1.200818,1.122828,0.039244,0.542295,9E-05,44452,44456,9E-05,328,10/10/2019,4,1,0.8,4,50,4,49678,3466,3466,1784,36078,36078,0,0.767381,2,7478,0
wt050_041,103.246459,102.930829,0.981357,1.047551,3.634085,0.081777,0.521918,0.001239,21783,21810,0.001239,165,10/10/2019,4,1,0.8,4,50,4,54714,7758,7758,3930,20117,20116.231264,0,98.174658,2,189887,577
wt040_031,623.585489,622.866419,0.388908,0.446887,0.84961,0.044254,0.201062,0.012821,2496,2528,0.012821,89,10/10/2019,4,1,0.8,4,40,4,36434,8976,8976,4529,2525,2525,0,621.857173,2,1460895,1006
wt050_046,128.724028,128.372108,3.427604,3.516904,1.228307,0.070223,1.375186,0.000305,82082,82107,0.000305,576,10/10/2019,4,1,0.8,3,50,2,85366,10404,10404,5253,74851,74850.042493,0,123.52215,2,241911,550
wt050_046,156.607354,156.249798,4.255768,4.362837,1.979872,0.090216,2.186019,0.00028,82084,82107,0.00028,605,10/10/2019,4,1,0.8,4,50,2,85366,10048,10048,5075,74851,74851,0,149.777228,2,222595,302
wt040_056,790.575832,789.757042,0.767405,0.981336,0.567146,0.06795,0.220654,0.011867,1264,1279,0.011867,184,10/10/2019,4,1,0.8,3,40,2,65080,28908,28908,14495,1279,1279,0,788.161124,2,920857,513
wt050_041,419.895565,419.247685,4.278943,4.422829,2.525756,0.125923,2.692484,0.002555,37961,38058,0.002555,449,10/10/2019,4,1,0.8,4,50,2,101166,17430,17430,8766,37395,37395,0,412.237826,2,173256,117
wt050_011,707.990355,707.52455,3.578435,3.757258,1.500635,0.105189,1.987273,0.001304,23000,23030,0.001304,429,10/10/2019,4,1,0.8,4,50,2,93294,17962,17962,9032,23028,23028,0,702.124988,2,354866,572
wt050_066,24.89785,24.586255,3.801935,3.86998,2.850692,0.091443,1.405616,0.000465,40895,40914,0.000465,615,10/10/2019,4,1,0.8,3,50,2,83396,7278,7278,3690,38231,38231,0,17.706467,2,43120,0
wt050_011,744.647641,743.821897,2.345504,2.51626,2.431572,0.116195,0.953786,0.001304,23000,23030,0.001304,408,10/10/2019,4,1,0.8,3,50,2,93294,17930,17930,9016,23028,23028,0,739.134274,2,416107,745
wt040_036,862.810842,862.191858,0.621536,0.724645,1.231635,0.051007,0.345824,0.011644,6355,6429,0.011644,128,10/10/2019,4,1,0.8,4,40,4,35704,8712,8712,4397,6420,6420,0,860.446333,2,1919160,15278
wt050_066,11.447019,11.178594,4.581668,4.638418,2.791083,0.0993,2.202561,0.000244,40904,40914,0.000244,612,10/10/2019,4,1,0.8,4,50,2,83396,5066,5066,2584,38231,38231,0,3.599556,2,7251,0
wt050_071,6.819931,6.614593,4.835314,4.85443,1.386126,0.059088,2.305,1.3E-05,78532,78533,1.3E-05,724,10/10/2019,4,1,0.8,3,50,2,95066,2974,2974,1538,71611,71611,0,0.291294,2,0,0
wt050_066,10.359696,10.140893,1.069226,1.108436,2.494017,0.064137,0.491601,0.000648,23138,23153,0.000648,229,10/10/2019,4,1,0.8,4,50,4,45578,5214,5214,2658,19408,19408,0,6.43195,2,22529,1
wt050_066,13.924129,13.710636,0.94529,0.995078,1.615113,0.061706,0.347924,0.000951,23131,23153,0.000951,227,10/10/2019,4,1,0.8,3,50,4,45578,6354,6354,3228,19407.999997,19408,0,10.975569,2,31983,1
wt050_071,18.330847,18.059045,6.142717,6.206412,1.649255,0.099528,3.095783,0,78533,78533,0,733,10/10/2019,4,1,0.8,4,50,2,95066,6702,6702,3402,71611,71611,0,10.047359,2,16253,0
wt050_071,86.778909,86.498378,0.898956,0.975546,2.764185,0.07532,0.472279,0.000751,42625,42657,0.000751,160,10/10/2019,4,1,0.8,4,50,4,53482,8956,8956,4529,35388,35388,0,82.648233,2,75915,120
wt050_016,825.665656,825.17791,3.147598,3.26548,2.093292,0.105443,1.701319,0.001326,46011,46072,0.001326,446,10/10/2019,4,1,0.8,4,50,2,81842,13746,13746,6924,46072,46072,0,819.781767,2,595644,1087
wt050_071,139.036466,138.719231,0.71449,0.809315,2.799094,0.061057,0.259499,0.000868,42620,42657,0.000868,170,10/10/2019,4,1,0.8,3,50,4,53482,9570,9570,4836,35388,35388,0,135.033776,2,133101,222
wt040_036,1044.711157,1043.590119,0.358019,0.454568,1.194805,0.040752,0.140064,0.012122,6352,6429,0.012122,131,10/10/2019,4,1,0.8,3,40,4,35704,8792,8792,4437,6420,6420,0,1042.786012,2,1657174,15023
wt050_006,962.058369,961.38371,0.604836,0.707655,2.13225,0.065693,0.189733,0.00229,8298,8317,0.00229,124,10/10/2019,4,1,0.8,3,50,4,55040,14238,14238,7170,8317,8317,0,958.751789,2,881194,615
wt040_036,1067.884921,1067.50322,1.469707,1.506058,1.512252,0.081448,0.791461,0.004783,10662,10713,0.004783,273,10/10/2019,4,1,0.8,4,40,2,63816,10814,10814,5448,10713,10713,0,1064.499881,2,1317231,2530
wt050_081,211.657459,210.759641,2.678055,3.113296,1.526137,0.152578,1.21878,0.007435,538,542,0.007435,308,10/10/2019,4,1,0.8,3,50,2,120912,54476,54476,27289,542,542,0,205.600352,2,103947,0
wt050_081,151.232014,150.349475,3.741254,4.198247,1.609324,0.145103,2.174794,0.007435,538,542,0.007435,316,10/10/2019,4,1,0.8,4,50,2,120912,54482,54482,27292,542,542,0,143.993439,2,101878,0
wt050_006,1074.214514,1073.723669,0.752355,0.862061,2.200973,0.082219,0.356133,0.00229,8298,8317,0.00229,121,10/10/2019,4,1,0.8,4,50,4,55040,14188,14188,7145,8317,8317,0,1070.726862,2,1131575,1206
wt050_091,78.147386,77.792652,0.737449,0.834112,3.265204,0.087218,0.284835,0.001733,26539,26585,0.001733,137,10/10/2019,4,1,0.8,3,50,4,61292,10870,10870,5486,21536,21536,0,73.586168,2,138372,17
wt050_041,878.80797,877.981059,2.490502,2.704188,2.493789,0.114516,1.082008,0.004169,37900,38058,0.004169,426,10/10/2019,4,1,0.8,3,50,2,101166,22746,22746,11424,37395,37395,0,872.878995,2,398950,242
wt050_091,60.231631,59.887785,0.852634,0.936893,3.641073,0.073957,0.446435,0.001469,26546,26585,0.001469,133,10/10/2019,4,1,0.8,4,50,4,61292,10022,10022,5062,21536,21536,0,55.18808,2,88925,54
wt050_096,54.45366,54.127477,1.303273,1.373726,1.900635,0.08719,0.587067,0.000417,50312,50333,0.000417,262,10/10/2019,4,1,0.8,3,50,4,58258,7050,7050,3576,41875,41875,0,50.752403,2,136746,484
wt050_096,160.548668,160.219632,3.665161,3.727428,2.268742,0.133573,2.109629,0.000356,92800,92833,0.000356,517,10/10/2019,4,1,0.8,3,50,2,105002,11180,11180,5641,84925,84925,0,154.073464,2,198043,282
wt050_096,76.273431,75.963747,1.455051,1.515087,1.969669,0.063298,0.778791,0.000417,50312,50333,0.000417,262,10/10/2019,4,1,0.8,4,50,4,58258,6852,6852,3477,41875,41875,0,72.403256,2,173773,882
wt050_086,331.308843,330.685129,1.801534,1.915828,2.552596,0.093364,0.911271,0.0149,8322,8446,0.0149,298,10/10/2019,4,1,0.8,3,50,4,58606,14108,14108,7105,7637,7637,0,326.258671,2,341821,3709
wt040_116,1389.707944,1389.209704,1.911895,2.020471,1.060146,0.080245,0.679897,0.005127,25744,25876,0.005127,415,10/10/2019,4,1,0.8,3,40,2,65040,13896,13896,6989,22359,22358.003084,0,1386.223348,2,1082252,5625
wt040_031,1465.527867,1464.905315,1.364196,1.496587,0.847528,0.093868,0.706541,0.014369,3758,3812,0.014369,276,10/10/2019,4,1,0.8,3,40,2,70274,23130,23130,11606,3812,3812,0,1462.62423,2,640710,810
wt050_111,96.29826,95.952957,1.308324,1.426815,3.271089,0.092892,0.611051,0.006471,10045,10110,0.006471,218,10/10/2019,4,1,0.8,3,50,4,64354,11248,11248,5675,7428,7428,0,91.105753,2,60851,250
wt050_086,428.54503,428.049698,1.941621,2.106121,2.580934,0.083091,0.998342,0.013926,8330,8446,0.013926,289,10/10/2019,4,1,0.8,4,50,4,58606,16488,16488,8295,7636.999993,7636.999994,0,423.304276,2,389071,2998
wt050_096,311.626432,311.24081,4.924527,5.027204,2.275182,0.108755,3.126714,0.000334,92802,92833,0.000334,498,10/10/2019,4,1,0.8,4,50,2,105002,10394,10394,5248,84925,84925,0,303.85189,2,292566,616
wt050_111,87.144018,86.83315,1.417118,1.501019,3.301391,0.090255,0.75631,0.006271,10047,10110,0.006271,218,10/10/2019,4,1,0.8,4,50,4,64354,10556,10556,5329,7428,7428,0,81.867353,2,76714,426
wt050_121,13.028304,12.737912,4.312491,4.377753,3.468693,0.116458,1.588907,0.000216,41696,41705,0.000216,648,10/10/2019,4,1,0.8,3,50,2,96034,5344,5344,2723,37050,37050,0,4.716913,2,7923,0
wt050_121,14.632557,14.339835,6.515345,6.56516,3.547675,0.109627,3.893997,0.000216,41696,41705,0.000216,621,10/10/2019,4,1,0.8,4,50,2,96034,5214,5214,2658,37050,37050,0,4.065656,2,10894,0
wt050_091,488.116154,487.608475,4.636584,4.786971,2.509566,0.144068,2.390593,0.001269,47289,47349,0.001269,532,10/10/2019,4,1,0.8,3,50,2,113976,16140,16140,8121,42748,42748,0,480.091746,2,398219,401
wt050_121,162.759118,162.399028,0.842068,0.904612,3.117393,0.089195,0.373576,0.001304,23768,23799,0.001304,168,10/10/2019,4,1,0.8,3,50,4,53116,7608,7608,3855,18765,18765,0,158.311763,2,272760,1268
wt050_091,611.169659,610.439513,5.995618,6.122155,2.462764,0.126534,3.732289,0.001163,47294,47349,0.001163,531,10/10/2019,4,1,0.8,4,50,2,113976,15216,15216,7659,42748,42748,0,601.860955,2,590882,1034
wt040_016,1719.327276,1718.38916,1.405762,1.467433,0.6079,0.026881,0.755296,0.002169,38273,38356,0.002169,332,10/10/2019,4,1,0.8,4,40,2,56874,11060,11060,5571,38356,38356,0,1716.936098,2,1975037,8108
wt050_111,379.60717,379.073445,6.593171,6.725122,2.369384,0.137405,3.790434,0.004504,15543,15613,0.004504,623,10/10/2019,4,1,0.8,4,50,2,122094,16542,16542,8322,13043,13043,0,369.799823,2,306867,532
wt040_016,1759.94735,1759.338366,1.533759,1.634984,0.997821,0.063458,0.655359,0.002169,38273,38356,0.002169,337,10/10/2019,4,1,0.8,3,40,2,56874,11144,11144,5613,38356,38356,0,1756.982785,2,1801332,7700
wt050_121,213.221204,212.922109,1.140968,1.218679,3.102259,0.062611,0.634414,0.001262,23769,23799,0.001262,168,10/10/2019,4,1,0.8,4,50,4,53116,7490,7490,3796,18765,18765,0,208.540051,2,305719,1044
wt040_001,1802.788544,1801.260582,0.948481,1.132055,0.45875,0.070105,0.324116,0.037671,584,606,0.037671,168,10/10/2019,4,1,0.8,3,40,2,63342,29276,29276,14679,585,584.785714,0.034653,1800.01025,9,816062,902
wt040_001,1802.935248,1801.470235,1.085838,1.363665,0.453907,0.055266,0.485679,0.037671,584,606,0.037671,174,10/10/2019,4,1,0.8,4,40,2,63342,29274,29274,14678,592,591.469164,0.023102,1800.009203,9,728145,512
wt040_031,1803.113665,1801.958919,1.216284,1.484063,0.74411,0.051737,0.668097,0.014369,3758,3812,0.014369,237,10/10/2019,4,1,0.8,4,40,2,70274,23848,23848,11965,3779,3778.301924,0.008657,1800.024139,9,644801,411
wt040_061,1803.043112,1802.367054,1.341104,1.42216,1.237583,0.096166,0.680053,0.016717,11306,11495,0.016717,327,10/10/2019,4,1,0.8,4,40,2,66652,20262,20262,10172,11336,11335.380952,0.013317,1800.005023,9,1076022,4142
wt040_061,1803.178678,1802.439531,1.28101,1.477148,1.180251,0.075308,0.397472,0.017887,11293,11495,0.017887,324,10/10/2019,4,1,0.8,3,40,2,66652,21088,21088,10585,11334,11333.899478,0.014006,1800.002985,9,870578,3345
wt040_066,1803.106219,1802.514535,1.205772,1.380908,1.319246,0.068968,0.396035,0.004499,35121,35279,0.004499,298,10/10/2019,4,1,0.8,3,40,2,67632,16640,16640,8361,32947,32946.69397,0.002935,1800.027925,9,1098713,2647
wt040_066,1803.426106,1802.830674,1.590699,1.728639,1.23311,0.067149,0.774189,0.004241,35130,35279,0.004241,288,10/10/2019,4,1,0.8,4,40,2,67632,15854,15854,7968,32943,32942.989791,0.003057,1800.033233,9,1142712,3029
wt040_081,1803.05615,1802.411816,1.043482,1.315785,1.136932,0.07752,0.338715,0.339246,451,604,0.339246,244,10/10/2019,4,1,0.8,3,40,2,65528,27258,27258,13670,518,517.113618,0.136667,1800.032657,9,512792,601
wt040_081,1803.326263,1802.547411,1.287362,1.54634,1.135199,0.070206,0.576139,0.339246,451,604,0.339246,232,10/10/2019,4,1,0.8,4,40,2,65528,27282,27282,13682,511,510.620534,0.148333,1800.120456,9,456951,536
wt040_116,1803.563983,1802.51706,1.953929,2.121106,1.053164,0.050979,0.875728,0.00349,25786,25876,0.00349,364,10/10/2019,4,1,0.8,4,40,2,65040,17356,17356,8719,22302,22301.195652,0.002817,1800.003997,9,1972446,8286
wt050_001,1804.320044,1803.09213,1.571976,2.012843,0.848334,0.13827,0.682894,0.029221,1232,1268,0.029221,168,10/10/2019,4,1,0.8,3,50,2,110258,54256,54256,27179,1247,1246.878781,0.016562,1800.013766,9,498803,1
wt050_001,1804.340594,1803.108602,1.727392,2.174002,0.847456,0.113513,0.873636,0.029221,1232,1268,0.029221,170,10/10/2019,4,1,0.8,4,50,2,110258,54250,54250,27176,1246,1245.943365,0.01735,1800.011498,9,540716,1
wt050_006,1805.049917,1803.921799,2.383267,2.643665,1.699322,0.127304,1.072064,0.000771,14261,14272,0.000771,377,10/10/2019,4,1,0.8,3,50,2,107308,28526,28526,14314,14263,14262.132051,0.000631,1800.006235,9,853445,839
wt050_006,1806.216849,1805.411291,3.372391,3.620019,1.775037,0.143615,2.01883,0.000771,14261,14272,0.000771,399,10/10/2019,4,1,0.8,4,50,2,107308,28362,28362,14232,14266,14265.697807,0.00042,1800.060621,9,695875,23
wt050_111,585.752076,585.088042,4.773784,4.937348,2.393527,0.147807,2.328495,0.004633,15541,15613,0.004633,558,10/10/2019,4,1,0.8,3,50,2,122094,17748,17748,8925,13043,13043,0,577.742588,2,452015,598
wt050_016,1805.306069,1804.545858,2.606953,2.719321,2.125272,0.105234,1.047476,0.001326,46011,46072,0.001326,439,10/10/2019,4,1,0.8,3,50,2,81842,13304,13304,6703,46027,46026.675143,0.000977,1800.003203,9,1699643,3396
wt050_031,1805.654043,1804.460496,2.304273,2.71336,1.742978,0.129808,0.938037,0.016827,5289,5378,0.016827,354,10/10/2019,4,1,0.8,3,50,2,108838,43894,43894,21998,5292,5291.410474,0.015991,1800.083853,9,833403,5
wt050_031,1804.199616,1803.119733,2.064124,2.301212,1.112605,0.105912,1.211353,0.016827,5289,5378,0.016827,333,10/10/2019,4,1,0.8,4,50,2,108838,43892,43892,21997,5295,5294.447382,0.015433,1800.119991,9,941899,7
wt050_036,1807.836083,1807.10138,2.35533,2.536735,4.639155,0.110277,1.06226,0.003547,18889,18956,0.003547,389,10/10/2019,4,1,0.8,3,50,2,104968,18784,18784,9443,18899,18898.446047,0.003007,1800.004304,9,756481,672
wt050_036,1808.547354,1807.782633,3.065113,3.247064,4.659297,0.118982,1.783036,0.003335,18893,18956,0.003335,383,10/10/2019,4,1,0.8,4,50,2,104968,18746,18746,9424,18897,18896.919927,0.003112,1800.015518,9,903218,758
wt050_116,776.874622,776.362563,0.940198,1.055403,3.592647,0.076868,0.343786,0.007036,11513,11594,0.007036,203,10/10/2019,4,1,0.8,3,50,4,51536,14056,14056,7079,8191,8191,0,771.745193,2,1663886,14438
wt050_056,1804.009418,1802.871243,1.510312,1.955165,0.71103,0.087412,0.784434,0.042466,730,761,0.042466,212,10/10/2019,4,1,0.8,4,50,2,100628,50360,50360,25231,738,737.854496,0.030223,1800.010006,9,1094700,404
wt050_056,1804.251977,1803.138464,1.692645,2.145979,1.10836,0.120926,0.656034,0.042466,730,761,0.042466,226,10/10/2019,4,1,0.8,3,50,2,100628,47050,47050,23576,733,732.784091,0.036794,1800.009727,9,1177916,165
wt050_056,1802.508029,1801.277743,0.960355,1.192253,0.744435,0.03687,0.435934,0.065056,538,573,0.065056,132,10/10/2019,4,1,0.8,3,50,4,51994,23698,23698,11900,558,557.772866,0.026178,1800.008053,9,1071298,1361
wt050_056,1801.780399,1800.786436,0.542942,0.683007,0.741123,0.061055,0.233946,0.065056,538,573,0.065056,130,10/10/2019,4,1,0.8,4,50,4,51994,23618,23618,11860,560,559.571174,0.022688,1800.053487,9,1907836,647
wt050_061,1806.620578,1805.648118,2.854773,3.15769,2.50817,0.13853,1.279257,0.01259,13582,13753,0.01259,394,10/10/2019,4,1,0.8,3,50,2,121436,34538,34538,17320,13588,13587.12041,0.009404,1800.03969,9,777221,573
wt050_061,1807.232172,1806.274755,3.396499,3.722849,2.553573,0.153609,1.962631,0.012292,13586,13753,0.012292,388,10/10/2019,4,1,0.8,4,50,2,121436,35848,35848,17975,13586,13585.91589,0.012143,1800.006503,9,718739,550
wt050_061,1804.520815,1803.87905,0.963547,1.109469,2.875418,0.099187,0.360752,0.010575,7849,7932,0.010575,203,10/10/2019,4,1,0.8,3,50,4,65190,17162,17162,8632,7862,7861.216718,0.004558,1800.004863,9,2359862,8018
wt050_061,1805.15265,1804.351908,1.557154,1.715402,2.854899,0.095116,0.802539,0.010446,7850,7932,0.010446,211,10/10/2019,4,1,0.8,4,50,4,65190,17074,17074,8588,7860,7859.966934,0.004811,1800.003965,9,2138896,9258
wt050_116,1117.783998,1116.987038,0.814571,0.886522,2.892119,0.053768,0.429227,0.006511,11519,11594,0.006511,175,10/10/2019,4,1,0.8,4,50,4,51536,13178,13178,6640,8191,8191,0,1113.676669,2,2071018,17341
wt050_086,1808.771369,1807.723098,3.045877,3.330098,4.399706,0.11856,1.408799,0.028406,12251,12599,0.028406,409,10/10/2019,4,1,0.8,3,50,2,109586,34026,34026,17064,11846,11845.648176,0.022123,1800.007233,9,1508267,1944
wt050_086,1811.116224,1810.072941,5.491117,5.792653,4.263985,0.141829,3.706991,0.026646,12272,12599,0.026646,422,10/10/2019,4,1,0.8,4,50,2,109586,35580,35580,17841,11847,11846.734182,0.024135,1800.007091,9,1369196,2076
wt050_116,1806.195261,1805.649418,3.174645,3.346284,2.367756,0.113389,1.5577,0.007588,19504,19652,0.007588,487,10/10/2019,4,1,0.8,3,50,2,95798,24556,24556,12329,16208,16207.745521,0.004056,1800.003515,9,2392118,7088
wt050_116,1806.877912,1806.102375,4.498933,4.70208,1.492255,0.080195,2.784904,0.006659,19522,19652,0.006659,508,10/10/2019,4,1,0.8,4,50,2,95798,22310,22310,11206,16203,16202.305777,0.005402,1800.008892,9,2220358,5101
wt040_001,687.170066,686.384235,0.169201,0.169253,0.463666,0,0.066026,0.037671,584,606,0.037671,150,10/10/2019,4,1,0.8,9,40,2,41575,29296,41575,1122,606,606,0,685.634025,2,351246,86
wt040_006,230.81263,229.683712,0.301484,0.301529,0.624314,0,0.083892,0.002839,3875,3886,0.002839,229,10/10/2019,4,1,0.8,9,40,2,39451,15379,39451,1071,3886,3886,0,229.020084,2,167179,23
wt040_011,148.949203,148.161899,0.342042,0.342094,0.435024,0,0.083187,0.002606,9592,9617,0.002606,300,10/10/2019,4,1,0.8,9,40,2,40136,10507,40136,1091,9617,9617,0,147.584999,2,149512,129
wt040_016,299.069658,298.359245,0.546059,0.546105,0.591368,0,0.087962,0.002273,38269,38356,0.002273,365,10/10/2019,4,1,0.8,9,40,2,41084,7476,41084,1111,38356,38356,0,297.35936,2,455843,1600
wt040_021,26.56833,26.04553,1.148304,1.148346,1.029618,0,0.139085,4.9E-05,41046,41048,4.9E-05,508,10/10/2019,4,1,0.8,9,40,2,36792,1715,36792,1004,35895,35895,0,23.851142,2,9551,0
wt040_026,102.406842,101.878308,0.12882,0.128878,0.326374,0,0.055556,0.060976,82,87,0.060976,116,10/10/2019,4,1,0.8,9,40,2,42529,30295,42529,1155,87,87,0,100.918602,2,23346,0
wt040_031,1802.244192,1800.929052,0.309295,0.309355,0.733748,0,0.092505,0.016262,3751,3812,0.016262,225,10/10/2019,4,1,0.8,9,40,2,45835,21234,45835,1241,3775,3774.019721,0.009706,1800.071694,9,754007,803
wt040_036,1803.118676,1802.351194,0.614172,0.614233,1.547968,0,0.122902,0.00516,10658,10713,0.00516,279,10/10/2019,4,1,0.8,9,40,2,40515,7326,40515,1096,10703,10702.10084,0.000933,1800.040426,9,3884060,14300
wt040_041,52.183136,51.339891,1.64641,1.646471,1.02356,0,0.215371,0.000227,30798,30805,0.000227,528,10/10/2019,4,1,0.8,9,40,2,41502,3302,41502,1127,29724,29723.999996,0,48.749987,2,21070,1
wt040_046,29.141636,28.633425,2.677297,2.67734,0.657379,0,0.228325,0,34146,34146,0,699,10/10/2019,4,1,0.8,9,40,2,30177,0,30177,829,29167,29167,0,25.125422,2,10122,0
wt040_056,283.01715,282.213195,0.230051,0.230129,0.49085,0,0.080785,0.011867,1264,1279,0.011867,171,10/10/2019,4,1,0.8,9,40,2,39184,20548,39184,1067,1279,1279,0,281.43598,2,252976,53
wt040_061,1802.923645,1801.7454,0.664774,0.664841,1.265271,0,0.11932,0.018338,11288,11495,0.018338,301,10/10/2019,4,1,0.8,9,40,2,39679,12825,39679,1079,11433,11432.057692,0.004874,1800.070907,9,3547858,19369
wt040_066,1802.163692,1801.251389,0.489784,0.489838,0.953323,0,0.082523,0.005014,35103,35279,0.005014,311,10/10/2019,4,1,0.8,9,40,2,41541,11338,41541,1128,32986,32985.75,0.001755,1800.114532,9,3820531,9244
wt040_071,67.014325,66.215435,1.274424,1.274492,0.963761,0,0.1579,0.000417,47932,47952,0.000417,452,10/10/2019,4,1,0.8,9,40,2,36143,3400,36143,985,42842,42842,0,63.932383,2,48356,177
wt040_081,1786.832961,1785.701237,0.361748,0.361811,1.177201,0,0.083575,0.339246,451,604,0.339246,202,10/10/2019,4,1,0.8,9,40,2,37739,17035,37739,1028,571,571,0,1784.468404,2,1547533,1868
wt040_086,626.298771,625.138064,0.869451,0.869514,1.5589,0,0.160851,0.011369,5981,6049,0.011369,348,10/10/2019,4,1,0.8,9,40,2,39218,5723,39218,1063,5989,5989,0,622.902379,2,947399,4978
wt040_091,51.498967,51.060415,1.052806,1.05286,1.418409,0,0.164017,0.000921,26051,26075,0.000921,389,10/10/2019,4,1,0.8,9,40,2,41538,2790,41538,1129,23368,23368,0,47.973526,2,10742,1
wt040_096,58.693522,57.731226,1.188379,1.188442,0.838669,0,0.176542,0.000454,66087,66117,0.000454,418,10/10/2019,4,1,0.8,9,40,2,42188,4833,42188,1143,59611,59611,0,55.53618,2,24630,1
wt040_111,89.923025,89.132862,0.900779,0.90085,1.21492,0,0.155873,0.004645,17868,17951,0.004645,361,10/10/2019,4,1,0.8,9,40,2,43820,6161,43820,1186,16538,16538,0,86.647164,2,76563,528
wt040_116,1020.653347,1019.337406,0.99703,0.997033,1.049055,0,0.183946,0.005557,25733,25876,0.005557,376,10/10/2019,4,1,0.8,9,40,2,38919,8761,38919,1060,22359,22359,0,1017.672494,2,2466673,15448
wt040_121,63.643341,62.410415,1.208477,1.208485,0.897933,0,0.187987,0.000543,64484,64519,0.000543,419,10/10/2019,4,1,0.8,9,40,2,43936,4780,43936,1192,55747,55747,0,60.322098,2,27091,1
wt050_001,1801.921898,1798.869214,0.139361,0.139476,0.538514,0,0.058745,0.029221,1232,1268,0.029221,141,10/10/2019,4,1,0.8,9,50,2,69625,52793,69625,1494,1234,1233.967212,0.026814,1800.186848,9,573436,197
wt050_006,1804.798693,1802.668073,0.906697,0.906822,1.797962,0,0.236057,0.001263,14254,14272,0.001263,366,10/10/2019,4,1,0.8,9,50,2,68954,27791,68954,1481,14268,14267.258993,0.00028,1800.136462,9,487744,397
wt050_011,721.228762,719.703295,1.384204,1.384322,1.485758,0,0.254285,0.001304,23000,23030,0.001304,440,10/10/2019,4,1,0.8,9,50,2,64632,16149,64632,1392,23028,23028,0,716.645221,2,498882,1216
wt050_016,671.274193,670.192846,1.751232,1.751321,2.12981,0,0.293666,0.001348,46010,46072,0.001348,492,10/10/2019,4,1,0.8,9,50,2,60310,9244,60310,1303,46072,46072,0,665.938228,2,1289009,3659
wt050_021,121.15899,119.448147,1.887536,1.887637,1.120024,0,0.25523,9.9E-05,111060,111071,9.9E-05,627,10/10/2019,4,1,0.8,9,50,2,67749,4526,67749,1456,101720,101720,0,116.905017,2,28137,1
wt050_026,277.524533,276.90293,0.179249,0.179352,0.948271,0,0.075673,0,26,26,0,104,10/10/2019,4,1,0.8,9,50,2,62090,0,62090,1340,0,0,0,274.847793,2,98194,1
wt050_031,1804.343387,1802.544645,0.64419,0.644282,1.760826,0,0.1827,0.016827,5289,5378,0.016827,290,10/10/2019,4,1,0.8,9,50,2,66741,34396,66741,1436,5291,5290.43038,0.016177,1800.133264,9,694677,541
wt050_036,1806.44672,1804.944977,0.806526,0.806616,4.399675,0,0.171678,0.003653,18887,18956,0.003653,364,10/10/2019,4,1,0.8,9,50,2,67129,13436,67129,1445,18903,18902.460053,0.002796,1800.089217,9,1885278,3767
wt050_041,608.810313,607.222412,1.104832,1.104908,1.61148,0,0.197131,0.004858,37874,38058,0.004858,473,10/10/2019,4,1,0.8,9,50,2,64440,16432,64440,1388,37395,37395,0,604.988375,2,672068,954
wt050_046,228.65518,227.375009,3.172356,3.172503,1.228118,0,0.441667,0.000366,82077,82107,0.000366,686,10/10/2019,4,1,0.8,9,50,2,65258,6689,65258,1406,74851,74851,0,222.938063,2,262500,923
wt050_056,783.097283,782.141341,0.331496,0.331593,0.985429,0,0.11472,0.042466,730,761,0.042466,179,10/10/2019,4,1,0.8,9,50,2,58487,33613,58487,1264,761,761,0,780.441967,2,470323,84
wt050_061,1803.8635,1801.342982,0.846251,0.846367,1.65816,0,0.175861,0.013336,13572,13753,0.013336,398,10/10/2019,4,1,0.8,9,50,2,70726,21194,70726,1516,13587,13586.477381,0.009477,1800.110551,9,1688740,1492
wt050_066,159.198045,157.351368,2.684603,2.684722,2.813316,0,0.353396,0.000685,40886,40914,0.000685,602,10/10/2019,4,1,0.8,9,50,2,51187,5272,51187,1112,38231,38231,0,152.328325,2,41609,1
wt050_071,99.230685,97.977026,3.328193,3.328314,2.240528,0,0.504484,0.000153,78521,78533,0.000153,655,10/10/2019,4,1,0.8,9,50,2,64393,4304,64393,1388,71611,71611,0,91.520226,2,20923,1
wt050_081,360.459048,359.32488,0.732301,0.732401,1.63634,0,0.218683,0.007435,538,542,0.007435,274,10/10/2019,4,1,0.8,9,50,2,68425,33091,68425,1472,542,542,0,355.956328,2,284622,1
wt050_086,1807.339654,1805.821229,1.421384,1.421398,4.311259,0,0.265709,0.02933,12240,12599,0.02933,408,10/10/2019,4,1,0.8,9,50,2,60025,19524,60025,1297,11857,11856.015868,0.021215,1800.089049,9,2158414,5152
wt050_091,284.899778,283.571333,2.413509,2.413678,2.504415,0,0.477034,0.001353,47285,47349,0.001353,527,10/10/2019,4,1,0.8,9,50,2,67513,9644,67513,1452,42748,42748,0,278.009455,2,311004,588
wt050_096,205.480061,203.50452,2.356867,2.356979,2.306222,0,0.381825,0.000377,92798,92833,0.000377,574,10/10/2019,4,1,0.8,9,50,2,67945,6455,67945,1451,84925,84925,0,198.584116,2,103572,260
wt050_111,252.544865,251.251412,2.063957,2.064048,2.39403,0,0.344089,0.006122,15518,15613,0.006122,557,10/10/2019,4,1,0.8,9,50,2,66650,11209,66650,1433,13041,13041,0,246.052042,2,390999,634
wt050_116,1805.469598,1803.881503,1.84362,1.843756,2.301186,0,0.322309,0.008208,19492,19652,0.008208,513,10/10/2019,4,1,0.8,9,50,2,55034,14916,55034,1190,16204,16203.286019,0.004974,1800.111733,9,2804900,10235
wt050_121,71.632588,70.669011,2.548853,2.549115,3.545213,0,0.366931,0.000216,41696,41705,0.000216,585,10/10/2019,4,1,0.8,9,50,2,60602,2747,60602,1309,37050,37050,0,63.722099,2,15261,0
wt040_001,60.377105,60.048892,0.039374,0.039429,0.58184,0,0.010853,0.002283,438,439,0.002283,44,10/10/2019,4,1,0.8,9,40,4,21855,10442,21855,629,439,437.6,0,59.417733,2,48276,1
wt040_006,35.793916,35.653501,0.057701,0.057728,0.638383,0,0.009574,0.000843,2372,2374,0.000843,81,10/10/2019,4,1,0.8,9,40,4,20971,5744,20971,609,2374,2374,0,34.81876,2,46134,1
wt040_011,15.713769,15.356075,0.09129,0.091328,0.574899,0,0.01738,0.000349,5735,5737,0.000349,118,10/10/2019,4,1,0.8,9,40,4,21296,3653,21296,620,5737,5737,0,14.744537,2,13206,0
wt040_016,24.064518,23.88494,0.077234,0.077272,1.515293,0,0.018586,0.000838,21479,21497,0.000838,72,10/10/2019,4,1,0.8,9,40,4,21724,2166,21724,627,20923,20923,0,22.092862,2,19848,27
wt040_021,15.356259,15.043055,0.147742,0.14777,0.969144,0,0.023159,4.4E-05,22792,22793,4.4E-05,123,10/10/2019,4,1,0.8,9,40,4,19712,542,19712,577,16120,16120,0,13.818069,2,4621,0
wt040_026,37.76836,37.483236,0.047776,0.047822,0.438474,0,0.014721,0,88,88,0,53,10/10/2019,4,1,0.8,9,40,4,22409,0,22409,652,88,88,0,36.764177,2,10764,0
wt040_031,498.903758,498.422985,0.056005,0.056039,0.510346,0,0.014235,0.016077,2488,2528,0.016077,87,10/10/2019,4,1,0.8,9,40,4,23995,8229,23995,695,2525,2525,0,497.97217,2,443341,823
wt040_036,1028.229272,1027.725271,0.091671,0.091709,0.759573,0,0.019006,0.012122,6352,6429,0.012122,129,10/10/2019,4,1,0.8,9,40,4,21435,5032,21435,619,6420,6420,0,1027.074423,2,2958479,20418
wt040_041,220.763653,220.372643,0.286634,0.286666,0.927937,0,0.055417,0.004142,17625,17698,0.004142,215,10/10/2019,4,1,0.8,9,40,4,21902,5054,21902,637,15815,15815,0,218.989776,2,596823,2790
wt040_046,14.271147,14.090992,0.162444,0.162474,1.135157,0,0.021919,0,19124,19124,0,112,10/10/2019,4,1,0.8,9,40,4,16537,0,16537,488,13577,13577,0,12.68609,2,4782,0
wt040_056,50.963154,50.626048,0.062567,0.062602,0.616598,0,0.015736,0.035088,798,826,0.035088,76,10/10/2019,4,1,0.8,9,40,4,20784,10815,20784,607,826,826,0,49.841982,2,98027,4
wt040_061,58.337521,57.944233,0.170213,0.170258,1.650865,0,0.032862,0.007529,7305,7360,0.007529,128,10/10/2019,4,1,0.8,9,40,4,21079,3874,21079,614,7146,7146,0,55.99043,2,123238,1293
wt040_066,24.313296,23.906386,0.153454,0.153493,1.344278,0,0.028635,0.000296,20247,20253,0.000296,125,10/10/2019,4,1,0.8,9,40,4,21941,1082,21941,638,17549,17549,0,22.220879,2,6335,1
wt040_071,20.001893,19.668621,0.185535,0.185569,1.003166,0,0.025944,7.5E-05,26740,26742,7.5E-05,137,10/10/2019,4,1,0.8,9,40,4,19343,755,19343,565,21316,21316,0,18.398296,2,4773,0
wt040_081,62.600535,62.110948,0.18201,0.182051,1.344818,0,0.031406,0.106145,537,594,0.106145,138,10/10/2019,4,1,0.8,9,40,4,20099,5849,20099,587,564,564,0,60.582934,2,67489,511
wt040_086,26.548549,25.958362,0.147634,0.147674,2.000417,0,0.029286,0.004452,4717,4738,0.004452,116,10/10/2019,4,1,0.8,9,40,4,20738,1623,20738,601,4312,4312,0,23.817719,2,5149,1
wt040_091,23.114434,22.918573,0.236409,0.236447,0.990888,0,0.040422,0.001866,15540,15569,0.001866,184,10/10/2019,4,1,0.8,9,40,4,21898,2360,21898,638,12519,12519,0,21.326872,2,10402,1
wt040_096,27.20197,26.990198,0.166246,0.166299,1.003901,0,0.03014,0.000165,36262,36268,0.000165,110,10/10/2019,4,1,0.8,9,40,4,22268,1376,22268,645,29106,29106,0,25.49862,2,10728,1
wt040_111,55.703182,55.275077,0.194501,0.194547,1.530583,0,0.041919,0.008049,11181,11271,0.008049,144,10/10/2019,4,1,0.8,9,40,4,23020,4934,23020,666,8899,8899,0,53.306438,2,80422,592
wt040_116,88.990172,88.644684,0.227159,0.227234,1.009208,0,0.043571,0.004509,15525,15595,0.004509,175,10/10/2019,4,1,0.8,9,40,4,20679,4422,20679,604,11895,11895,0,87.247216,2,255289,2300
wt040_121,36.51839,36.087484,0.130072,0.130121,1.093591,0,0.030573,0.000812,35735,35764,0.000812,122,10/10/2019,4,1,0.8,9,40,4,23096,3389,23096,671,26338,26338,0,34.683257,2,39964,368
wt050_001,285.196038,283.826516,0.111315,0.111388,1.116966,0,0.032434,0.010296,777,785,0.010296,74,10/10/2019,4,1,0.8,9,50,4,36175,22838,36175,825,785,785,0,282.877516,2,239083,47
wt050_006,960.355545,959.581086,0.259493,0.259553,2.205784,0,0.04979,0.00229,8298,8317,0.00229,119,10/10/2019,4,1,0.8,9,50,4,35854,12134,35854,819,8317,8317,0,956.881111,2,627369,1440
wt050_011,113.236933,112.33263,0.297613,0.29767,2.098439,0,0.051979,0.001088,12870,12884,0.001088,151,10/10/2019,4,1,0.8,9,50,4,33732,6891,33732,774,12878.999987,12878.999987,0,109.959288,2,95631,192
wt050_016,36.85013,36.370383,1.026739,1.026809,1.875677,0,0.119435,0.000118,25373,25376,0.000118,368,10/10/2019,4,1,0.8,9,50,4,31660,1299,31660,730,25316,25316,0,33.151796,2,17206,1
wt050_021,45.609973,44.796079,0.567582,0.567588,2.303122,0,0.080655,3.4E-05,59440,59442,3.4E-05,227,10/10/2019,4,1,0.8,9,50,4,35199,1346,35199,805,47766,47766,0,41.673973,2,14357,0
wt050_026,89.911311,89.249311,0.087185,0.087252,0.893797,0,0.021381,0,54,54,0,49,10/10/2019,4,1,0.8,9,50,4,32590,0,32590,750,54,54,0,88.069439,2,15278,0
wt050_031,110.925437,110.44687,0.198756,0.19882,2.022742,0,0.041535,0,3061,3061,0,95,10/10/2019,4,1,0.8,9,50,4,34691,0,34691,795,3061,3061,0,107.720248,2,9298,0
wt050_036,50.138651,49.544134,0.717706,0.717781,2.21349,0,0.108634,0.001482,10794,10810,0.001482,266,10/10/2019,4,1,0.8,9,50,4,34979,5033,34979,802,10796,10795.999998,0,46.099735,2,34341,1
wt050_041,80.634929,79.935419,0.283768,0.283863,3.214923,0,0.042358,0.001377,21780,21810,0.001377,162,10/10/2019,4,1,0.8,9,50,4,33690,4473,33690,773,20117,20117,0,76.480464,2,170390,710
wt050_046,39.074031,38.326218,1.10464,1.104649,1.880689,0,0.128515,0.000112,44451,44456,0.000112,385,10/10/2019,4,1,0.8,9,50,4,34108,1767,34108,783,36078,36078,0,35.081806,2,8268,1
wt050_056,990.151666,989.326634,0.162955,0.163014,0.746885,0,0.040993,0.065056,538,573,0.065056,116,10/10/2019,4,1,0.8,9,50,4,30787,15559,30787,710,570,570,0,988.526247,2,690634,1254
wt050_061,1804.613121,1803.737336,0.538541,0.538656,2.82492,0,0.117418,0.012122,7837,7932,0.012122,200,10/10/2019,4,1,0.8,9,50,4,36626,10233,36626,834,7868,7867.272699,0.003798,1800.042333,9,3337702,10431
wt050_066,60.579526,59.773156,0.518071,0.518146,2.544879,0,0.077137,0.001038,23129,23153,0.001038,225,10/10/2019,4,1,0.8,9,50,4,27187,3484,27187,632,19407.999999,19408,0,56.786744,2,14955,1
wt050_071,90.850088,90.150915,0.414578,0.414652,2.726319,0,0.064936,0.000892,42619,42657,0.000892,168,10/10/2019,4,1,0.8,9,50,4,33693,5289,33693,774,35388,35388,0,86.600032,2,105944,387
wt050_086,159.489024,158.722001,0.688449,0.688503,2.65293,0,0.095535,0.017713,8299,8446,0.017713,291,10/10/2019,4,1,0.8,9,50,4,31575,8425,31575,728,7637,7637,0,155.295613,2,268911,2680
wt050_091,76.742174,75.841167,0.369667,0.369735,3.467248,0,0.067272,0.001771,26538,26585,0.001771,158,10/10/2019,4,1,0.8,9,50,4,35163,5843,35163,805,21536,21536,0,71.793463,2,40934,151
wt050_096,91.47552,90.974203,0.770771,0.770842,1.981947,0,0.118949,0.000497,50308,50333,0.000497,305,10/10/2019,4,1,0.8,9,50,4,35395,3806,35395,800,41874.999996,41874.999996,0,87.678002,2,125245,902
wt050_111,104.162903,103.250077,0.508283,0.508294,2.144573,0,0.082588,0.006972,10040,10110,0.006972,232,10/10/2019,4,1,0.8,9,50,4,34750,5871,34750,795,7428,7428,0,100.515459,2,72321,649
wt050_116,758.789271,758.340889,0.247889,0.247934,3.886869,0,0.032112,0.007123,11512,11594,0.007123,196,10/10/2019,4,1,0.8,9,50,4,29184,7711,29184,673,8191,8190.004087,0,754.193644,2,2529938,15020
wt050_121,75.546478,75.063972,0.388017,0.388087,3.118754,0,0.058689,0.001473,23764,23799,0.001473,181,10/10/2019,4,1,0.8,9,50,4,31852,4107,31852,734,18765,18765,0,71.15675,2,124186,568
