NameInstance,n,m,tot_real_time,tot_cputime,tot_bb,tot_lb,tot_lb_root,tot_heuristic,tot_build_dd,tot_pricing,tot_reduce_cost_fixing,rel_error,global_lower_bound,global_upper_bound,first_rel_error,global_upper_bound_root,global_lowerbound_root,nb_generated_col,nb_generated_col_root,nb_nodes_explored,date,nb_iterations_rvnd,stabilization,alpha,pricing_solver,first_size_graph,size_after_reduced_cost,strong_branching,branching_point,refinement,(),pruning_test,suboptimal_duals,scoring_parameter,scoring_value,mip_nb_vars,mip_nb_constr,mip_obj_bound,mip_obj_bound_lp,mip_rel_gap,mip_run_time,mip_status,mip_nb_iter_simplex
wt040_051,40,4,0.11263127438724041,0.084205,0.015385999999999997,0.011632000000000003,0.011634000000000005,0.002976999999999997,0.061845,0.011587999999999987,0.010264999999999996,0,0,0,0,0,0,1,1,0,21/07/12,10000,1,0.8,4,37056,0,8,0.5,false,false,false,0,0,0,0,0,0,0,110,0,0,0
wt040_051,40,4,0.15645226649940014,0.13236799999999999,0.025462,0.01756300000000001,0.017565999999999984,0.022451,0.076428,0.01750900000000001,0.01593,0,0,0,0,0,0,1,1,0,21/07/12,10000,1,0.8,4,37056,0,8,0.5,false,false,false,0,0,0,0,0,0,0,110,0,0,0
wt040_076,40,4,0.131775944493711,0.111518,0.020612999999999992,0.015878000000000003,0.015881999999999993,0.001143,0.081322,0.015821,0.014136999999999997,0,0,0,0,0,0,1,1,0,21/07/12,10000,1,0.8,4,34098,0,8,0.5,false,false,false,0,0,0,0,0,0,0,110,0,0,0
wt040_076,40,4,0.13004647381603718,0.125827,0.022873000000000004,0.017567000000000013,0.017570000000000016,0.0011359999999999981,0.092775,0.017505000000000007,0.015840000000000007,0,0,0,0,0,0,1,1,0,21/07/12,10000,1,0.8,4,34098,0,8,0.5,false,false,false,0,0,0,0,0,0,0,110,0,0,0
wt040_101,40,4,0.14778116438537836,0.12309799999999999,0.022337999999999997,0.016410000000000008,0.016412999999999997,0.001131,0.094576,0.016348,0.01481099999999999,0,0,0,0,0,0,1,1,0,21/07/12,10000,1,0.8,4,38696,0,8,0.5,false,false,false,0,0,0,0,0,0,0,110,0,0,0
wt040_101,40,4,0.14455437753349543,0.105492,0.02187800000000001,0.016055,0.016058000000000003,0,0.08359,0.015994999999999995,0.014653,0,0,0,0,0,0,1,1,0,21/07/12,10000,1,0.8,4,38696,0,8,0.5,false,false,false,0,0,0,0,0,0,0,110,0,0,0
wt040_106,40,4,0.16290515754371881,0.14313,0.01925099999999999,0.017370999999999998,0.017373,0.001791000000000001,0.117038,0.017339999999999994,0.017305999999999988,0,0,0,0,0,0,1,1,0,21/07/12,10000,1,0.8,4,42798,0,8,0.5,false,false,false,0,0,0,0,0,0,0,110,0,0,0
wt040_106,40,4,0.16410918906331062,0.131077,0.026057999999999998,0.019357999999999986,0.01936199999999999,0.005883000000000003,0.094068,0.019295999999999994,0.01749500000000001,0,0,0,0,0,0,1,1,0,21/07/12,10000,1,0.8,4,42798,0,8,0.5,false,false,false,0,0,0,0,0,0,0,110,0,0,0
wt040_021,40,4,19.183470180258155,19.102088,0.6564730000000019,0.6509610000000023,0.6509639999999983,18.398348,0.03885100000000108,0.650151000000001,0.18134200000000789,0,22793,22793,0,22793,22793,318,318,0,21/07/12,10000,1,0.8,4,26748,0,8,0.5,false,false,false,0,0,0,0,0,0,0,110,0,0,0
wt040_021,40,4,21.704662404954433,21.608517,0.7165789999999994,0.7132229999999993,0.7132240000000003,20.841115,0.046870000000001966,0.7123319999999929,0.20328200000000152,0,22793,22793,0,22793,22793,365,365,0,21/07/12,10000,1,0.8,4,26748,0,8,0.5,false,false,false,0,0,0,0,0,0,0,110,0,0,0
wt040_001,40,4,25.966807485558093,25.819978,0.5114310000000017,0.3639349999999979,0.24329000000000178,25.246534,0.057489000000000345,0.3623389999999951,0.08970300000000364,0,439,439,0.002283105017618482,439,438,186,140,1,21/07/12,10000,1,0.8,4,29818,9984,8,0.5,false,false,false,0,0,0,0,0,0,0,110,0,0,0
wt040_026,40,4,25.989041432738304,25.87698,0.3631469999999979,0.3569459999999971,0.3569490000000002,25.437832999999998,0.07178599999999946,0.3564550000000075,0.040228000000002595,0,88,88,0,88,88,125,125,0,21/07/12,10000,1,0.8,4,32844,0,8,0.5,false,false,false,0,0,0,0,0,0,0,110,0,0,0
wt040_046,40,4,26.570138685405254,26.449996000000002,1.0853840000000012,1.0781150000000004,1.078118,25.310308000000003,0.05026300000000106,1.07704600000001,0.23433500000000507,0,19124,19124,0,19124,19124,342,342,0,21/07/12,10000,1,0.8,4,26094,0,8,0.5,false,false,false,0,0,0,0,0,0,0,110,0,0,0
wt040_026,40,4,27.34509703144431,27.256859,0.30421699999999774,0.3002269999999996,0.3002299999999991,26.866776,0.08173500000000189,0.29979199999999295,0.06633399999999767,0,88,88,0,88,88,113,113,0,21/07/12,10000,1,0.8,4,32844,0,8,0.5,false,false,false,0,0,0,0,0,0,0,110,0,0,0
wt040_046,40,4,27.594427097588778,27.466395,1.0852310000000003,1.0764040000000001,1.0764070000000032,26.305125,0.0678680000000007,1.0755020000000037,0.30826899999999924,0,19124,19124,0,19124,19124,268,268,0,21/07/12,10000,1,0.8,4,26094,0,8,0.5,false,false,false,0,0,0,0,0,0,0,110,0,0,0
wt040_001,40,4,27.79610220901668,27.613605,0.8822240000000008,0.604141999999996,0.36454200000000014,26.659466,0.05939400000000106,0.6018610000000209,0.223447999999987,0,439,439,0.002283105017618482,439,438,195,166,1,21/07/12,10000,1,0.8,4,29818,9984,8,0.5,false,false,false,0,0,0,0,0,0,0,110,0,0,0
wt040_066,40,4,28.47237531002611,28.277428,2.8133579999999974,1.9868179999999924,1.7344759999999972,25.364385000000002,0.09517699999999962,1.984583000000022,0.7153529999999968,0,20251,20251,0.00019756013235553118,20251,20247,317,303,1,21/07/12,10000,1,0.8,4,38534,1256,8,0.5,false,false,false,0,0,0,0,0,0,0,110,0,0,0
wt040_096,40,4,28.88361556455493,28.768596000000002,1.099415999999998,1.093312000000001,1.0933150000000005,27.580811,0.08353500000000125,1.0922380000000196,0.34774399999999517,0,36266,36266,0,36266,36266,330,330,0,21/07/12,10000,1,0.8,4,36790,0,8,0.5,false,false,false,0,0,0,0,0,0,0,110,0,0,0
wt040_096,40,4,29.124769013375044,28.995944,1.636104999999997,1.6261279999999978,1.626132000000002,27.254773,0.09550600000000031,1.625099999999989,0.7458419999999926,0,36266,36266,0,36266,36266,277,277,0,21/07/12,10000,1,0.8,4,36790,0,8,0.5,false,false,false,0,0,0,0,0,0,0,110,0,0,0
wt040_071,40,4,29.907355944626033,29.785085,1.7168349999999997,1.7057649999999995,1.7057670000000016,27.977205,0.08816099999999949,1.7047339999999913,0.8028290000000133,0,26740,26740,0,26740,26740,276,276,0,21/07/12,10000,1,0.8,4,33852,0,8,0.5,false,false,false,0,0,0,0,0,0,0,110,0,0,0
wt040_011,40,4,31.068780403584242,30.919822999999997,1.116662999999999,0.6026700000000034,0.3881339999999973,29.748582000000003,0.05058999999999969,0.6008470000000266,0.12857199999999835,0,5737,5737,0.000348735832545992,5737,5735,208,189,1,21/07/12,10000,1,0.8,4,31252,3760,8,0.5,false,false,false,0,0,0,0,0,0,0,110,0,0,0
wt040_071,40,4,31.041944669559598,30.928263,1.4259890000000013,1.417501999999999,1.417504000000001,29.431455,0.06636500000000112,1.416265999999979,0.49561299999999875,0,26740,26740,0,26740,26740,381,381,0,21/07/12,10000,1,0.8,4,33852,0,8,0.5,false,false,false,0,0,0,0,0,0,0,110,0,0,0
wt040_006,40,4,31.854392796754837,31.625077,1.7413070000000026,0.9779510000000009,0.578208,29.785271,0.09028899999999851,0.9753919999999887,0.22533000000000314,0,2374,2374,0.0008431703200492537,2374,2372,193,185,1,21/07/12,10000,1,0.8,4,30490,5171,8,0.5,false,false,false,0,0,0,0,0,0,0,110,0,0,0
wt040_011,40,4,31.943211753852665,31.626572,1.9189790000000002,1.141024999999992,0.7526669999999989,29.653658,0.04979799999999912,1.1381900000000336,0.2318430000000049,0,5737,5737,0.000348735832545992,5737,5735,255,234,1,21/07/12,10000,1,0.8,4,31252,3860,8,0.5,false,false,false,0,0,0,0,0,0,0,110,0,0,0
wt040_056,40,4,34.16052261553705,33.859584,6.310249000000002,3.9243789999999947,0.32153499999999724,27.471572,0.06960499999999925,3.88347899999998,2.5152080000000083,0,826,826,0.03508771925427604,826,798,588,121,5,21/07/12,10000,1,0.8,4,34522,15124,8,0.5,false,false,false,0,0,0,0,0,0,0,110,0,0,0
wt040_006,40,4,34.68424899503589,34.375648999999996,1.6820100000000053,0.9640219999999928,0.5827740000000006,32.607419,0.07805799999999863,0.9613320000000556,0.17877200000001636,0,2374,2374,0.0008431703200492537,2374,2372,220,194,1,21/07/12,10000,1,0.8,4,30490,5169,8,0.5,false,false,false,0,0,0,0,0,0,0,110,0,0,0
wt040_066,40,4,36.126749065704644,35.865596,3.2704339999999945,2.3220380000000134,1.8477710000000016,32.502455,0.08586700000000036,2.319645000000058,0.7892910000000128,0,20251,20251,0.00019756013235553118,20251,20247,346,301,1,21/07/12,10000,1,0.8,4,38534,1217,8,0.5,false,false,false,0,0,0,0,0,0,0,110,0,0,0
wt040_031,40,4,40.40642563253641,40.136636,2.9304640000000006,1.8825239999999965,0.5927239999999969,37.118621,0.07925800000000294,1.8783959999999666,0.7814819999999827,0,2525,2525,0.01161858973893486,2525,2496,342,157,1,21/07/12,10000,1,0.8,4,36764,8358,8,0.5,false,false,false,0,0,0,0,0,0,0,110,0,0,0
wt040_056,40,4,42.20465629082173,41.891087999999996,7.176143000000003,4.907685999999998,0.43973700000000093,34.618977,0.08469300000000146,4.856646999999938,3.207600999999947,0,826,826,0.03508771925427604,826,798,670,132,5,21/07/12,10000,1,0.8,4,34522,15124,8,0.5,false,false,false,0,0,0,0,0,0,0,110,0,0,0
wt040_031,40,4,42.34429445955902,42.007978,5.342899000000003,2.8894289999999856,0.6924779999999942,36.557854,0.09875799999999657,2.8822739999998817,1.2008239999999262,0,2525,2525,0.01161858973893486,2525,2496,390,170,2,21/07/12,10000,1,0.8,4,36764,8398,8,0.5,false,false,false,0,0,0,0,0,0,0,110,0,0,0
wt050_051,50,4,0.15344167407602072,0.132381,0.018948000000000007,0.015920000000000004,0.015921000000000005,0.0003220000000000011,0.109039,0.01590499999999999,0.015885999999999997,0,0,0,0,0,0,1,1,0,21/07/12,10000,1,0.8,4,50386,0,8,0.5,false,false,false,0,0,0,0,0,0,0,110,0,0,0
wt050_051,50,4,0.20366744231432676,0.15900599999999998,0.034998,0.027497999999999995,0.027503,0.0011110000000000009,0.115147,0.027439999999999992,0.025480999999999976,0,0,0,0,0,0,1,1,0,21/07/12,10000,1,0.8,4,50386,0,8,0.5,false,false,false,0,0,0,0,0,0,0,110,0,0,0
wt040_041,40,4,45.1530489185825,44.460948,12.811572000000002,6.1621270000000266,1.5287640000000025,31.533767,0.10357799999999884,6.154589999999981,3.372001000000065,0,17685,17685,0.0029490160492854863,17685,17633,615,193,2,21/07/12,10000,1,0.8,4,36340,7329,8,0.5,false,false,false,0,0,0,0,0,0,0,110,0,0,0
wt040_086,40,4,47.07605390716344,46.707399,3.250162000000003,2.024378999999996,1.2775560000000041,43.357394,0.09407699999999863,2.021169999999927,0.7114500000000348,0,4725,4725,0.001271455816640929,4725,4719,279,216,2,21/07/12,10000,1,0.8,4,37698,927,8,0.5,false,false,false,0,0,0,0,0,0,0,110,0,0,0
wt040_081,40,4,47.33265006635338,46.95606,5.412873000000005,2.911470000000037,0.5054800000000057,41.469863000000004,0.07236499999999779,2.899721999999983,1.2523449999999912,0,564,564,0.044444444362139915,564,540,578,171,8,21/07/12,10000,1,0.8,4,36966,5991,8,0.5,false,false,false,0,0,0,0,0,0,0,110,0,0,0
wt040_036,40,4,48.041176033206284,47.205923999999996,14.572733,7.551345999999988,0.6183630000000022,32.570642,0.05487999999999715,7.5345830000001115,3.856338000000008,0,6420,6420,0.010228166796187542,6420,6355,1044,214,4,21/07/12,10000,1,0.8,4,37210,7441,8,0.5,false,false,false,0,0,0,0,0,0,0,110,0,0,0
wt040_121,40,4,48.42737267911434,47.187654,16.132822,7.085805000000001,1.396651000000002,30.956348000000002,0.09391800000000217,7.068178999999716,2.3886890000001877,0,35751,35751,0.0003357676487776444,35751,35739,897,301,6,21/07/12,10000,1,0.8,4,39702,3116,8,0.5,false,false,false,0,0,0,0,0,0,0,110,0,0,0
wt040_086,40,4,48.765574174933136,48.359267,3.847641000000003,2.095891999999999,1.2455240000000032,44.404526,0.10021899999999562,2.0918480000001765,0.7707959999999829,0,4725,4725,0.001271455816640929,4725,4719,300,240,2,21/07/12,10000,1,0.8,4,37698,963,8,0.5,false,false,false,0,0,0,0,0,0,0,110,0,0,0
wt040_081,40,4,49.42449608352035,49.006975,6.946725999999998,3.8084140000000133,0.7523419999999987,41.997192,0.060446999999996365,3.7927239999999784,1.389589000000072,0,564,564,0.044444444362139915,564,540,715,213,9,21/07/12,10000,1,0.8,4,36966,5982,8,0.5,false,false,false,0,0,0,0,0,0,0,110,0,0,0
wt050_076,50,4,0.2363090729340911,0.196008,0.040395000000000014,0.033999,0.034002000000000004,0.0007790000000000019,0.151089,0.033946000000000004,0.030738000000000015,0,0,0,0,0,0,1,1,0,21/07/12,10000,1,0.8,4,60722,0,8,0.5,false,false,false,0,0,0,0,0,0,0,110,0,0,0
wt050_076,50,4,0.23355629201978445,0.20106,0.039282999999999985,0.032642000000000004,0.03264500000000001,0.0015280000000000016,0.15804200000000002,0.032584,0.029274999999999995,0,0,0,0,0,0,1,1,0,21/07/12,10000,1,0.8,4,60722,0,8,0.5,false,false,false,0,0,0,0,0,0,0,110,0,0,0
wt040_041,40,4,51.73075665067881,50.765305999999995,15.719709000000002,7.425029000000023,1.903496000000004,34.940196,0.09748599999999641,7.41656499999992,4.382624000000057,0,17685,17685,0.0029490160492854863,17685,17633,479,188,2,21/07/12,10000,1,0.8,4,36340,7325,8,0.5,false,false,false,0,0,0,0,0,0,0,110,0,0,0
wt040_016,40,4,53.50426609721035,49.921755,24.645498,9.30860199999988,0.9050410000000007,25.228509,0.04036400000000029,9.24658999999982,3.514063999999628,0,21493,21493,0.00041891640288498804,21493,21484,2488,133,52,21/07/12,10000,1,0.8,4,34062,2579,8,0.5,false,false,false,0,0,0,0,0,0,0,110,0,0,0
wt040_116,40,4,53.67679425422102,52.729965,12.857594000000006,7.1341159999999775,1.0593439999999958,39.788449,0.08331199999999939,7.11406299999998,3.34138999999999,0,15566,15566,0.0017375635496661584,15566,15539,1113,252,3,21/07/12,10000,1,0.8,4,39100,4059,8,0.5,false,false,false,0,0,0,0,0,0,0,110,0,0,0
wt040_016,40,4,54.060109042562544,51.842568,19.156219999999998,8.628195999999932,1.3834009999999992,32.598585,0.08372899999999817,8.596602000000082,3.4915809999998473,0,21493,21493,0.00041891640288498804,21493,21484,1442,227,17,21/07/12,10000,1,0.8,4,34062,2502,8,0.5,false,false,false,0,0,0,0,0,0,0,110,0,0,0
wt040_091,40,4,54.390000210143626,53.618413,6.8998690000000025,3.2794920000000616,1.168365999999999,46.627837,0.08149499999999676,3.2727970000000965,0.758212999999877,0,15569,15569,0.0007713569453769134,15569,15557,392,254,3,21/07/12,10000,1,0.8,4,38682,2034,8,0.5,false,false,false,0,0,0,0,0,0,0,110,0,0,0
wt040_111,40,4,55.377510361373425,54.597981000000004,11.536903000000002,6.276367999999955,1.292621000000004,42.992367,0.06522700000000015,6.261511999999975,3.313908999999967,0,11263,11263,0.004548697823354557,11263,11212,926,146,5,21/07/12,10000,1,0.8,4,44202,5836,8,0.5,false,false,false,0,0,0,0,0,0,0,110,0,0,0
wt040_121,40,4,55.945006038062274,53.977194,25.758443,11.329643000000043,1.8713789999999975,28.138552999999998,0.07557800000000015,11.29686900000003,4.4025309999997795,0,35751,35751,0.0003357676487776444,35751,35739,1826,289,13,21/07/12,10000,1,0.8,4,39702,3110,8,0.5,false,false,false,0,0,0,0,0,0,0,110,0,0,0
wt040_091,40,4,56.316641595214605,55.463549,7.992720999999996,4.042964000000033,1.5508159999999975,47.392292,0.07320200000000199,4.03535900000022,1.8384639999998171,0,15569,15569,0.0007713569453769134,15569,15557,430,262,3,21/07/12,10000,1,0.8,4,38682,1980,8,0.5,false,false,false,0,0,0,0,0,0,0,110,0,0,0
wt050_101,50,4,0.18577789422124624,0.168535,0.028709000000000012,0.022400000000000003,0.022404000000000007,0.001457,0.133566,0.02234799999999998,0.020661999999999986,0,0,0,0,0,0,1,1,0,21/07/12,10000,1,0.8,4,54024,0,8,0.5,false,false,false,0,0,0,0,0,0,0,110,0,0,0
wt050_101,50,4,0.18292188551276922,0.15528,0.02643899999999999,0.023317000000000004,0.02332100000000001,0.0014450000000000018,0.1221,0.023259000000000002,0.02154399999999998,0,0,0,0,0,0,1,1,0,21/07/12,10000,1,0.8,4,54024,0,8,0.5,false,false,false,0,0,0,0,0,0,0,110,0,0,0
wt050_106,50,4,0.1979363989084959,0.17967699999999998,0.035769999999999996,0.02887999999999999,0.02888199999999999,0.0007699999999999999,0.135071,0.028819999999999985,0.026563000000000003,0,0,0,0,0,0,1,1,0,21/07/12,10000,1,0.8,4,62788,0,8,0.5,false,false,false,0,0,0,0,0,0,0,110,0,0,0
wt050_106,50,4,0.19419749546796083,0.165839,0.034927000000000014,0.028590999999999978,0.02859399999999998,0.0017660000000000002,0.118454,0.028542999999999985,0.02632599999999999,0,0,0,0,0,0,1,1,0,21/07/12,10000,1,0.8,4,62788,0,8,0.5,false,false,false,0,0,0,0,0,0,0,110,0,0,0
wt040_116,40,4,57.04151893872768,56.048613,16.781799,9.35120699999996,2.3225259999999963,39.181645,0.08155700000000365,9.332230000000052,5.530739000000132,0,15566,15566,0.0017375635496661584,15566,15539,926,202,3,21/07/12,10000,1,0.8,4,39100,4059,8,0.5,false,false,false,0,0,0,0,0,0,0,110,0,0,0
wt050_001,50,4,38.361982055939734,38.058047,5.769200999999995,3.0655849999999703,0.9176009999999977,32.162249,0.12341100000000438,3.0535469999998455,1.3249680000000268,0,785,785,0.010296010282759317,785,777,342,173,3,21/07/12,10000,1,0.8,4,49336,25068,8,0.5,false,false,false,0,0,0,0,0,0,0,110,0,0,0
wt040_111,40,4,60.35133326519281,59.495582,14.553187000000001,7.824280000000009,1.421293999999996,44.837149000000004,0.10009000000000157,7.8057330000000675,3.8862849999999227,0,11263,11263,0.004548697823354557,11263,11212,988,241,4,21/07/12,10000,1,0.8,4,44202,5987,8,0.5,false,false,false,0,0,0,0,0,0,0,110,0,0,0
wt050_001,50,4,44.79209749214351,44.459932,6.018331000000003,3.4792500000000146,0.8413610000000062,38.291141999999994,0.142706000000004,3.4553280000000086,1.778218999999936,0,785,785,0.010296010282759317,785,777,371,159,3,21/07/12,10000,1,0.8,4,49336,25068,8,0.5,false,false,false,0,0,0,0,0,0,0,110,0,0,0
wt050_021,50,4,37.61554665490985,37.476850999999996,1.9911599999999936,1.983659000000003,1.983660999999998,35.382838,0.09778299999999973,1.982420999999981,0.7205669999999742,0,59440,59440,0,59440,59440,450,450,0,21/07/12,10000,1,0.8,4,52568,0,8,0.5,false,false,false,0,0,0,0,0,0,0,110,0,0,0
wt050_026,50,4,37.218210029415786,37.041343000000005,0.6918480000000002,0.6834499999999935,0.6834539999999976,36.223442000000006,0.11800399999999911,0.6827800000000224,0.06685100000000688,0,54,54,0,54,54,182,182,0,21/07/12,10000,1,0.8,4,47962,0,8,0.5,false,false,false,0,0,0,0,0,0,0,110,0,0,0
wt050_026,50,4,40.32095620408654,40.111988,0.7749069999999989,0.7669309999999996,0.7669339999999991,39.200484,0.1255039999999994,0.7661819999999864,0.07153499999999724,0,54,54,0,54,54,187,187,0,21/07/12,10000,1,0.8,4,47962,0,8,0.5,false,false,false,0,0,0,0,0,0,0,110,0,0,0
wt050_021,50,4,46.412763042375445,46.247438,3.240298000000003,3.229146,3.229150000000004,42.858259000000004,0.13934400000000124,3.2272899999999964,0.997796000000001,0,59440,59440,0,59440,59440,516,516,0,21/07/12,10000,1,0.8,4,52568,0,8,0.5,false,false,false,0,0,0,0,0,0,0,110,0,0,0
wt040_036,40,4,76.21145555563271,74.216909,33.669828,16.03918700000026,1.0412560000000042,40.456236,0.08285200000000259,15.991395999998929,8.280230000000337,0,6420,6420,0.010228166796187542,6420,6355,1815,179,10,21/07/12,10000,1,0.8,4,37210,7282,8,0.5,false,false,false,0,0,0,0,0,0,0,110,0,0,0
wt050_006,50,4,51.056414403021336,50.680775000000004,6.6944190000000035,3.5916620000000066,1.043289999999999,43.887714,0.09730599999999612,3.584994999999978,1.3885100000000037,0,8317,8317,0.00228970836318514,8317,8298,481,298,2,21/07/12,10000,1,0.8,4,53944,13587,8,0.5,false,false,false,0,0,0,0,0,0,0,110,0,0,0
wt050_031,50,4,51.33939007576555,51.166489999999996,1.0696450000000013,1.0578750000000028,1.0578789999999998,49.967219,0.12605500000000092,1.0569920000001005,0.19738800000001788,0,3061,3061,0,3061,3061,243,243,0,21/07/12,10000,1,0.8,4,53666,0,8,0.5,false,false,false,0,0,0,0,0,0,0,110,0,0,0
wt050_016,50,4,57.69799128361046,57.533182,2.1615189999999984,2.1503219999999956,2.1503259999999997,55.254015,0.10782600000000286,2.1489509999999754,0.8621540000000039,0,25376,25376,0,25376,25376,338,338,0,21/07/12,10000,1,0.8,4,47444,0,8,0.5,false,false,false,0,0,0,0,0,0,0,110,0,0,0
wt050_056,50,4,44.89606032241136,44.551111000000006,7.745952000000003,5.097007000000055,0.6408620000000056,36.689707,0.10419600000000173,5.046707999999946,3.029198000000136,0,570,570,0.059479553792788936,570,538,689,180,4,21/07/12,10000,1,0.8,4,52696,23162,8,0.5,false,false,false,0,0,0,0,0,0,0,110,0,0,0
wt050_016,50,4,60.965616228058934,60.371728000000004,7.541457000000001,4.306704000000032,2.5462169999999986,52.702818,0.1201859999999968,4.30226300000006,1.8890859999999634,0,25376,25376,3.940886699352083e-05,25376,25375,410,344,1,21/07/12,10000,1,0.8,4,47444,1476,8,0.5,false,false,false,0,0,0,0,0,0,0,110,0,0,0
wt050_031,50,4,58.6909817000851,58.51869799999999,1.271729999999998,1.2663439999999966,1.2663459999999986,57.088037,0.151015000000001,1.2653600000000012,0.2415669999999963,0,3061,3061,0,3061,3061,253,253,0,21/07/12,10000,1,0.8,4,53666,0,8,0.5,false,false,false,0,0,0,0,0,0,0,110,0,0,0
wt050_006,50,4,64.53464418184012,63.981905,9.660022000000005,5.046302000000011,1.1597679999999997,54.186996,0.1306459999999987,5.036566000000221,2.0459209999999004,0,8317,8317,0.00228970836318514,8317,8298,512,257,2,21/07/12,10000,1,0.8,4,53944,13500,8,0.5,false,false,false,0,0,0,0,0,0,0,110,0,0,0
wt040_001,40,2,24.9268955970183,24.685074,6.284206000000001,4.5142440000000015,0.9277510000000007,18.251191,0.14550200000000046,4.496228999999989,2.6666179999999926,0,606,606,0.037671232812206794,606,584,484,201,2,21/07/12,10000,1,0.8,4,50934,28284,8,0.5,false,false,false,0,0,0,0,0,0,0,110,0,0,0
wt050_046,50,4,56.31742205657065,55.609448,9.315509000000006,5.846157000000012,3.952821,46.15594,0.13085099999999983,5.840479999999928,1.74130599999976,0,44455,44455,6.748852694890019e-05,44455,44452,448,344,2,21/07/12,10000,1,0.8,4,53068,2202,8,0.5,false,false,false,0,0,0,0,0,0,0,110,0,0,0
wt040_011,40,2,19.20217176154256,18.83753,2.917981000000001,1.6188719999999996,0.9375739999999997,15.809322000000002,0.10462599999999966,1.6160769999999989,0.48180500000001203,0,9617,9617,0.0026063386152412075,9617,9592,303,237,1,21/07/12,10000,1,0.8,4,53120,10570,8,0.5,false,false,false,0,0,0,0,0,0,0,110,0,0,0
wt050_066,50,4,50.7274223100394,50.595997999999994,4.038153999999999,4.019734,4.019736999999999,46.436754,0.11286400000000185,4.017935000000051,0.7487040000000178,0,23138,23138,0,23138,23138,495,495,0,21/07/12,10000,1,0.8,4,47436,0,8,0.5,false,false,false,0,0,0,0,0,0,0,110,0,0,0
wt040_001,40,2,27.864735471084714,27.551075,9.572207000000002,6.681174999999989,1.0820299999999996,17.846111999999998,0.12853600000000043,6.666351000000002,4.605775000000012,0,606,606,0.037671232812206794,606,584,463,193,3,21/07/12,10000,1,0.8,4,50934,28236,8,0.5,false,false,false,0,0,0,0,0,0,0,110,0,0,0
wt050_011,50,4,71.88021988514811,71.193741,11.453057999999999,5.3311850000000405,1.6149100000000018,59.598707,0.1384439999999998,5.32501699999974,1.9097609999999179,0,12879,12879,0.000621552326888233,12879,12871,404,292,2,21/07/12,10000,1,0.8,4,49196,6655,8,0.5,false,false,false,0,0,0,0,0,0,0,110,0,0,0
wt050_056,50,4,56.233809346333146,55.598842,14.882325000000002,9.902113000000021,0.9176270000000031,40.578101999999994,0.134763999999997,9.807284000000024,6.400752000000011,0,570,570,0.059479553792788936,570,538,730,174,4,21/07/12,10000,1,0.8,4,52696,23188,8,0.5,false,false,false,0,0,0,0,0,0,0,110,0,0,0
wt050_046,50,4,59.90850325487554,58.793760999999996,13.515262,6.398567000000014,2.857064000000001,45.119808,0.15517400000000237,6.389354999999895,1.1295199999999852,0,44455,44455,6.748852694890019e-05,44455,44452,584,473,3,21/07/12,10000,1,0.8,4,53068,2181,8,0.5,false,false,false,0,0,0,0,0,0,0,110,0,0,0
wt040_006,40,2,26.95516506768763,26.302202,8.231171,3.613584000000003,1.2460869999999993,17.916641000000002,0.15116000000000085,3.602148000000007,1.4888559999999877,0,3886,3886,0.0028387096766867848,3886,3875,507,226,3,21/07/12,10000,1,0.8,4,54678,14289,8,0.5,false,false,false,0,0,0,0,0,0,0,110,0,0,0
wt040_051,40,2,0.27682655584067106,0.248992,0.072794,0.06474100000000002,0.06474400000000002,0.0006160000000000002,0.170355,0.06468399999999999,0.057331999999999994,0,0,0,0,0,0,1,1,0,21/07/12,10000,1,0.8,4,69618,0,8,0.5,false,false,false,0,0,0,0,0,0,0,110,0,0,0
wt040_006,40,2,28.52709211409092,28.08035,5.465347999999999,2.4445420000000126,1.0331069999999976,22.48359,0.12693200000000004,2.437415999999981,0.9032410000000013,0,3886,3886,0.0028387096766867848,3886,3875,345,220,2,21/07/12,10000,1,0.8,4,54678,14912,8,0.5,false,false,false,0,0,0,0,0,0,0,110,0,0,0
wt040_051,40,2,0.2750049438327551,0.242956,0.06308300000000003,0.056184999999999985,0.05618899999999999,0.0005190000000000021,0.175165,0.05612900000000001,0.049994999999999984,0,0,0,0,0,0,1,1,0,21/07/12,10000,1,0.8,4,69618,0,8,0.5,false,false,false,0,0,0,0,0,0,0,110,0,0,0
wt040_061,40,4,104.96994083933532,101.337201,55.775552,21.852712000000047,1.8260330000000025,45.46765,0.08524399999999588,21.783703000000152,9.435717999999689,0,7357,7357,0.005741626793473462,7357,7315,2738,214,37,21/07/12,10000,1,0.8,4,37862,5493,8,0.5,false,false,false,0,0,0,0,0,0,0,110,0,0,0
wt050_011,50,4,79.44476599246264,78.447127,14.002865999999997,6.323340999999928,1.7273229999999984,64.30985299999999,0.12477499999999964,6.311979000000349,1.7710209999999336,0,12879,12879,0.000621552326888233,12879,12871,580,305,3,21/07/12,10000,1,0.8,4,49196,6738,8,0.5,false,false,false,0,0,0,0,0,0,0,110,0,0,0
wt050_081,50,4,56.731281351298094,56.554849,2.3777310000000043,2.1023020000000017,1.0944339999999997,54.06925,0.10261699999999507,2.0944280000000433,0.9331690000000137,0,495,495,0.035564853482081896,495,478,282,219,1,21/07/12,10000,1,0.8,4,63324,25129,8,0.5,false,false,false,0,0,0,0,0,0,0,110,0,0,0
wt040_026,40,2,16.384251434355974,16.247621000000002,0.7066220000000012,0.6997659999999986,0.6997700000000009,15.391655,0.14524399999999993,0.6991789999999849,0.14784000000000042,0,87,87,0,87,87,151,151,0,21/07/12,10000,1,0.8,4,59514,0,8,0.5,false,false,false,0,0,0,0,0,0,0,110,0,0,0
wt040_026,40,2,17.39377256948501,17.213205000000002,0.7723070000000014,0.7686089999999979,0.7686109999999999,16.288103,0.14803099999999958,0.7679909999999808,0.14815600000000018,0,87,87,0,87,87,150,150,0,21/07/12,10000,1,0.8,4,59514,0,8,0.5,false,false,false,0,0,0,0,0,0,0,110,0,0,0
wt040_011,40,2,27.785037687048316,27.363495999999998,4.671741000000001,2.361551999999989,1.0881030000000003,22.563063999999997,0.12071500000000057,2.3571880000000185,0.7543699999999944,0,9617,9617,0.0026063386152412075,9617,9592,388,223,1,21/07/12,10000,1,0.8,4,53120,11034,8,0.5,false,false,false,0,0,0,0,0,0,0,110,0,0,0
wt040_021,40,2,22.647669437341392,22.411306,2.4155750000000005,2.404954,2.4049580000000006,19.878649000000003,0.11374400000000051,2.4030510000000014,0.7934150000000066,0,41048,41048,0,41048,41048,534,534,0,21/07/12,10000,1,0.8,4,40900,0,8,0.5,false,false,false,0,0,0,0,0,0,0,110,0,0,0
wt040_076,40,2,0.22068349551409483,0.18946200000000002,0.03617100000000001,0.03212599999999999,0.03212699999999999,0.0009209999999999999,0.143888,0.032104999999999995,0.02926200000000001,0,0,0,0,0,0,1,1,0,21/07/12,10000,1,0.8,4,62410,0,8,0.5,false,false,false,0,0,0,0,0,0,0,110,0,0,0
wt040_076,40,2,0.22907925676554441,0.205163,0.039582000000000006,0.03311799999999998,0.033120999999999984,0.00033299999999999996,0.162653,0.03306499999999998,0.030013999999999985,0,0,0,0,0,0,1,1,0,21/07/12,10000,1,0.8,4,62410,0,8,0.5,false,false,false,0,0,0,0,0,0,0,110,0,0,0
wt050_066,50,4,64.2627868168056,64.10669399999999,5.126766999999994,5.109218999999996,5.109222000000003,58.869047,0.10290300000000485,5.107508000000074,1.2240220000000122,0,23138,23138,0,23138,23138,431,431,0,21/07/12,10000,1,0.8,4,47436,0,8,0.5,false,false,false,0,0,0,0,0,0,0,110,0,0,0
wt040_021,40,2,22.849309041164815,22.641433,1.7528970000000008,1.7444500000000005,1.7444539999999975,20.809026000000003,0.07723299999999966,1.7429960000000548,0.7232059999999905,0,41048,41048,0,41048,41048,477,477,0,21/07/12,10000,1,0.8,4,40900,0,8,0.5,false,false,false,0,0,0,0,0,0,0,110,0,0,0
wt050_036,50,4,83.96425428707153,83.621545,3.540850000000006,2.348265999999967,1.816513999999998,79.918395,0.15609999999999502,2.3452490000002513,0.9457599999999928,0,10796,10796,0.00018528812301414784,10796,10794,288,274,1,21/07/12,10000,1,0.8,4,57986,2182,8,0.5,false,false,false,0,0,0,0,0,0,0,110,0,0,0
wt050_081,50,4,65.18649914860725,64.980548,2.4034799999999947,2.152626000000012,1.3411660000000012,62.413999000000004,0.15936099999999698,2.14534900000006,0.7788280000000327,0,495,495,0.035564853482081896,495,478,279,229,1,21/07/12,10000,1,0.8,4,63324,21515,8,0.5,false,false,false,0,0,0,0,0,0,0,110,0,0,0
wt040_046,40,2,20.559171529486775,20.442163,2.3174080000000004,2.3108470000000025,2.3108499999999985,18.033588,0.08704499999999982,2.308759999999996,0.6763039999999947,0,34146,34146,0,34146,34146,618,618,0,21/07/12,10000,1,0.8,4,34756,0,8,0.5,false,false,false,0,0,0,0,0,0,0,110,0,0,0
wt050_091,50,4,69.82028739340603,69.170642,11.471308999999998,6.951297999999987,4.511482000000001,57.486812,0.20496200000000186,6.945351000000009,3.1325599999999483,0,26551,26551,0.0001883522941238472,26551,26546,512,320,1,21/07/12,10000,1,0.8,4,63460,2282,8,0.5,false,false,false,0,0,0,0,0,0,0,110,0,0,0
wt040_046,40,2,24.743791699409485,24.585602,2.1379149999999996,2.131557000000001,2.1315600000000003,22.364071,0.08341500000000224,2.1296730000000146,0.600711000000004,0,34146,34146,0,34146,34146,565,565,0,21/07/12,10000,1,0.8,4,34756,0,8,0.5,false,false,false,0,0,0,0,0,0,0,110,0,0,0
wt040_041,40,2,27.45023992843926,26.65286,6.507821999999997,2.4007050000000163,1.4141329999999996,20.037093,0.1047930000000008,2.3963850000000413,0.8187360000000119,0,30802,30802,0.0001298785635388701,30802,30798,456,377,2,21/07/12,10000,1,0.8,4,61714,2593,8,0.5,false,false,false,0,0,0,0,0,0,0,110,0,0,0
wt040_101,40,2,0.26179288793355227,0.22989600000000002,0.04826899999999998,0.040321000000000023,0.040324,0.00025699999999999855,0.181276,0.040263999999999994,0.036518999999999996,0,0,0,0,0,0,1,1,0,21/07/12,10000,1,0.8,4,74392,0,8,0.5,false,false,false,0,0,0,0,0,0,0,110,0,0,0
wt050_041,50,4,92.10848324000835,90.58949700000001,40.338316,18.582340000000066,2.3904390000000006,50.117571000000005,0.12583100000000513,18.544811999999553,7.8582909999998805,0,21806,21806,0.0010558692557932393,21806,21783,1865,370,4,21/07/12,10000,1,0.8,4,59314,6638,8,0.5,false,false,false,0,0,0,0,0,0,0,110,0,0,0
wt040_101,40,2,0.25740377232432365,0.204041,0.038500000000000006,0.03185299999999999,0.031855999999999995,0.0004220000000000005,0.161204,0.031811000000000006,0.02816000000000002,0,0,0,0,0,0,1,1,0,21/07/12,10000,1,0.8,4,74392,0,8,0.5,false,false,false,0,0,0,0,0,0,0,110,0,0,0
wt040_106,40,2,0.2724769562482834,0.23600100000000002,0.04702700000000001,0.039354,0.039356999999999975,0.0009319999999999988,0.183101,0.039296000000000025,0.035824999999999996,0,0,0,0,0,0,1,1,0,21/07/12,10000,1,0.8,4,82078,0,8,0.5,false,false,false,0,0,0,0,0,0,0,110,0,0,0
wt040_106,40,2,0.2564181834459305,0.21587499999999998,0.045905,0.038271,0.038274999999999976,0.0003560000000000004,0.169098,0.038214000000000026,0.03497800000000001,0,0,0,0,0,0,1,1,0,21/07/12,10000,1,0.8,4,82078,0,8,0.5,false,false,false,0,0,0,0,0,0,0,110,0,0,0
wt050_036,50,4,95.83726251963526,95.25518100000001,5.644601000000009,3.0925779999999605,1.7251710000000031,89.48939999999999,0.1172419999999903,3.087331999999975,0.591450999999978,0,10796,10796,0.00018528812301414784,10796,10794,446,279,2,21/07/12,10000,1,0.8,4,57986,2731,8,0.5,false,false,false,0,0,0,0,0,0,0,110,0,0,0
wt050_091,50,4,73.69318347796798,73.08085,10.532317000000006,6.395292000000083,4.142416000000004,62.357155,0.18419600000000003,6.389540999999902,2.0693430000000603,0,26551,26551,0.0001883522941238472,26551,26546,463,360,1,21/07/12,10000,1,0.8,4,63460,2394,8,0.5,false,false,false,0,0,0,0,0,0,0,110,0,0,0
wt040_056,40,2,25.40025369077921,25.169597999999997,2.7953529999999986,2.2319549999999992,1.0097689999999986,22.259611999999997,0.11049500000000023,2.22764999999999,1.0940950000000065,0,1279,1279,0.005503144649761678,1279,1272,307,211,1,21/07/12,10000,1,0.8,4,62972,27456,8,0.5,false,false,false,0,0,0,0,0,0,0,110,0,0,0
wt040_056,40,2,26.086623202078044,25.755765999999998,4.386593999999999,3.395256,1.1536630000000017,21.234557,0.12970400000000026,3.390475999999982,2.0602040000000095,0,1279,1279,0.005503144649761678,1279,1272,309,208,1,21/07/12,10000,1,0.8,4,62972,27465,8,0.5,false,false,false,0,0,0,0,0,0,0,110,0,0,0
wt040_041,40,2,36.28615361917764,35.801141,6.026754999999998,3.0782979999999824,2.5808380000000035,29.645667,0.12465899999999763,3.0749599999999866,1.0994009999999896,0,30802,30802,0.0001298785635388701,30802,30798,429,413,1,21/07/12,10000,1,0.8,4,61714,3084,8,0.5,false,false,false,0,0,0,0,0,0,0,110,0,0,0
wt040_031,40,2,45.734623458236456,45.219221,19.658834,14.380685000000014,1.4989220000000003,25.38546,0.16989000000000232,14.334797999999914,10.03132799999996,0,3812,3812,0.014369345392663825,3812,3758,976,225,3,21/07/12,10000,1,0.8,4,68310,20299,8,0.5,false,false,false,0,0,0,0,0,0,0,110,0,0,0
wt040_031,40,2,51.31306946091354,50.534853,24.764551,19.152622,0.9462410000000006,25.648306,0.11753299999999811,19.09114600000011,14.398091000000083,0,3812,3812,0.014369345392663825,3812,3758,1327,239,3,21/07/12,10000,1,0.8,4,68310,22133,8,0.5,false,false,false,0,0,0,0,0,0,0,110,0,0,0
wt040_091,40,2,32.96248894184828,32.635874,3.683690000000002,3.669056000000001,3.6690600000000018,28.716593,0.23078600000000193,3.6667009999998434,1.1421070000000064,0,26075,26075,0,26075,26075,530,530,0,21/07/12,10000,1,0.8,4,71306,0,8,0.5,false,false,false,0,0,0,0,0,0,0,110,0,0,0
wt050_121,50,4,85.79583031404763,84.268536,35.000315,16.27720100000009,2.8141880000000015,49.136921,0.1205410000000029,16.25133300000001,5.334860999999435,0,23792,23792,0.0010097610231820195,23792,23768,1371,293,4,21/07/12,10000,1,0.8,4,55798,6215,8,0.5,false,false,false,0,0,0,0,0,0,0,110,0,0,0
wt040_071,40,2,46.44247869774699,45.522301,21.869875,9.382022999999972,2.2601359999999993,23.501213,0.1479270000000028,9.36629100000005,3.4419060000000137,0,47952,47952,0.00035464691769365503,47952,47935,1747,457,3,21/07/12,10000,1,0.8,4,50128,4341,8,0.5,false,false,false,0,0,0,0,0,0,0,110,0,0,0
wt040_071,40,2,46.661464602686465,45.639233,20.887163,7.315220999999994,2.751812000000001,24.603212,0.1440509999999975,7.30734099999999,2.9081969999999977,0,47952,47952,0.00035464691769365503,47952,47935,739,480,2,21/07/12,10000,1,0.8,4,50128,4236,8,0.5,false,false,false,0,0,0,0,0,0,0,110,0,0,0
wt040_096,40,2,31.966882943175733,31.491553,6.579363999999998,4.243305000000014,3.279039000000001,24.715483,0.19052100000000038,4.2390710000000595,1.5476550000000024,0,66116,66116,9.075782786128033e-05,66116,66110,662,513,1,21/07/12,10000,1,0.8,4,62500,2291,8,0.5,false,false,false,0,0,0,0,0,0,0,110,0,0,0
wt040_086,40,2,44.9349863473326,44.087542,16.333893999999997,8.647020000000015,3.5561320000000016,27.584336,0.16357100000000102,8.634189999999958,2.68511099999996,0,6048,6048,0.008672448297419538,6048,5996,1216,407,3,21/07/12,10000,1,0.8,4,71928,7839,8,0.5,false,false,false,0,0,0,0,0,0,0,110,0,0,0
wt040_091,40,2,34.22583397291601,33.992906,3.401054999999996,3.387415999999998,3.3874189999999977,30.366692,0.2219409999999975,3.385272999999934,0.5914039999999972,0,26075,26075,0,26075,26075,482,482,0,21/07/12,10000,1,0.8,4,71306,0,8,0.5,false,false,false,0,0,0,0,0,0,0,110,0,0,0
wt040_096,40,2,33.788930722512305,33.227322,8.216720000000002,4.824730000000017,3.5925319999999985,24.835034,0.1751970000000007,4.820248000000035,1.7883120000000403,0,66116,66116,9.075782786128033e-05,66116,66110,626,445,1,21/07/12,10000,1,0.8,4,62500,2367,8,0.5,false,false,false,0,0,0,0,0,0,0,110,0,0,0
wt040_121,40,2,31.54493792168796,30.638307,10.004452999999998,4.717055999999957,3.228283000000001,20.471451000000002,0.15797199999999734,4.711773999999995,1.6644789999999965,0,64516,64516,0.00013951974204133629,64516,64507,573,460,2,21/07/12,10000,1,0.8,4,68842,2159,8,0.5,false,false,false,0,0,0,0,0,0,0,110,0,0,0
wt050_096,50,4,105.69844779279083,103.65091500000001,51.529113,20.10359900000021,3.203226000000001,51.988921,0.12342899999999446,20.077715999999633,6.485669000000783,0,50326,50326,0.00027826363491258025,50326,50312,1006,321,5,21/07/12,10000,1,0.8,4,58562,4691,8,0.5,false,false,false,0,0,0,0,0,0,0,110,0,0,0
wt050_086,50,4,110.87338668387383,109.73777199999999,34.595758000000004,16.79795000000003,3.7852029999999957,75.00045399999999,0.13756200000000263,16.765054999999805,5.273776999999981,0,8369,8369,0.004923150815931418,8369,8328,1444,321,3,21/07/12,10000,1,0.8,4,59906,6436,8,0.5,false,false,false,0,0,0,0,0,0,0,110,0,0,0
wt050_086,50,4,115.29865695536137,113.844165,37.373766,18.456418999999997,3.176456999999999,76.273814,0.18903499999998985,18.419869999999776,8.898692999999867,0,8369,8369,0.004923150815931418,8369,8328,1312,208,3,21/07/12,10000,1,0.8,4,59906,6403,8,0.5,false,false,false,0,0,0,0,0,0,0,110,0,0,0
wt040_121,40,2,38.84327855613083,37.860772,11.358419000000001,4.858430999999957,3.240421999999999,26.285483,0.21586300000000236,4.852287999999906,1.7852240000000172,0,64516,64516,0.00013951974204133629,64516,64507,618,485,2,21/07/12,10000,1,0.8,4,68842,1987,8,0.5,false,false,false,0,0,0,0,0,0,0,110,0,0,0
wt040_086,40,2,57.33303147368133,55.968607,18.563132000000003,10.308053000000008,2.666606999999999,37.223528,0.1777669999999958,10.28755099999973,4.372094999999916,0,6048,6048,0.008672448297419538,6048,5996,1640,389,3,21/07/12,10000,1,0.8,4,71928,7830,8,0.5,false,false,false,0,0,0,0,0,0,0,110,0,0,0
wt050_041,50,4,140.70036355685443,137.72433299999997,83.24817700000001,37.36877200000004,2.1075069999999982,54.338930999999995,0.1294329999999988,37.30392499999984,18.757817999999595,0,21806,21806,0.0010558692557932393,21806,21783,2687,339,9,21/07/12,10000,1,0.8,4,59314,6606,8,0.5,false,false,false,0,0,0,0,0,0,0,110,0,0,0
wt050_121,50,4,114.41920851822942,112.820782,36.117487999999994,17.325012999999927,3.3753679999999946,76.49663600000001,0.19883799999999496,17.29732900000043,6.547269999999955,0,23792,23792,0.0010097610231820195,23792,23768,1229,287,3,21/07/12,10000,1,0.8,4,55798,6137,8,0.5,false,false,false,0,0,0,0,0,0,0,110,0,0,0
wt050_096,50,4,123.67254937440157,120.838065,65.80346700000001,23.851145999999943,3.7707180000000022,54.875561999999995,0.15184399999999698,23.819890000000015,8.062984000000107,0,50326,50326,0.00027826363491258025,50326,50312,1135,324,7,21/07/12,10000,1,0.8,4,58562,4674,8,0.5,false,false,false,0,0,0,0,0,0,0,110,0,0,0
wt050_071,50,4,131.4396530110389,128.316476,80.728799,33.31993499999997,3.175849999999997,47.413655,0.1621769999999998,33.26429500000027,13.287073000000149,0,42645,42645,0.0004692082111326872,42645,42625,2652,361,9,21/07/12,10000,1,0.8,4,51240,6441,8,0.5,false,false,false,0,0,0,0,0,0,0,110,0,0,0
wt050_051,50,2,0.5774012869223952,0.5122909999999999,0.14881300000000003,0.13248700000000008,0.13249,0.000503,0.358913,0.13241399999999998,0.11972800000000011,0,0,0,0,0,0,1,1,0,21/07/12,10000,1,0.8,4,91158,0,8,0.5,false,false,false,0,0,0,0,0,0,0,110,0,0,0
wt050_051,50,2,0.370343173854053,0.313355,0.05611700000000003,0.050012,0.050014,0.0006469999999999983,0.24873700000000004,0.049983,0.04521599999999998,0,0,0,0,0,0,1,1,0,21/07/12,10000,1,0.8,4,91158,0,8,0.5,false,false,false,0,0,0,0,0,0,0,110,0,0,0
wt050_026,50,2,28.131932423450053,27.938729,2.1781170000000003,2.1626220000000025,2.1626270000000005,25.474767,0.27752399999999966,2.1614380000000004,0.37973300000000165,0,26,26,0,26,26,244,244,0,21/07/12,10000,1,0.8,4,85442,0,8,0.5,false,false,false,0,0,0,0,0,0,0,110,0,0,0
wt050_026,50,2,25.350927732884884,25.078278,2.473990999999998,2.4615279999999977,2.4615309999999972,22.346221,0.24998099999999823,2.4602040000000045,0.43035599999999974,0,26,26,0,26,26,256,256,0,21/07/12,10000,1,0.8,4,85442,0,8,0.5,false,false,false,0,0,0,0,0,0,0,110,0,0,0
wt050_001,50,2,52.471640748903155,51.89491099999999,28.116829999999997,21.960638000000014,2.131573999999997,23.483285,0.2913470000000018,21.856265000000125,15.812564999999971,0,1268,1268,0.029220779197061054,1268,1232,935,220,3,21/07/12,10000,1,0.8,4,86148,52961,8,0.5,false,false,false,0,0,0,0,0,0,0,110,0,0,0
wt040_081,40,2,79.54024461936206,78.51008800000001,39.46171999999999,28.50609999999996,2.416074000000002,38.867675,0.1781350000000046,28.43460100000012,19.68287399999995,0,571,571,0.26607538743663994,571,451,1785,288,8,21/07/12,10000,1,0.8,4,66352,24356,8,0.5,false,false,false,0,0,0,0,0,0,0,110,0,0,0
wt050_116,50,4,131.34174633864313,129.646405,62.856435000000005,34.956371000000004,3.798282999999998,66.624492,0.157716999999991,34.87372000000005,19.124270999999823,-0.0005191209551376431,11558,11552,0.003646149839079247,11561,11519,2535,259,4,21/07/12,10000,1,0.8,4,53134,8649,8,0.5,false,false,false,0,0,0,0,0,0,0,110,0,0,0
wt050_021,50,2,35.21138501074165,34.403908,11.080928999999998,5.872200999999979,4.999077,23.082587,0.23622999999999905,5.866503000000019,1.686477,0,111069,111069,1.8007148837926595e-05,111069,111067,721,626,1,21/07/12,10000,1,0.8,4,73642,2359,8,0.5,false,false,false,0,0,0,0,0,0,0,110,0,0,0
wt050_001,50,2,54.491981614381075,53.716053,31.435975,23.762539,2.483481000000001,21.986536,0.2837619999999994,23.66360899999999,17.652524000000003,0,1268,1268,0.029220779197061054,1268,1232,809,246,3,21/07/12,10000,1,0.8,4,86148,52959,8,0.5,false,false,false,0,0,0,0,0,0,0,110,0,0,0
wt040_081,40,2,86.22945672739297,84.417001,48.623008000000006,30.471524000000137,2.1114980000000045,35.631124,0.1593990000000005,30.370082999999866,20.110689999999927,0,571,571,0.27272727212255593,574,451,3061,294,14,21/07/12,10000,1,0.8,4,66352,24511,8,0.5,false,false,false,0,0,0,0,0,0,0,110,0,0,0
wt050_076,50,2,0.46656353306025267,0.386082,0.07962799999999998,0.06762699999999999,0.067629,0.0007719999999999984,0.301752,0.067573,0.061012999999999984,0,0,0,0,0,0,1,1,0,21/07/12,10000,1,0.8,4,115642,0,8,0.5,false,false,false,0,0,0,0,0,0,0,110,0,0,0
wt050_071,50,4,150.76837533619255,147.072659,92.496133,35.48682799999996,2.0828500000000005,54.444521,0.1279660000000007,35.42177300000073,14.48284299999986,0,42645,42645,0.0004692082111326872,42645,42625,2263,403,10,21/07/12,10000,1,0.8,4,51240,6467,8,0.5,false,false,false,0,0,0,0,0,0,0,110,0,0,0
wt050_006,50,2,55.72235053498298,54.996663,15.072014000000003,7.871678000000003,3.459492999999995,39.677248999999996,0.2399909999999963,7.861372999999901,3.718701000000003,0,14272,14272,0.0007713344084726643,14272,14261,627,445,2,21/07/12,10000,1,0.8,4,95648,25272,8,0.5,false,false,false,0,0,0,0,0,0,0,110,0,0,0
wt050_076,50,2,0.5457978518679738,0.489557,0.16509399999999996,0.14665099999999998,0.146654,0.001017999999999998,0.31585300000000005,0.146584,0.13517399999999996,0,0,0,0,0,0,1,1,0,21/07/12,10000,1,0.8,4,115642,0,8,0.5,false,false,false,0,0,0,0,0,0,0,110,0,0,0
wt040_111,40,2,73.47463249135762,71.81431300000001,44.41863000000001,16.65862499999997,3.0549730000000004,27.169974,0.22083800000000053,16.630219000000356,7.481363999999967,0,17936,17936,0.0021791361679511013,17936,17897,2069,400,7,21/07/12,10000,1,0.8,4,85720,5732,8,0.5,false,false,false,0,0,0,0,0,0,0,110,0,0,0
wt050_111,50,4,142.86963077634573,139.953858,54.87546000000002,20.338013000000245,2.6635009999999966,84.897819,0.17060999999999638,20.30139100000008,7.7763899999999495,0,10069,10069,0.002189708370439961,10069,10047,1164,334,9,21/07/12,10000,1,0.8,4,65988,4087,8,0.5,false,false,false,0,0,0,0,0,0,0,110,0,0,0
wt050_116,50,4,140.4700024742633,138.417417,62.19884699999999,26.126456000000175,4.030660999999995,76.074693,0.13994800000000396,26.08128800000027,11.819291999999862,0,11552,11552,0.0028648320164194087,11552,11519,1655,268,7,21/07/12,10000,1,0.8,4,53134,7432,8,0.5,false,false,false,0,0,0,0,0,0,0,110,0,0,0
wt040_111,40,2,79.3092288998887,77.232658,50.320927,21.582420999999947,3.402604,26.674268,0.23295200000000094,21.537786999999632,10.02425800000001,0,17936,17936,0.0021791361679511013,17936,17897,3558,417,10,21/07/12,10000,1,0.8,4,85720,5715,8,0.5,false,false,false,0,0,0,0,0,0,0,110,0,0,0
wt050_021,50,2,48.45599066931754,47.720116,11.891706,5.973310000000026,5.067588000000001,35.589967,0.2344890000000035,5.967744000000039,1.5576929999999933,0,111069,111069,1.8007148837926595e-05,111069,111067,768,710,1,21/07/12,10000,1,0.8,4,73642,2443,8,0.5,false,false,false,0,0,0,0,0,0,0,110,0,0,0
wt040_016,40,2,119.62521866429597,116.490755,99.064527,38.242525000000015,1.5227770000000014,17.297062,0.12481199999999859,38.167564999999726,19.702167000000046,0,38356,38356,0.0020639026046434176,38356,38277,4293,336,10,21/07/12,10000,1,0.8,4,57228,10297,8,0.5,false,false,false,0,0,0,0,0,0,0,110,0,0,0
wt050_101,50,2,0.4065698543563485,0.386996,0.075127,0.06468799999999997,0.06469199999999997,0.0008160000000000008,0.303928,0.06462499999999999,0.05905899999999997,0,0,0,0,0,0,1,1,0,21/07/12,10000,1,0.8,4,102596,0,8,0.5,false,false,false,0,0,0,0,0,0,0,110,0,0,0
wt050_011,50,2,52.62953821197152,51.779488,14.135195000000003,6.471065999999993,2.402695999999999,37.45037,0.1862299999999948,6.465129999999917,2.965629000000064,0,23028,23028,0.001217391304294896,23028,23000,577,414,1,21/07/12,10000,1,0.8,4,86906,16413,8,0.5,false,false,false,0,0,0,0,0,0,0,110,0,0,0
wt050_101,50,2,0.39725980162620544,0.357087,0.07289400000000001,0.06300100000000003,0.063004,0.0016200000000000034,0.272842,0.062942,0.05773000000000006,0,0,0,0,0,0,1,1,0,21/07/12,10000,1,0.8,4,102596,0,8,0.5,false,false,false,0,0,0,0,0,0,0,110,0,0,0
wt050_106,50,2,0.4404322598129511,0.380414,0.08115800000000001,0.06997700000000001,0.06997900000000001,0.0008669999999999997,0.29033400000000004,0.06992300000000001,0.06320100000000001,0,0,0,0,0,0,1,1,0,21/07/12,10000,1,0.8,4,118156,0,8,0.5,false,false,false,0,0,0,0,0,0,0,110,0,0,0
wt050_106,50,2,0.4506587851792574,0.408045,0.08136500000000002,0.06955100000000003,0.06955500000000003,0.0015030000000000009,0.31318700000000005,0.069498,0.06345800000000001,0,0,0,0,0,0,1,1,0,21/07/12,10000,1,0.8,4,118156,0,8,0.5,false,false,false,0,0,0,0,0,0,0,110,0,0,0
wt050_011,50,2,59.646900405175984,58.856707,12.409644999999998,6.551752000000022,2.6348569999999967,46.203475,0.2389739999999989,6.545739999999938,2.782485000000044,0,23028,23028,0.001217391304294896,23028,23000,685,427,1,21/07/12,10000,1,0.8,4,86906,16373,8,0.5,false,false,false,0,0,0,0,0,0,0,110,0,0,0
wt050_006,50,2,75.00412430800498,73.916555,31.188650000000003,13.420492000000081,4.2100480000000005,42.449328,0.2674870000000027,13.397688000000159,6.787520999999991,0,14272,14272,0.0007713344084726643,14272,14261,915,413,4,21/07/12,10000,1,0.8,4,95648,26607,8,0.5,false,false,false,0,0,0,0,0,0,0,110,0,0,0
wt040_016,40,2,142.39689944963902,138.910629,112.340791,44.61314300000003,2.1158709999999985,26.420804999999998,0.144404999999999,44.53084699999971,24.56441899999961,0,38356,38356,0.0020639026046434176,38356,38277,4249,326,11,21/07/12,10000,1,0.8,4,57228,10276,8,0.5,false,false,false,0,0,0,0,0,0,0,110,0,0,0
wt040_036,40,2,130.10618598107249,126.048438,91.574408,45.21527600000019,2.024200999999998,34.313972,0.15112700000000245,45.044408999999575,24.37955099999919,0,10713,10713,0.0049718574104153975,10713,10660,7232,329,29,21/07/12,10000,1,0.8,4,63192,10009,8,0.5,false,false,false,0,0,0,0,0,0,0,110,0,0,0
wt050_071,50,2,35.69899962283671,35.406671,4.700042999999997,4.690210999999998,4.690214000000001,30.433588,0.26917600000000164,4.6877699999999045,1.2319330000000015,0,78532,78532,0,78532,78532,554,554,0,21/07/12,10000,1,0.8,4,84552,0,8,0.5,false,false,false,0,0,0,0,0,0,0,110,0,0,0
wt050_056,50,2,53.09277251455933,52.623246,17.604463000000003,12.460218999999995,2.462079000000003,34.745318999999995,0.26512400000000014,12.433757000000007,8.296168000000009,0,761,761,0.04246575336648527,761,730,636,237,2,21/07/12,10000,1,0.8,4,97306,46097,8,0.5,false,false,false,0,0,0,0,0,0,0,110,0,0,0
wt040_116,40,2,109.4702669819817,107.249068,73.648684,33.03438799999991,2.2906720000000007,33.473377,0.1172070000000005,32.97066199999943,15.892441999999889,0,25870,25870,0.004114267970652295,25870,25764,4820,372,8,21/07/12,10000,1,0.8,4,68976,11615,8,0.5,false,false,false,0,0,0,0,0,0,0,110,0,0,0
wt040_116,40,2,110.91395816393197,108.60840400000001,73.32076799999999,30.457240000000027,2.9246320000000026,35.138774999999995,0.14837299999999942,30.412163999999862,15.577408000000219,0,25870,25870,0.004114267970652295,25870,25764,4007,366,8,21/07/12,10000,1,0.8,4,68976,11745,8,0.5,false,false,false,0,0,0,0,0,0,0,110,0,0,0
wt050_056,50,2,53.09855772275478,52.358258,16.798951000000002,12.201587999999987,2.4620689999999996,35.288195,0.2628879999999967,12.158564999999847,8.039736000000033,0,761,761,0.04246575336648527,761,730,622,242,2,21/07/12,10000,1,0.8,4,97306,45898,8,0.5,false,false,false,0,0,0,0,0,0,0,110,0,0,0
wt040_036,40,2,146.14618586283177,140.71963799999997,106.159966,54.932950000000005,1.726586999999995,34.376873,0.17936199999999758,54.715900999999654,31.080073000000155,0,10713,10713,0.0049718574104153975,10713,10660,9444,277,39,21/07/12,10000,1,0.8,4,63192,10037,8,0.5,false,false,false,0,0,0,0,0,0,0,110,0,0,0
wt050_066,50,2,55.58308226056397,55.350258000000004,6.8572070000000025,6.8412289999999985,6.841233000000003,48.262904,0.2207469999999958,6.838236999999886,1.9428009999999887,0,40907,40907,0,40907,40907,735,735,0,21/07/12,10000,1,0.8,4,84812,0,8,0.5,false,false,false,0,0,0,0,0,0,0,110,0,0,0
wt050_066,50,2,56.325894670560956,55.987471,5.890529999999998,5.8746089999999995,5.874613000000004,49.866034000000006,0.22288300000000305,5.871482000000036,1.2202229999999972,0,40907,40907,0,40907,40907,781,781,0,21/07/12,10000,1,0.8,4,84812,0,8,0.5,false,false,false,0,0,0,0,0,0,0,110,0,0,0
wt050_071,50,2,51.25501268263906,50.938201,6.958279999999995,6.9419929999999965,6.941997000000001,43.672478000000005,0.30346200000000323,6.938523000000011,2.7223800000000082,0,78532,78532,0,78532,78532,735,735,0,21/07/12,10000,1,0.8,4,84552,0,8,0.5,false,false,false,0,0,0,0,0,0,0,110,0,0,0
wt050_081,50,2,49.47361103259027,49.107851999999994,8.999020000000002,7.485913999999994,5.126951000000005,39.772947,0.3318179999999984,7.4699759999999245,1.9265700000000052,0,542,542,0.007434944224098617,542,538,575,434,1,21/07/12,10000,1,0.8,4,121562,54441,8,0.5,false,false,false,0,0,0,0,0,0,0,110,0,0,0
wt050_081,50,2,54.766669334843755,54.233448,10.397154999999998,8.785466999999997,5.635098999999997,43.570071999999996,0.25798699999999997,8.762137999999993,3.1470389999999853,0,542,542,0.007434944224098617,542,538,600,436,1,21/07/12,10000,1,0.8,4,121562,57010,8,0.5,false,false,false,0,0,0,0,0,0,0,110,0,0,0
wt050_111,50,4,199.06654052156955,197.00351799999999,41.59130200000001,17.438789999999983,4.141058000000015,155.227913,0.17676199999999653,17.41183599999931,5.493408000000159,0,10069,10069,0.002189708370439961,10069,10047,955,313,7,21/07/12,10000,1,0.8,4,65988,4100,8,0.5,false,false,false,0,0,0,0,0,0,0,110,0,0,0
wt050_036,50,2,88.31311872415245,87.204678,39.555867000000006,17.70750600000006,4.184353999999999,47.342182,0.2991760000000028,17.680422000000114,7.848746999999932,0,18956,18956,0.003440791911310106,18956,18891,1574,441,4,21/07/12,10000,1,0.8,4,105744,17451,8,0.5,false,false,false,0,0,0,0,0,0,0,110,0,0,0
wt050_036,50,2,100.26857190486044,98.244635,43.481484,18.84932399999999,3.851611999999996,54.449054000000004,0.305731999999999,18.822242999999986,9.038574999999874,0,18956,18956,0.003440791911310106,18956,18891,1519,412,4,21/07/12,10000,1,0.8,4,105744,17614,8,0.5,false,false,false,0,0,0,0,0,0,0,110,0,0,0
wt050_121,50,2,48.128218518570065,47.887646000000004,4.805989000000004,4.797751000000005,4.797753999999998,42.865205,0.2061869999999999,4.794846000000057,0.8077279999999831,0,41696,41696,0,41696,41696,800,800,0,21/07/12,10000,1,0.8,4,99294,0,8,0.5,false,false,false,0,0,0,0,0,0,0,110,0,0,0
wt050_031,50,2,115.5465564057231,114.60124400000001,71.062686,49.46977699999996,3.1557379999999995,43.252288,0.27375700000000336,49.32136100000048,37.933714000000094,0,5378,5378,0.01682737757291976,5378,5289,1692,367,6,21/07/12,10000,1,0.8,4,101260,41987,8,0.5,false,false,false,0,0,0,0,0,0,0,110,0,0,0
wt050_111,50,2,69.43406144343317,68.643812,12.100653000000001,7.227451000000045,5.474539,56.224343,0.31062800000000124,7.220443999999709,1.2873949999999752,0,15564,15564,0.0013510905229781192,15564,15543,1009,517,3,21/07/12,10000,1,0.8,4,128610,7730,8,0.5,false,false,false,0,0,0,0,0,0,0,110,0,0,0
wt050_121,50,2,57.413566992618144,56.990647,6.081167999999998,6.072480000000006,6.072482999999998,50.63066,0.27463800000000305,6.069891999999882,0.8699500000000029,0,41696,41696,0,41696,41696,744,744,0,21/07/12,10000,1,0.8,4,99294,0,8,0.5,false,false,false,0,0,0,0,0,0,0,110,0,0,0
wt050_096,50,2,80.90048648230731,79.176991,37.45380899999999,13.328885,5.731729999999999,41.478717,0.23489299999999957,13.315251000000302,4.3512030000000905,0,92822,92822,0.0002262906649688442,92822,92801,1258,595,5,21/07/12,10000,1,0.8,4,101216,6771,8,0.5,false,false,false,0,0,0,0,0,0,0,110,0,0,0
wt050_111,50,2,81.14763206522912,80.261708,13.905023999999997,9.248787000000021,7.409926999999996,65.93351799999999,0.4143020000000064,9.24133599999999,1.601350999999994,0,15564,15564,0.0013510905229781192,15564,15543,1084,663,2,21/07/12,10000,1,0.8,4,128610,7715,8,0.5,false,false,false,0,0,0,0,0,0,0,110,0,0,0
wt050_046,50,2,114.0742762517184,112.268833,73.224265,26.29394700000001,5.175933000000001,38.796698,0.24384299999999826,26.25941900000054,8.405191999999992,0,82105,82105,0.0002558354855970002,82105,82084,3617,600,4,21/07/12,10000,1,0.8,4,82358,7991,8,0.5,false,false,false,0,0,0,0,0,0,0,110,0,0,0
wt050_046,50,2,115.12416099198163,113.44120699999999,73.91790800000001,25.889936999999996,6.653769000000004,39.229222,0.28339799999999826,25.854734000000022,9.150462999999952,0,82105,82105,0.0002558354855970002,82105,82084,3061,611,4,21/07/12,10000,1,0.8,4,82358,8096,8,0.5,false,false,false,0,0,0,0,0,0,0,110,0,0,0
wt050_031,50,2,131.60278168413788,130.181486,87.81217799999999,62.816802,3.1092360000000028,42.074175,0.2867919999999984,62.62016300000015,49.673803000000014,0,5378,5378,0.01682737757291976,5378,5289,1873,346,7,21/07/12,10000,1,0.8,4,101260,41969,8,0.5,false,false,false,0,0,0,0,0,0,0,110,0,0,0
wt050_096,50,2,95.62863941024989,93.946466,44.805329,16.38224199999997,7.56465,48.805118,0.3279530000000008,16.36847900000017,5.514532999999936,0,92822,92822,0.0002262906649688442,92822,92801,1230,530,5,21/07/12,10000,1,0.8,4,101216,7148,8,0.5,false,false,false,0,0,0,0,0,0,0,110,0,0,0
wt040_061,40,2,195.53936083428562,191.826439,157.78189700000001,75.43682300000027,1.8401229999999984,33.90953,0.130668,75.26569299999952,44.25918099999989,0,11488,11488,0.016457264199570228,11488,11302,8546,338,18,21/07/12,10000,1,0.8,4,69558,19494,8,0.5,false,false,false,0,0,0,0,0,0,0,110,0,0,0
wt050_041,50,2,134.8314081467688,132.834942,89.904158,32.9400350000001,5.0940610000000035,42.610806000000004,0.3119179999999986,32.89846599999958,16.605866999999662,0,38058,38058,0.0027930016862670478,38058,37952,2584,524,5,21/07/12,10000,1,0.8,4,100086,16462,8,0.5,false,false,false,0,0,0,0,0,0,0,110,0,0,0
wt040_061,40,2,208.0264566252008,204.07287,172.455116,91.15533399999984,2.103777000000001,31.474487,0.1377050000000004,90.9332849999998,54.49403600000039,0,11488,11488,0.016457264199570228,11488,11302,11677,360,26,21/07/12,10000,1,0.8,4,69558,19529,8,0.5,false,false,false,0,0,0,0,0,0,0,110,0,0,0
wt050_061,50,2,135.24096846114844,133.595978,77.152892,43.085573999999916,6.152962000000002,56.085907999999996,0.3531280000000052,42.99733300000029,25.665612999999773,0,13682,13682,0.007362685907277081,13682,13582,3156,472,5,21/07/12,10000,1,0.8,4,120976,26900,8,0.5,false,false,false,0,0,0,0,0,0,0,110,0,0,0
wt050_061,50,2,136.55430691689253,134.268765,71.138939,39.563759000000296,4.201572999999996,62.804357,0.3132829999999984,39.473469999999416,23.64811100000027,0,13682,13682,0.007362685907277081,13682,13582,3238,402,5,21/07/12,10000,1,0.8,4,120976,26358,8,0.5,false,false,false,0,0,0,0,0,0,0,110,0,0,0
wt050_061,50,4,286.857544247061,281.035213,211.892106,110.88149399999905,2.3148689999999874,68.953213,0.18609100000000467,110.50866300000438,60.43248999999973,0,7898,7898,0.0061146496807497255,7898,7850,9143,278,41,21/07/12,10000,1,0.8,4,64786,12518,8,0.5,false,false,false,0,0,0,0,0,0,0,110,0,0,0
wt050_041,50,2,156.77315508387983,154.53015000000002,104.389633,39.37310300000007,4.972268,49.816844,0.3157110000000003,39.31938700000072,19.42940900000032,0,38058,38058,0.0027930016862670478,38058,37952,3555,521,6,21/07/12,10000,1,0.8,4,100086,16734,8,0.5,false,false,false,0,0,0,0,0,0,0,110,0,0,0
wt050_061,50,4,288.93429471272975,282.743307,209.02789199999998,106.51866500000033,3.9958620000000025,73.541472,0.16645400000000166,106.17865300000128,56.65733300000177,0,7898,7898,0.0061146496807497255,7898,7850,8417,263,37,21/07/12,10000,1,0.8,4,64786,12537,8,0.5,false,false,false,0,0,0,0,0,0,0,110,0,0,0
wt050_091,50,2,165.65486226882786,162.150281,123.37053100000001,40.30964299999993,4.798029999999997,38.524089,0.2516239999999996,40.256713000000595,18.21947899999944,0,47349,47349,0.0011841075846069375,47349,47293,3846,475,10,21/07/12,10000,1,0.8,4,116176,14362,8,0.5,false,false,false,0,0,0,0,0,0,0,110,0,0,0
wt050_091,50,2,221.67447968758643,217.153906,164.32440400000002,51.96849499999958,4.699409000000003,52.560784,0.2629710000000003,51.897127999999334,23.9316220000005,0,47349,47349,0.0011841075846069375,47349,47293,6023,524,14,21/07/12,10000,1,0.8,4,116176,14329,8,0.5,false,false,false,0,0,0,0,0,0,0,110,0,0,0
wt050_016,50,2,276.74367722310126,271.800759,228.01378699999998,72.64435300000004,3.8137469999999993,43.576473,0.20240799999999837,72.47730000000102,31.906391000000355,0,46072,46072,0.0013257699245544376,46072,46011,8638,501,20,21/07/12,10000,1,0.8,4,76522,12463,8,0.5,false,false,false,0,0,0,0,0,0,0,110,0,0,0
wt050_016,50,2,312.6464103953913,307.355014,264.086189,77.88834599999961,3.556752000000003,43.037127999999996,0.22751699999999886,77.712264000002,35.72823600000164,0,46072,46072,0.0013257699245544376,46072,46011,9619,479,22,21/07/12,10000,1,0.8,4,76522,12346,8,0.5,false,false,false,0,0,0,0,0,0,0,110,0,0,0
wt040_066,40,2,368.07994934823364,358.415265,328.01660100000004,128.28753100000026,3.1241939999999992,30.199762,0.19471400000000116,128.09420399999792,73.47528800000003,0,35279,35279,0.004241389125982311,35279,35130,13731,364,35,21/07/12,10000,1,0.8,4,68952,15944,8,0.5,false,false,false,0,0,0,0,0,0,0,110,0,0,0
wt050_116,50,2,267.3153972886503,262.22965000000005,191.39272999999997,69.49801300000019,5.699292999999997,70.493899,0.3349580000000003,69.36113499999844,30.67816599999844,0,19608,19608,0.0045081967210805225,19608,19520,10005,495,19,21/07/12,10000,1,0.8,4,99486,16729,8,0.5,false,false,false,0,0,0,0,0,0,0,110,0,0,0
wt050_116,50,2,260.2974073830992,255.549001,195.615591,77.10451199999966,4.459305999999998,59.693678999999996,0.2312909999999988,76.9425369999997,34.75955800000008,0,19608,19608,0.0045081967210805225,19608,19520,12890,497,25,21/07/12,10000,1,0.8,4,99486,16783,8,0.5,false,false,false,0,0,0,0,0,0,0,110,0,0,0
wt040_066,40,2,389.49680681712925,379.063824,353.178451,144.28711199999904,2.2070700000000016,25.753867,0.12735800000000097,144.06405399999812,83.82026399999812,0,35279,35279,0.004241389125982311,35279,35130,15679,370,35,21/07/12,10000,1,0.8,4,68952,16041,8,0.5,false,false,false,0,0,0,0,0,0,0,110,0,0,0
wt050_086,50,2,476.047793995589,464.217522,411.243135,141.73389699999979,6.153515000000006,52.750676,0.21981699999999904,141.40194199999488,62.85666200000236,0,12557,12557,0.02372218146052644,12558,12267,22169,547,44,21/07/12,10000,1,0.8,4,113546,30394,8,0.5,false,false,false,0,0,0,0,0,0,0,110,0,0,0
wt050_086,50,2,485.7424370571971,474.866333,418.842518,144.79950499999927,5.259887999999997,55.811407,0.2082720000000009,144.4666090000018,68.47792399999909,0,12557,12557,0.0236406619366071,12557,12267,21934,535,38,21/07/12,10000,1,0.8,4,113546,30120,8,0.5,false,false,false,0,0,0,0,0,0,0,110,0,0,0
wt100_051,100,4,1.2429565964266658,1.143004,0.1595169999999999,0.13685599999999998,0.13685800000000004,0.005241000000000003,0.93476,0.13680799999999993,0.129818,0,0,0,0,0,0,1,1,0,21/07/12,10000,1,0.8,4,211884,0,8,0.5,false,false,false,0,0,0,0,0,0,0,110,0,0,0
wt100_051,100,4,1.2445671427994967,1.1205299999999998,0.16187699999999994,0.13785500000000006,0.13785900000000006,0.005726000000000002,0.9084359999999999,0.13778800000000002,0.1280469999999999,0,0,0,0,0,0,1,1,0,21/07/12,10000,1,0.8,4,211884,0,8,0.5,false,false,false,0,0,0,0,0,0,0,110,0,0,0
wt100_076,100,4,1.220390360802412,1.1117180000000002,0.15910099999999994,0.14091299999999995,0.140915,0.005521999999999999,0.906756,0.14087000000000016,0.131077,0,0,0,0,0,0,1,1,0,21/07/12,10000,1,0.8,4,215486,0,8,0.5,false,false,false,0,0,0,0,0,0,0,110,0,0,0
wt100_076,100,4,1.2252367483451962,1.1017649999999999,0.1590870000000001,0.141625,0.14162700000000017,0.005586000000000001,0.8990940000000001,0.14155399999999996,0.13002999999999998,0,0,0,0,0,0,1,1,0,21/07/12,10000,1,0.8,4,215486,0,8,0.5,false,false,false,0,0,0,0,0,0,0,110,0,0,0
wt100_026,100,4,109.41839915513992,109.099975,8.237507000000008,8.210884000000007,8.210887999999997,99.985528,0.8091270000000037,8.208990000000114,1.2839150000000075,0,141,141,0,141,141,421,421,0,21/07/12,10000,1,0.8,4,223354,0,8,0.5,false,false,false,0,0,0,0,0,0,0,110,0,0,0
wt100_101,100,4,1.2859590025618672,1.187238,0.28731799999999996,0.256996,0.256999,0.005167999999999999,0.858486,0.2569269999999999,0.23381799999999997,0,0,0,0,0,0,1,1,0,21/07/12,10000,1,0.8,4,220034,0,8,0.5,false,false,false,0,0,0,0,0,0,0,110,0,0,0
wt100_101,100,4,1.237498433329165,1.136469,0.2110660000000001,0.19047599999999987,0.19047999999999998,0.004833000000000004,0.8886559999999999,0.19040100000000004,0.17064800000000002,0,0,0,0,0,0,1,1,0,21/07/12,10000,1,0.8,4,220034,0,8,0.5,false,false,false,0,0,0,0,0,0,0,110,0,0,0
wt100_106,100,4,1.3950059618800879,1.313795,0.17651100000000008,0.15266500000000005,0.1526669999999999,0.005273999999999994,1.091172,0.1525869999999998,0.13828299999999993,0,0,0,0,0,0,1,1,0,21/07/12,10000,1,0.8,4,251442,0,8,0.5,false,false,false,0,0,0,0,0,0,0,110,0,0,0
wt100_106,100,4,1.160905783995986,1.074053,0.16949599999999998,0.145447,0.1454510000000001,0.005393000000000002,0.859787,0.1453700000000001,0.134154,0,0,0,0,0,0,1,1,0,21/07/12,10000,1,0.8,4,251442,0,8,0.5,false,false,false,0,0,0,0,0,0,0,110,0,0,0
wt100_001,100,4,146.25136537943035,145.33072199999998,37.91865600000001,20.770972000000086,5.7571339999999935,106.79180000000001,0.5604720000000043,20.623524999999674,8.977971999999937,0,2001,2001,0.005527638188177066,2001,1990,708,393,3,21/07/12,10000,1,0.8,4,192376,109740,8,0.5,false,false,false,0,0,0,0,0,0,0,110,0,0,0
wt100_026,100,4,146.63705663662404,146.243707,7.63448600000001,7.606581000000006,7.6065830000000005,137.698187,0.8341219999999794,7.60467400000033,1.2249099999999942,0,141,141,0,141,141,378,378,0,21/07/12,10000,1,0.8,4,223354,0,8,0.5,false,false,false,0,0,0,0,0,0,0,110,0,0,0
wt100_001,100,4,153.61508864350617,152.59092099999998,41.706963,23.982843999999872,5.882403999999994,110.267612,0.5515259999999955,23.834220000000315,10.824835999999877,0,2001,2001,0.005527638188177066,2001,1990,835,413,3,21/07/12,10000,1,0.8,4,192376,111453,8,0.5,false,false,false,0,0,0,0,0,0,0,110,0,0,0
wt100_006,100,4,182.87432762701064,182.515455,10.802693000000005,10.778037000000012,10.778041000000002,171.076121,0.5704980000000148,10.775212999999667,1.771770000000032,0,16893,16893,0,16893,16893,631,631,0,21/07/12,10000,1,0.8,4,202332,0,8,0.5,false,false,false,0,0,0,0,0,0,0,110,0,0,0
wt100_006,100,4,218.11811380833387,217.496536,16.223275,16.192454999999995,16.192459000000014,200.431642,0.7819460000000049,16.18884300000005,2.466469999999987,0,16893,16893,0,16893,16893,664,664,0,21/07/12,10000,1,0.8,4,202332,0,8,0.5,false,false,false,0,0,0,0,0,0,0,110,0,0,0
wt100_056,100,4,327.22832086030394,325.789355,134.34599000000003,92.28475600000016,11.691995999999989,190.764062,0.6392529999999965,90.6658040000004,51.97227999999981,0,3076,3076,0.0182058920826859,3076,3021,2873,522,7,21/07/12,10000,1,0.8,4,228968,103076,8,0.5,false,false,false,0,0,0,0,0,0,0,110,0,0,0
wt100_021,100,4,358.02777574118227,356.705109,73.814144,43.23238300000014,28.796222999999998,281.986906,0.8542869999999994,43.217548000000534,6.250085000000354,0,237392,237392,1.2637485308870093e-05,237392,237389,1731,1146,1,21/07/12,10000,1,0.8,4,216244,9727,8,0.5,false,false,false,0,0,0,0,0,0,0,110,0,0,0
wt100_081,100,4,360.9472702946514,360.53340099999997,48.21395799999999,44.235232999999994,30.443660999999963,311.43688199999997,0.8396490000000085,44.1319019999998,7.677722000000074,0,819,819,0.08620689643739138,819,754,1471,1044,1,21/07/12,10000,1,0.8,4,225432,78709,8,0.5,false,false,false,0,0,0,0,0,0,0,110,0,0,0
wt100_081,100,4,363.3076837165281,362.715758,40.683514,34.764178999999785,20.498587999999984,321.36298,0.6270299999999907,34.598584000000585,9.666740000000061,0,819,819,0.08620689643739138,819,754,1417,844,3,21/07/12,10000,1,0.8,4,225432,79876,8,0.5,false,false,false,0,0,0,0,0,0,0,110,0,0,0
wt100_036,100,4,418.83573576807976,417.412222,64.82169700000003,34.63681800000012,13.807017999999971,351.726911,0.8009450000000129,34.579049999999086,13.755795000000091,0,30791,30791,0.0005849283462585731,30791,30773,1053,696,1,21/07/12,10000,1,0.8,4,223610,37312,8,0.5,false,false,false,0,0,0,0,0,0,0,110,0,0,0
wt100_046,100,4,475.80497601721436,473.256685,271.52516,85.63824400000104,24.34546499999999,201.069265,0.602091999999999,85.57299400000116,12.963881000000697,0,219536,219536,4.55526907972379e-05,219536,219526,3448,1017,4,21/07/12,10000,1,0.8,4,213482,14623,8,0.5,false,false,false,0,0,0,0,0,0,0,110,0,0,0
wt100_021,100,4,484.6260022819042,477.545621,235.02659300000002,88.40107899999862,33.69982700000003,241.670803,0.7959950000000049,88.18420200000025,9.716177000000783,0,237392,237392,1.684998041182679e-05,237393,237389,4390,1198,15,21/07/12,10000,1,0.8,4,216244,9909,8,0.5,false,false,false,0,0,0,0,0,0,0,110,0,0,0
wt100_036,100,4,496.62926113419235,494.600582,141.65904,72.35526800000008,24.59681599999999,352.007806,0.8604510000000118,72.24409899999921,28.297226999998543,0,30791,30791,0.0005849283462585731,30791,30773,1439,871,2,21/07/12,10000,1,0.8,4,223610,38672,8,0.5,false,false,false,0,0,0,0,0,0,0,110,0,0,0
wt100_056,100,4,535.5883298972622,533.286736,309.9131090000001,193.87783399999972,14.910434999999978,222.49009199999998,0.8372200000000021,189.7884950000005,119.48322100000078,0,3076,3076,0.0182058920826859,3076,3021,3708,546,11,21/07/12,10000,1,0.8,4,228968,105279,8,0.5,false,false,false,0,0,0,0,0,0,0,110,0,0,0
wt100_001,100,2,312.95889149140567,310.178852,223.113543,149.6682349999999,16.569928000000004,86.032179,1.0042469999999923,148.0068940000009,88.57350399999987,0,3339,3339,0.007543753769600557,3339,3314,2999,549,5,21/07/12,10000,1,0.8,4,328070,192322,8,0.5,false,false,false,0,0,0,0,0,0,0,110,0,0,0
wt100_011,100,2,252.91835554409772,251.824849,24.879153000000002,24.853413000000018,24.853415000000012,225.89668700000001,1.0079869999999858,24.84778399999979,4.682018999999912,0,93894,93894,0,93894,93894,1134,1134,0,21/07/12,10000,1,0.8,4,332022,0,8,0.5,false,false,false,0,0,0,0,0,0,0,110,0,0,0
wt100_026,100,2,79.14885536301881,78.393051,12.076092000000003,12.041679000000002,12.041681999999994,65.051171,1.2305589999999995,12.039954999999964,1.5534619999999961,0,92,92,0,92,92,391,391,0,21/07/12,10000,1,0.8,4,408390,0,8,0.5,false,false,false,0,0,0,0,0,0,0,110,0,0,0
wt100_011,100,2,275.46573058515787,274.25385500000004,27.882124000000005,27.83312699999999,27.83313099999998,245.003561,1.3361610000000042,27.827696999999688,6.629885999999971,0,93894,93894,0,93894,93894,1033,1033,0,21/07/12,10000,1,0.8,4,332022,0,8,0.5,false,false,false,0,0,0,0,0,0,0,110,0,0,0
wt100_001,100,2,439.83866997621953,430.14523899999995,296.36467200000004,199.72006500000055,19.667631,132.36686,1.386320999999981,197.1177559999998,120.06114999999994,0,3339,3339,0.007543753769600557,3339,3314,3179,553,5,21/07/12,10000,1,0.8,4,328070,192341,8,0.5,false,false,false,0,0,0,0,0,0,0,110,0,0,0
wt100_026,100,2,111.33504646643996,110.319316,16.39840500000001,16.349646000000007,16.349649999999997,92.232761,1.6559500000000043,16.34745100000002,2.911671999999996,0,92,92,0,92,92,429,429,0,21/07/12,10000,1,0.8,4,408390,0,8,0.5,false,false,false,0,0,0,0,0,0,0,110,0,0,0
wt100_031,100,2,184.0621986957267,181.763006,67.717832,49.566058999999996,20.62060600000001,112.760152,1.2533239999999921,49.34103300000031,22.751192000000245,0,12729,12729,0.000314341846733647,12729,12725,1153,680,1,21/07/12,10000,1,0.8,4,408630,168433,8,0.5,false,false,false,0,0,0,0,0,0,0,110,0,0,0
wt100_031,100,2,252.51059506926686,249.59455599999998,62.831553000000014,39.57969900000006,27.174687000000006,185.096281,1.6239530000000002,39.46150299999991,11.258663999999982,0,12729,12729,0.000314341846733647,12729,12725,940,724,1,21/07/12,10000,1,0.8,4,408630,164434,8,0.5,false,false,false,0,0,0,0,0,0,0,110,0,0,0
wt100_046,100,4,1069.8651910107583,1056.115947,890.8154020000001,250.41853799999768,29.734353,164.685377,0.5745490000000189,249.83199900000554,44.89729800000151,0,219536,219536,5.010795987696169e-05,219537,219526,9253,996,33,21/07/12,10000,1,0.8,4,213482,16229,8,0.5,false,false,false,0,0,0,0,0,0,0,110,0,0,0
wt100_031,100,4,1161.7880256501958,1151.902475,1017.7323569999999,631.9187400000004,8.298149999999993,133.492616,0.6155569999999955,623.5360109999933,458.95752299999697,0,7130,7130,0.007062146891657888,7130,7080,8102,473,23,21/07/12,10000,1,0.8,4,219304,95754,8,0.5,false,false,false,0,0,0,0,0,0,0,110,0,0,0
wt100_031,100,4,1386.8688883176073,1375.074232,1173.0447239999999,714.0993590000028,12.316068999999999,201.168417,0.794509000000005,704.897506000016,515.6704980000006,0,7130,7130,0.007062146891657888,7130,7080,8308,535,27,21/07/12,10000,1,0.8,4,219304,95436,8,0.5,false,false,false,0,0,0,0,0,0,0,110,0,0,0
wt100_096,100,4,1432.9214531313628,1419.792918,1074.021496,330.15957299999866,37.41771699999998,344.852976,0.8863939999999957,329.34739000000786,74.79697400001231,0,133587,133587,0.00014224644570945603,133590,133571,24286,995,42,21/07/12,10000,1,0.8,4,208532,17824,8,0.5,false,false,false,0,0,0,0,0,0,0,110,0,0,0
wt100_051,100,2,1.7040207674726844,1.511422,0.23922399999999988,0.20856600000000003,0.20856999999999992,0.0031870000000000023,1.240568,0.20851200000000003,0.1837089999999999,0,0,0,0,0,0,1,1,0,21/07/12,10000,1,0.8,4,397520,0,8,0.5,false,false,false,0,0,0,0,0,0,0,110,0,0,0
wt100_051,100,2,1.5523378318175673,1.4168040000000002,0.2306600000000001,0.19694800000000012,0.19694999999999996,0.003129,1.150787,0.19689100000000015,0.1748289999999999,0,0,0,0,0,0,1,1,0,21/07/12,10000,1,0.8,4,397520,0,8,0.5,false,false,false,0,0,0,0,0,0,0,110,0,0,0
wt100_041,100,4,1618.8381258957088,1607.943289,1306.978086,363.4212939999915,20.723028,300.131888,0.7785390000000234,362.97521199999505,111.15683200001354,0,126185,126185,0.0004360580353568853,126185,126130,10125,690,22,21/07/12,10000,1,0.8,4,258358,29732,8,0.5,false,false,false,0,0,0,0,0,0,0,110,0,0,0
wt100_056,100,2,276.8214267771691,274.5075,131.074842,81.55289300000032,21.63755599999999,142.16786,1.228494000000012,81.01797500000134,33.70572799999968,0,5047,5047,0.012843668470230048,5047,4983,2309,683,4,21/07/12,10000,1,0.8,4,443922,207894,8,0.5,false,false,false,0,0,0,0,0,0,0,110,0,0,0
wt100_006,100,2,1432.5189035590738,1418.840199,1222.723418,576.8859560000004,30.16924499999999,194.72415900000001,1.3568279999999788,571.788386999999,323.1656820000016,0,30665,30665,0.0006852891267234928,30665,30644,9784,840,13,21/07/12,10000,1,0.8,4,365770,132429,8,0.5,false,false,false,0,0,0,0,0,0,0,110,0,0,0
wt100_016,100,2,1478.0534249460325,1470.192251,1166.118909,295.5898559999953,44.97841299999999,302.695224,1.338325999999995,295.207267999994,70.18977800000152,0,209100,209100,0.0002056855307394362,209100,209057,16470,1414,8,21/07/12,10000,1,0.8,4,350432,28800,8,0.5,false,false,false,0,0,0,0,0,0,0,110,0,0,0
wt100_056,100,2,476.9376710075885,473.141728,281.72493,145.37929499999996,29.70903199999998,189.705464,1.6749070000000188,144.34847799999903,75.68133100000048,0,5047,5047,0.012843668470230048,5047,4983,2401,682,6,21/07/12,10000,1,0.8,4,443922,207784,8,0.5,false,false,false,0,0,0,0,0,0,0,110,0,0,0
wt100_016,100,2,1783.7666540052742,1772.5713400000002,1499.7211980000002,354.03896299999525,46.894221000000016,271.41842899999995,1.3952509999999734,353.52587799999384,78.92373299999525,0,209100,209100,0.0002056855307394362,209100,209057,19508,1422,11,21/07/12,10000,1,0.8,4,350432,28881,8,0.5,false,false,false,0,0,0,0,0,0,0,110,0,0,0
wt100_021,100,2,1757.1104046450928,1747.9362090000002,1566.832698,355.0415280000037,40.227462,180.08203400000002,1.0002090000000123,354.7743020000017,47.87480400000092,0,457836,457836,4.8054450060399956e-05,457836,457814,16402,1873,10,21/07/12,10000,1,0.8,4,297938,24595,8,0.5,false,false,false,0,0,0,0,0,0,0,110,0,0,0
wt100_096,100,4,2678.4827437009662,2651.205553,2428.13028,691.4123229999824,25.097643000000005,222.434783,0.5806240000000003,689.3928450000376,155.17333599998307,0,133587,133587,0.00015721975578413563,133592,133571,46637,1128,72,21/07/12,10000,1,0.8,4,208532,18579,8,0.5,false,false,false,0,0,0,0,0,0,0,110,0,0,0
wt100_076,100,2,1.6013004574924707,1.44699,0.23861399999999988,0.21138900000000005,0.21139300000000016,0.003151000000000001,1.180827,0.21133899999999994,0.19056699999999993,0,0,0,0,0,0,1,1,0,21/07/12,10000,1,0.8,4,411188,0,8,0.5,false,false,false,0,0,0,0,0,0,0,110,0,0,0
wt100_076,100,2,1.6051562381908298,1.412069,0.23567599999999977,0.20648,0.20648200000000005,0.0025280000000000025,1.1434309999999999,0.20643199999999995,0.18416999999999972,0,0,0,0,0,0,1,1,0,21/07/12,10000,1,0.8,4,411188,0,8,0.5,false,false,false,0,0,0,0,0,0,0,110,0,0,0
wt100_071,100,2,465.87645473890007,463.344603,316.918531,97.69279800000004,61.945751,145.237775,1.150383000000005,97.64670300000014,14.996561999999386,0,327305,327305,1.5276504735669795e-05,327305,327300,3939,1937,2,21/07/12,10000,1,0.8,4,373954,8773,8,0.5,false,false,false,0,0,0,0,0,0,0,110,0,0,0
wt100_071,100,2,481.3806736608967,478.833364,219.99584800000002,85.74922999999961,68.58865000000003,257.150394,1.6492149999999697,85.72086999999965,12.81921299999999,0,327305,327305,1.5276504735669795e-05,327305,327300,2650,1905,2,21/07/12,10000,1,0.8,4,373954,8107,8,0.5,false,false,false,0,0,0,0,0,0,0,110,0,0,0
wt100_021,100,2,2395.815912671387,2387.109465,2226.6102690000002,376.9785449999994,38.98756,159.423426,1.0421850000000177,376.6815950000123,53.88959099999789,0,457836,457836,5.023874324496359e-05,457837,457814,25788,1759,14,21/07/12,10000,1,0.8,4,297938,25503,8,0.5,false,false,false,0,0,0,0,0,0,0,110,0,0,0
wt100_081,100,2,456.8721918957308,454.79830599999997,209.33786,158.4138309999999,72.39833199999998,243.766023,1.6587130000000059,157.54873800000053,38.69810599999994,0,908,908,0.14791403268278883,908,791,3935,1523,5,21/07/12,10000,1,0.8,4,438794,164864,8,0.5,false,false,false,0,0,0,0,0,0,0,110,0,0,0
wt100_081,100,2,448.0993455853313,446.210946,256.042489,184.52262999999982,55.596115999999995,188.823893,1.305560999999983,183.11490800000155,55.8670230000001,0,908,908,0.14791403268278883,908,791,5228,1352,8,21/07/12,10000,1,0.8,4,438794,165501,8,0.5,false,false,false,0,0,0,0,0,0,0,110,0,0,0
wt100_036,100,2,2344.947435170412,2331.896388,2051.045884,707.8598139999948,42.27751599999999,279.256954,1.553387999999984,704.7204569999906,393.97067399999366,0,56671,56671,0.0017145685296829892,56671,56574,15383,1056,17,21/07/12,10000,1,0.8,4,411536,88234,8,0.5,false,false,false,0,0,0,0,0,0,0,110,0,0,0
wt100_121,100,4,3176.651722582057,3149.4703400000003,2667.074077,745.6713539999996,34.18508600000001,481.378112,0.9785700000000475,743.9490420000102,168.62023500000925,0,127618,127618,0.00020377293425028197,127619,127593,30859,1018,60,21/07/12,10000,1,0.8,4,232006,18285,8,0.5,false,false,false,0,0,0,0,0,0,0,110,0,0,0
wt100_036,100,2,2552.1529970820993,2541.489433,2308.992841,829.474162999999,30.018489999999986,231.29043099999998,1.1674519999999973,824.7227339999998,465.6040120000043,0,56671,56671,0.0017145685296829892,56671,56574,16979,1023,16,21/07/12,10000,1,0.8,4,411536,90299,8,0.5,false,false,false,0,0,0,0,0,0,0,110,0,0,0
wt100_101,100,2,2.406257973983884,2.181951,0.5388730000000002,0.46156200000000003,0.4615659999999999,0.004417000000000004,1.6067770000000001,0.46148999999999996,0.4319099999999998,0,0,0,0,0,0,1,1,0,21/07/12,10000,1,0.8,4,423494,0,8,0.5,false,false,false,0,0,0,0,0,0,0,110,0,0,0
wt100_101,100,2,3.1248359018936753,2.584497,0.39928300000000005,0.34894800000000004,0.34895299999999985,0.004743999999999998,2.1500079999999997,0.3487879999999999,0.3151280000000001,0,0,0,0,0,0,1,1,0,21/07/12,10000,1,0.8,4,423494,0,8,0.5,false,false,false,0,0,0,0,0,0,0,110,0,0,0
wt100_106,100,2,2.4956406699493527,2.308032,0.3714550000000001,0.32707200000000025,0.32707700000000006,0.004691000000000001,1.8841459999999999,0.32693799999999973,0.29852000000000034,0,0,0,0,0,0,1,1,0,21/07/12,10000,1,0.8,4,490550,0,8,0.5,false,false,false,0,0,0,0,0,0,0,110,0,0,0
wt100_106,100,2,2.5051980763673782,2.327538,0.4011790000000002,0.3528739999999999,0.3528789999999997,0.004498000000000002,1.886301,0.3527800000000001,0.31871899999999975,0,0,0,0,0,0,1,1,0,21/07/12,10000,1,0.8,4,490550,0,8,0.5,false,false,false,0,0,0,0,0,0,0,110,0,0,0
wt100_066,100,4,3615.428512171842,3573.5580320000004,3202.9730999999997,962.6390730000255,24.768286999999987,369.732867,0.8175530000000322,959.2613619999815,273.64094400005087,0,67967,67967,0.00038265118400543585,67973,67947,39896,840,119,21/07/12,10000,1,0.8,4,209252,19243,8,0.5,false,false,false,0,0,0,0,0,0,0,110,0,0,0
wt100_091,100,4,3647.6599264489487,3614.320933,3367.936657,878.7767890000126,21.68516299999999,245.647064,0.6968109999999967,876.8462510000688,216.86061799997051,0,70606,70606,0.0004250375449771183,70612,70582,35852,919,74,21/07/12,10000,1,0.8,4,232186,19282,8,0.5,false,false,false,0,0,0,0,0,0,0,110,0,0,0
wt100_006,100,2,4113.909574188292,4084.4462630000003,3931.615094,2168.3754750000107,25.143652000000003,151.651726,1.1446569999999952,2143.384420999995,1306.3286060000087,0,30665,30665,0.0006852891267234928,30665,30644,40383,815,45,21/07/12,10000,1,0.8,4,365770,132900,8,0.5,false,false,false,0,0,0,0,0,0,0,110,0,0,0
wt100_016,100,4,4593.542732312344,4567.827355,4150.317142999999,1387.3102230000159,10.742011999999988,416.864409,0.5782320000000141,1383.095594000008,734.5564239999901,0,110219,110219,0.0010626316936617867,110221,110104,34870,713,57,21/07/12,10000,1,0.8,4,208872,40875,8,0.5,false,false,false,0,0,0,0,0,0,0,110,0,0,0
wt100_041,100,4,5062.0292341560125,5032.704567,4610.4400559999995,1256.1131079999884,27.853181000000006,421.25488700000005,0.9535209999999665,1253.546450000032,378.02933200001075,0,126185,126185,0.0006263379053307989,126209,126130,45218,873,51,21/07/13,10000,1,0.8,4,258358,36088,8,0.5,false,false,false,0,0,0,0,0,0,0,110,0,0,0
wt100_091,100,4,5241.000043803826,5200.3546639999995,4838.8851,1237.2347819999866,37.844223,360.381082,1.0234200000000442,1234.329279000065,326.49508200002646,0,70606,70606,0.00046754129947483016,70615,70582,52647,983,96,21/07/13,10000,1,0.8,4,232186,20540,8,0.5,false,false,false,0,0,0,0,0,0,0,110,0,0,0
wt100_016,100,4,5403.587637660094,5372.2540420000005,4919.684147,1633.8222220000457,20.854448000000048,451.71479800000003,0.7937729999999874,1629.017108000001,852.9419019999683,0,110219,110219,0.0010898786601659352,110224,110104,43269,836,48,21/07/13,10000,1,0.8,4,208872,41257,8,0.5,false,false,false,0,0,0,0,0,0,0,110,0,0,0
wt100_046,100,2,5199.0177200501785,5176.62684,5015.932331,952.6277530000023,51.512664,159.246668,1.4151659999999993,951.5049170000634,209.7650210000095,0,422831,422831,6.385937692154317e-05,422831,422804,41848,1612,25,21/07/13,10000,1,0.8,4,339138,28818,8,0.5,false,false,false,0,0,0,0,0,0,0,110,0,0,0
wt100_046,100,2,5346.2993859304115,5322.0805789999995,5041.190506,839.6777219999885,54.28132300000004,279.263887,1.5896829999999795,838.7362009999742,177.3919819999938,0,422831,422831,6.622453902974847e-05,422832,422804,47605,1489,35,21/07/13,10000,1,0.8,4,339138,29147,8,0.5,false,false,false,0,0,0,0,0,0,0,110,0,0,0
wt100_071,100,4,7434.6461164923385,7377.441938,7160.790075,1761.598373000001,34.73762900000003,215.92098000000001,0.6893620000000169,1758.1658410001655,402.4641469999483,0.00011132268932115821,170675,170694,0.00012304158805604226,170695,170674,70736,1109,104,21/07/13,10000,1,0.8,4,220424,20956,8,0.5,false,false,false,0,0,0,0,0,0,0,110,0,0,0
wt100_071,100,4,7491.220795926638,7441.5674579999995,7221.851863,1818.8270339999754,33.11468099999999,218.849688,0.8240349999999808,1815.21585000003,442.4348119999576,0.00011718177823279811,170675,170695,0.00014647808101909794,170699,170674,74694,975,103,21/07/13,10000,1,0.8,4,220424,23081,8,0.5,false,false,false,0,0,0,0,0,0,0,110,0,0,0
wt100_011,100,4,7508.030713784508,7375.770907,7082.594489,2433.7120920000057,10.208765999999969,292.512075,0.6054940000000215,2389.4316210001093,1024.7855709999285,0.00029870362625607455,50217,50232,0.0008765638696135834,50240,50196,113025,698,366,21/07/13,10000,1,0.8,4,198726,46610,8,0.5,false,false,false,0,0,0,0,0,0,0,110,0,0,0
wt100_061,100,4,7521.275583360344,7441.899866,7157.372837,2234.78478600002,16.913573999999983,283.84824,0.6365520000000515,2204.356982000135,846.0403629999958,0.0015307150049735864,24825,24863,0.0028220116910775243,24875,24805,135319,708,417,21/07/13,10000,1,0.8,4,224114,34573,8,0.5,false,false,false,0,0,0,0,0,0,0,110,0,0,0
wt100_066,100,4,7530.364186107181,7483.024525,7170.3493530000005,1895.5616279999902,33.39643799999999,311.895357,0.7349579999999492,1889.847186000053,641.4622539999532,0.0009565434932827611,67953,68018,0.0010449320793994596,68018,67947,50556,1009,66,21/07/13,10000,1,0.8,4,209252,34439,8,0.5,false,false,false,0,0,0,0,0,0,0,110,0,0,0
wt100_011,100,4,7531.628115707077,7391.567436,7061.911727,2396.2997069999906,12.947075999999981,328.840071,0.7476320000000101,2344.6693890001693,991.9395860000047,0.00035845148955794065,50216,50234,0.0008765638696135834,50240,50196,101050,710,393,21/07/13,10000,1,0.8,4,198726,46895,8,0.5,false,false,false,0,0,0,0,0,0,0,110,0,0,0
wt100_061,100,4,7600.9164626849815,7501.9017109999995,7108.933787,2266.553205000049,11.31622299999998,392.26833799999997,0.6176619999999957,2229.1286290000153,863.5332240000347,0.0015307150049735864,24825,24863,0.0028220116910775243,24875,24805,134520,742,415,21/07/13,10000,1,0.8,4,224114,34713,8,0.5,false,false,false,0,0,0,0,0,0,0,110,0,0,0
wt100_121,100,4,7509.905994979665,7446.520568999999,7153.854781999999,2014.6478719999982,34.03173400000003,291.633664,1.0000820000000203,2009.8199229999145,491.35513999989746,0.00018808482625516776,127602,127626,0.00028998456027924744,127630,127593,82856,942,131,21/07/13,10000,1,0.8,4,232006,22696,8,0.5,false,false,false,0,0,0,0,0,0,0,110,0,0,0
wt100_116,100,4,7575.361159643158,7527.042322,7183.418382999999,1830.576992000003,41.53998100000001,342.51151200000004,1.0804640000000063,1825.245862000066,525.0655469999367,0.0005319306126015158,101517,101571,0.0005614989065492297,101571,101514,50825,1004,86,21/07/13,10000,1,0.8,4,240108,29208,8,0.5,false,false,false,0,0,0,0,0,0,0,110,0,0,0
wt100_086,100,4,7777.2161607239395,7735.570659,7213.161002000001,2136.0539809999605,41.709239000000025,521.439602,0.9296979999999166,2128.2677370000374,911.6104319999298,0.0025420138397334643,21243,21297,0.004810866899122212,21304,21202,74250,965,96,21/07/13,10000,1,0.8,4,255520,38291,8,0.5,false,false,false,0,0,0,0,0,0,0,110,0,0,0
wt100_111,100,4,7704.620628208853,7663.693498,7166.309,1747.5576729999866,16.255000999999993,496.560306,0.7831229999999891,1742.4742219999455,673.1909730000835,0.0010073299326801978,46658,46705,0.0022095417881798194,46719,46616,56541,776,67,21/07/13,10000,1,0.8,4,268358,40349,8,0.5,false,false,false,0,0,0,0,0,0,0,110,0,0,0
wt100_116,100,4,7733.03574267216,7681.200347,7206.3072170000005,1878.3699260000194,33.642337999999995,473.810357,1.042209000000014,1873.4782350000974,459.94808999987856,0.0004038732429011508,101517,101558,0.0004334377524239668,101558,101514,57226,889,91,21/07/13,10000,1,0.8,4,240108,25238,8,0.5,false,false,false,0,0,0,0,0,0,0,110,0,0,0
wt100_086,100,4,8034.178136982955,7985.27094,7179.992447,2009.3958259999881,30.778042000000028,804.159752,1.0488990000000058,2001.6296530000993,812.2526730000136,0.0012231840420952585,21256,21282,0.00419771719629291,21291,21202,75623,636,136,21/07/13,10000,1,0.8,4,255520,35167,8,0.5,false,false,false,0,0,0,0,0,0,0,110,0,0,0
wt100_111,100,4,8042.086047078483,8003.0678769999995,7174.583014,1548.9734450000142,37.856340000000046,827.35487,1.089431999999988,1544.5098279999702,605.3546289999471,0.0009858973809210446,46658,46704,0.0021451862021163296,46716,46616,42315,955,57,21/07/13,10000,1,0.8,4,268358,39454,8,0.5,false,false,false,0,0,0,0,0,0,0,110,0,0,0
wt100_041,100,2,7562.41717526596,7528.788102,7268.797407,1210.0382230000316,63.32211100000001,258.01494,1.9374809999999911,1208.1401360000027,418.36119700003195,0.0005718418352735092,237828,237964,0.0008159145392571985,237964,237770,47679,1487,25,21/07/13,10000,1,0.8,4,457718,65065,8,0.5,false,false,false,0,0,0,0,0,0,0,110,0,0,0
wt100_041,100,2,7644.611924080178,7614.116158000001,7266.778031,1192.3133770000122,51.44690300000002,345.836641,1.46105399999999,1190.4139360000313,449.3926049999724,0.00024379376728521436,237906,237964,0.0008159145392571985,237964,237770,40421,1395,24,21/07/13,10000,1,0.8,4,457718,65140,8,0.5,false,false,false,0,0,0,0,0,0,0,110,0,0,0
wt100_061,100,2,7488.384416848421,7447.43361,7173.252382000001,1821.6274749999914,28.42501199999998,272.876356,1.265794000000028,1813.544076999925,837.0829589999587,0.0021991071624436675,45473,45573,0.003567417585968875,45573,45411,56982,1033,34,21/07/13,10000,1,0.8,4,425856,72363,8,0.5,false,false,false,0,0,0,0,0,0,0,110,0,0,0
wt100_061,100,2,7686.91819436755,7643.802681,7268.082351,1777.3045700000064,38.09956400000004,374.135496,1.549869000000001,1768.7787980000523,748.1983130001004,0.0025077542400293064,45459,45573,0.003567417585968875,45573,45411,68050,1108,45,21/07/13,10000,1,0.8,4,425856,71867,8,0.5,false,false,false,0,0,0,0,0,0,0,110,0,0,0
wt100_066,100,2,7550.74683030881,7513.95857,7247.613314,1462.0695659999733,25.633871,265.250542,1.0581770000000006,1456.9302359999037,564.969531000007,0.0008542208793661822,126431,126539,0.001067995728008639,126540,126405,64739,1120,36,21/07/13,10000,1,0.8,4,382082,59229,8,0.5,false,false,false,0,0,0,0,0,0,0,110,0,0,0
wt100_066,100,2,7612.437771641649,7576.092082,7244.153527,1433.7717499999874,36.446775,330.459717,1.4369499999999675,1429.6218060000065,469.78060900002555,0.0006564897571726925,126430,126513,0.0008781298208071031,126516,126405,71940,1126,45,21/07/13,10000,1,0.8,4,382082,53117,8,0.5,false,false,false,0,0,0,0,0,0,0,110,0,0,0
wt100_086,100,2,7612.951301132329,7525.434983,7116.185658,1882.9126250000256,65.71592599999997,407.416494,1.7922459999999774,1864.6865810000993,823.0189859999393,0.013173520395117967,36209,36686,0.013257471137014377,36686,36206,163328,1360,297,21/07/13,10000,1,0.8,4,492908,131104,8,0.5,false,false,false,0,0,0,0,0,0,0,110,0,0,0
wt100_086,100,2,7586.810665799305,7549.5081660000005,7303.871806,2127.2140229999777,62.37551100000002,244.226074,1.3699929999999938,2119.0473340000335,972.9425470000051,0.012530359902502473,36232,36686,0.013257471137014377,36686,36206,81873,1520,41,21/07/13,10000,1,0.8,4,492908,130927,8,0.5,false,false,false,0,0,0,0,0,0,0,110,0,0,0
wt100_091,100,2,7613.415415601805,7580.786515,7192.029735,1385.593891999989,59.68092899999999,386.98127600000004,1.738574999999969,1381.7742280000525,530.2016889999718,0.0009398279036372894,129811,129933,0.0026622835447521202,129933,129588,49098,1272,23,21/07/13,10000,1,0.8,4,422302,84649,8,0.5,false,false,false,0,0,0,0,0,0,0,110,0,0,0
wt100_091,100,2,7679.101451355964,7647.4612529999995,7174.217655,1350.6472450000165,54.48664499999995,471.328695,1.8779129999999782,1347.2353909999608,495.638814999978,0.0009784132755968444,129802,129929,0.002631416489160791,129929,129588,52557,1259,24,21/07/13,10000,1,0.8,4,422302,84290,8,0.5,false,false,false,0,0,0,0,0,0,0,110,0,0,0
wt100_096,100,2,7693.829442140646,7676.403055,7326.704202000001,869.8064650000151,46.16623500000003,348.495666,1.1755729999999858,868.1670590000671,220.4529949999819,0.00019280332093807548,254145,254194,0.00021248130951360478,254194,254140,42980,1539,23,21/07/13,10000,1,0.8,4,367624,35893,8,0.5,false,false,false,0,0,0,0,0,0,0,110,0,0,0
wt100_096,100,2,7929.1579527640715,7904.148798,7408.847515,1122.689046000009,64.84944799999994,493.670577,1.5945580000000064,1120.469440000013,279.7846050000267,0.00017706148755188074,254149,254194,0.00021248130951360478,254194,254140,62295,1532,33,21/07/13,10000,1,0.8,4,367624,35800,8,0.5,false,false,false,0,0,0,0,0,0,0,110,0,0,0
wt100_116,100,2,7718.422141819261,7686.694929,7209.333361,1216.2784599999823,93.47793299999995,475.43933899999996,1.8805450000000405,1213.332028000003,339.465975999981,0.00043431166833012756,191107,191190,0.0005494936808197948,191190,191085,64625,1500,39,21/07/13,10000,1,0.8,4,456936,51053,8,0.5,false,false,false,0,0,0,0,0,0,0,110,0,0,0
wt100_111,100,2,7831.361609335989,7797.983529,7251.414747,1299.8637979999958,83.64239499999996,544.583396,1.9444019999999682,1295.9205940000484,485.7085490000045,0.001963000416370674,84055,84220,0.00258324107469277,84220,84003,53064,1468,26,21/07/13,10000,1,0.8,4,524504,82028,8,0.5,false,false,false,0,0,0,0,0,0,0,110,0,0,0
wt100_111,100,2,7900.681844062172,7867.991997,7336.7340810000005,1356.2435539999692,54.217418000000066,529.755516,1.4613190000000031,1352.1713369999634,516.7967499999681,0.002034382249693244,84055,84226,0.0026546670951911877,84226,84003,62036,1376,30,21/07/13,10000,1,0.8,4,524504,83829,8,0.5,false,false,false,0,0,0,0,0,0,0,110,0,0,0
wt100_121,100,2,7593.857693667524,7561.4845,7173.136775999999,1155.3689229999663,77.841837,386.49707,1.8111599999999726,1152.9550709999949,291.551306000008,0.0002562438780433869,241957,242019,0.00026864610628355535,242019,241954,67337,1706,36,21/07/13,10000,1,0.8,4,418768,38106,8,0.5,false,false,false,0,0,0,0,0,0,0,110,0,0,0
wt100_116,100,2,7934.129391649738,7898.427254,7198.849955,1189.3144320000333,51.47475599999996,698.210038,1.3316290000000208,1186.104155999923,359.38253099992414,0.0005128017288717169,191107,191205,0.0006279927780797655,191205,191085,77643,1465,41,21/07/13,10000,1,0.8,4,456936,55071,8,0.5,false,false,false,0,0,0,0,0,0,0,110,0,0,0
wt100_121,100,2,7756.866101000458,7716.320731,7481.4865740000005,1006.0405139999856,49.44280499999999,233.506957,1.2860809999999958,1003.8245770000573,231.35425599998933,0.0002562438780433869,241957,242019,0.00026864610628355535,242019,241954,56259,1559,36,21/07/13,10000,1,0.8,4,418768,38622,8,0.5,false,false,false,0,0,0,0,0,0,0,110,0,0,0
